eval_id,architecture,synthesizer,user_input,context_id_recall,context_id_precision,faithfulness,answer_relevancy,context_precision,context_recall,factual_correctness,reference,response,retrieval_latency_ms,answer_latency_ms,reference_context_ids,retrieved_context_ids,faithfulness_error,overall_ragas
q0001,rag,single_hop_specific,"Người khiếu nại có quyền yêu cầu cá nhân, cơ quan, tổ chức có liên quan đang lưu giữ, quản lý thông tin, tài liệu liên quan tới nội dung khiếu nại cung cấp nội dung thông tin, tài liệu đó cho mình trong thời hạn bao lâu?",0.0,0.0,1.0,0.9554616685674037,0.249999999975,1.0,0.15,"Nghị Định Quy Định Về Giải Quyết Khiếu Nại, Tố Cáo Trong Lĩnh Vực Lao Động, Giáo Dục Nghề Nghiệp, Hoạt Động Đưa Người Lao Động Việt Nam Đi Làm Việc Ở Nước Ngoài Theo Hợp Đồng, Việc Làm, An Toàn, Vệ Sinh Lao Động (24/2018/NĐ-CP) > Chương II. KHIẾU NẠI VÀ GIẢI QUYẾT KHIẾU NẠI > Mục 2. QUYỀN, NGHĨA VỤ CỦA NGƯỜI KHIẾU NẠI, NGƯỜI BỊ KHIẾU NẠI, NGƯỜI GIẢI QUYẾT KHIẾU NẠI, LUẬT SƯ, TRỢ GIÚP VIÊN PHÁP LÝ VÀ NGƯỜI THAM GIA TRỢ GIÚP PHÁP LÝ > Điều 10. Quyền, nghĩa vụ của người khiếu nại > Khoản 1:
1. Người khiếu nại có quyền sau đây:
a) Tự mình khiếu nại hoặc ủy quyền cho người khác khiếu nại;
b) Tham gia đối thoại hoặc ủy quyền cho người đại diện hợp pháp tham gia đối thoại;
c) Được biết, đọc, sao chụp, sao chép tài liệu, chứng cứ do người giải quyết khiếu nại thu thập để giải quyết khiếu nại; trừ thông tin, tài liệu thuộc bí mật nhà nước hoặc bí mật của người bị khiếu nại theo quy định của pháp luật;
d) Yêu cầu cá nhân, cơ quan, tổ chức có liên quan đang lưu giữ, quản lý thông tin, tài liệu liên quan tới nội dung khiếu nại cung cấp nội dung thông tin, tài liệu đó cho mình trong thời hạn 05 ngày làm việc, kể từ ngày có yêu cầu và giao cho người giải quyết khiếu nại để giải quyết khiếu nại; trừ thông tin, tài liệu thuộc bí mật nhà nước hoặc bí mật của người bị khiếu nại theo quy định của pháp luật;
đ) Yêu cầu người giải quyết khiếu nại áp dụng biện pháp khẩn cấp để ngăn chặn hậu quả có thể xảy ra do việc thi hành quyết định, hành vi bị khiếu nại;
e) Đưa ra chứng cứ về việc khiếu nại và giải trình ý kiến của mình về chứng cứ đó;
g) Được khôi phục quyền, lợi ích hợp pháp đã bị xâm hại do việc thi hành quyết định, hành vi bị khiếu nại;
h) Được bồi thường thiệt hại theo quy định của pháp luật;
i) Rút khiếu nại theo quy định tại Điều 8 Nghị định này;
k) Khiếu nại lần hai;
l) Khởi kiện vụ án tại Tòa án theo quy định tại khoản 2 Điều này.","Người khiếu nại có quyền yêu cầu cá nhân, cơ quan, tổ chức có liên quan đang lưu giữ, quản lý thông tin, tài liệu liên quan tới nội dung khiếu nại cung cấp nội dung thông tin, tài liệu đó cho mình trong thời hạn 07 ngày, kể từ ngày có yêu cầu để giao nộp cho người giải quyết khiếu nại, trừ thông tin, tài liệu thuộc bí mật nhà nước [C1].

Tuy nhiên, trong lĩnh vực lao động, giáo dục nghề nghiệp, hoạt động đưa người lao động Việt Nam đi làm việc ở nước ngoài theo hợp đồng, việc làm, an toàn, vệ sinh lao động, thời hạn này là 05 ngày làm việc, kể từ ngày có yêu cầu [C4].",22.713711000051262,774.8370699998759,"[""chunk:nghi-ddinh-24-2018-ndd-cp:khoan-nghi-ddinh-24-2018-ndd-cp-10-1:clause:26259""]","[""chunk:luat-02-2011-qh13:diem-luat-02-2011-qh13-12-1-dd:point:5993"", ""chunk:luat-02-2011-qh13:diem-luat-02-2011-qh13-13-1-c:point:6010"", ""chunk:luat-02-2011-qh13:diem-luat-02-2011-qh13-15-1-a:point:6034"", ""chunk:nghi-ddinh-24-2018-ndd-cp:diem-nghi-ddinh-24-2018-ndd-cp-10-1-d:point:26263""]",,0.6710923337084808
q0002,rag,single_hop_specific,Giáo dục mẫu giáo phải tạo điều kiện cho trẻ em được làm gì?,1.0,0.25,1.0,0.9653125887451922,0.9166666666361111,1.0,0.24,"Luật Giáo Dục (43/2019/QH14) > Chương II. HỆ THỐNG GIÁO DỤC QUỐC DÂN > Mục 1. CÁC CẤP HỌC VÀ TRÌNH ĐỘ ĐÀO TẠO > Điều 24. Yêu cầu về nội dung, phương pháp giáo dục mầm non:
Điều 24. Yêu cầu về nội dung, phương pháp giáo dục mầm non
1. Nội dung giáo dục mầm non phải bảo đảm phù hợp với sự phát triển tâm sinh lý của trẻ em; hài hòa giữa bảo vệ, chăm sóc, nuôi dưỡng với giáo dục trẻ em; phát triển toàn diện về thể chất, tình cảm, kỹ năng xã hội, trí tuệ, thẩm mỹ; tôn trọng sự khác biệt; phù hợp với các độ tuổi và liên thông với giáo dục tiểu học.
2. Phương pháp giáo dục mầm non được quy định như sau:
a) Giáo dục nhà trẻ phải tạo điều kiện thuận lợi cho trẻ em được tích cực hoạt động, vui chơi, tạo sự gắn bó giữa người lớn với trẻ em; kích thích sự phát triển các giác quan, cảm xúc và các chức năng tâm sinh lý;
b) Giáo dục mẫu giáo phải tạo điều kiện cho trẻ em được vui chơi, trải nghiệm, tìm tòi, khám phá môi trường xung quanh bằng nhiều hình thức, đáp ứng nhu cầu, hứng thú của trẻ em.","Giáo dục mẫu giáo phải tạo điều kiện cho trẻ em được vui chơi, trải nghiệm, tìm tòi, khám phá môi trường xung quanh bằng nhiều hình thức, đáp ứng nhu cầu, hứng thú của trẻ em [C1], [C2].",16.04204499972184,774.8370699998759,"[""chunk:luat-43-2019-qh14:dieu-luat-43-2019-qh14-24:article:11711""]","[""chunk:luat-43-2019-qh14:diem-luat-43-2019-qh14-24-2-b:point:11715"", ""chunk:luat-43-2019-qh14:khoan-luat-43-2019-qh14-24-2:clause:11713"", ""chunk:luat-43-2019-qh14:diem-luat-43-2019-qh14-24-2-a:point:11714"", ""chunk:luat-43-2019-qh14:dieu-luat-43-2019-qh14-24:article:11711""]",,0.8243958510762607
q0003,rag,single_hop_specific,Thông tin đăng ký lao động theo Nghị định 318/2025/NĐ-CP gồm những nhóm thông tin nào?,1.0,0.25,1.0,0.9970119320528535,0.8333333332916666,1.0,0.91,"NGHỊ ĐỊNH Quy định chi tiết một số điều của Luật Việc làm về đăng ký lao động và hệ thống thông tin thị trường lao động (318/2025/NĐ-CP) > Chương II. ĐĂNG KÝ LAO ĐỘNG > Mục 1. HỒ SƠ, TRÌNH TỰ, THỦ TỤC ĐĂNG KÝ, ĐIỀU CHỈNH > Điều 4. Thông tin đăng ký lao động:
Điều 4. Thông tin đăng ký lao động
1. Thông tin cơ bản của người lao động, gồm: Họ, chữ đệm và tên khai sinh; số định danh cá nhân; ngày, tháng, năm sinh; giới tính; dân tộc; nơi ở hiện tại (nơi thường trú hoặc nơi tạm trú).
2. Nhóm thông tin về giáo dục phổ thông, giáo dục nghề nghiệp, giáo dục đại học, chứng chỉ kỹ năng nghề và các chứng chỉ khác, gồm:
a) Thông tin về trình độ giáo dục phổ thông cao nhất đạt được;
b) Thông tin về cấp trình độ, lĩnh vực đào tạo đạt được của giáo dục nghề nghiệp; giáo dục đại học;
c) Thông tin về chứng chỉ kỹ năng nghề quốc gia đã đạt được;
d) Các chứng chỉ khác.
3. Nhóm thông tin về tình trạng việc làm và nhu cầu về việc làm, gồm:
a) Thông tin về việc làm đang làm, gồm: chức vụ, chức danh nghề, nghề nghiệp, loại hợp đồng, địa điểm làm việc;
b) Thông tin về người sử dụng lao động, gồm: tên người sử dụng lao động; mã số; loại hình; địa chỉ trụ sở chính; ngành kinh tế;
c) Thông tin về tình trạng thất nghiệp, gồm: thời gian thất nghiệp; lý do thất nghiệp;
d) Thông tin về nhu cầu việc làm là những thông tin về việc làm mong muốn có được, gồm: nghề nghiệp, loại hợp đồng, mức lương và chế độ phúc lợi, nơi làm việc.
4. Nhóm thông tin về bảo hiểm xã hội, bảo hiểm thất nghiệp, gồm:
a) Thông tin về tình trạng tham gia đóng bảo hiểm xã hội, bảo hiểm thất nghiệp, gồm: mã số bảo hiểm xã hội, loại hình, loại bảo hiểm xã hội.
b) Thông tin về tình trạng hưởng chế độ bảo hiểm xã hội, bảo hiểm thất nghiệp, gồm: chế độ, thời gian hưởng chế độ.
5. Nhóm thông tin về đặc điểm, đặc thù, gồm:
a) Thông tin về người khuyết tật;
b) Thông tin về người thuộc hộ nghèo, hộ cận nghèo, hộ có đất thu hồi;
c) Thông tin về thân nhân của người có công với cách mạng;
d) Thông tin về người hoàn thành nghĩa vụ quân sự, nghĩa vụ tham gia công an nhân dân.","Theo Nghị định 318/2025/NĐ-CP, thông tin đăng ký lao động gồm các nhóm thông tin sau:
1.  Thông tin cơ bản của người lao động [C1], [C4].
2.  Nhóm thông tin về giáo dục phổ thông, giáo dục nghề nghiệp, giáo dục đại học, chứng chỉ kỹ năng nghề và các chứng chỉ khác [C1].
3.  Nhóm thông tin về tình trạng việc làm và nhu cầu về việc làm [C1], [C2].
4.  Nhóm thông tin về bảo hiểm xã hội, bảo hiểm thất nghiệp [C1].
5.  Nhóm thông tin về đặc điểm, đặc thù [C1], [C3].",15.973943999597395,1302.618728499965,"[""chunk:nghi-ddinh-318-2025-ndd-cp:dieu-nghi-ddinh-318-2025-ndd-cp-4:article:28172""]","[""chunk:nghi-ddinh-318-2025-ndd-cp:dieu-nghi-ddinh-318-2025-ndd-cp-4:article:28172"", ""chunk:nghi-ddinh-318-2025-ndd-cp:khoan-nghi-ddinh-318-2025-ndd-cp-4-3:clause:28179"", ""chunk:nghi-ddinh-318-2025-ndd-cp:khoan-nghi-ddinh-318-2025-ndd-cp-4-5:clause:28187"", ""chunk:nghi-ddinh-318-2025-ndd-cp:khoan-nghi-ddinh-318-2025-ndd-cp-4-1:clause:28173""]",,0.948069053068904
q0004,rag,single_hop_specific,Phương án đưa người lao động Việt Nam đi làm việc ở nước ngoài bao gồm những nội dung gì?,1.0,0.25,1.0,1.0000000000000002,0.99999999995,1.0,0.5,"Luật Người Lao Động Việt Nam Đi Làm Việc Ở Nước Ngoài Theo Hợp Đồng (69/2020/QH14) > Chương II. DOANH NGHIỆP, ĐƠN VỊ SỰ NGHIỆP, TỔ CHỨC, CÁ NHÂN VIỆT NAM ĐƯA NGƯỜI LAO ĐỘNG VIỆT NAM ĐI LÀM VIỆC Ở NƯỚC NGOÀI > Mục 2. DOANH NGHIỆP VIỆT NAM TRÚNG THẦU, NHẬN THẦU CÔNG TRÌNH, DỰ ÁN Ở NƯỚC NGOÀI ĐƯA NGƯỜI LAO ĐỘNG VIỆT NAM ĐI LÀM VIỆC Ở NƯỚC NGOÀI > Điều 31. Báo cáo đưa người lao động Việt Nam đi làm việc ở nước ngoài của doanh nghiệp trúng thầu, nhận thầu công trình, dự án ở nước ngoài > Khoản 2:
2. Nội dung phương án đưa người lao động Việt Nam đi làm việc ở nước ngoài bao gồm:
a) Việc quản lý, sử dụng người lao động ở nước ngoài, trong đó nêu rõ số lượng người lao động đưa đi, giới tính, ngành, nghề, công việc cụ thể, thời hạn làm việc, thời giờ làm việc, thời giờ nghỉ ngơi, làm thêm giờ, tiền lương, điều kiện làm việc, điều kiện sinh hoạt, chế độ khám bệnh, chữa bệnh; xử lý rủi ro, giải quyết quyền lợi, chế độ đối với người lao động trong trường hợp bị tai nạn lao động, bệnh nghề nghiệp và quyền lợi, chế độ khác có liên quan đến người lao động;
b) Việc đưa người lao động về nước trong trường hợp thiên tai, dịch bệnh, chiến tranh, bất ổn chính trị, suy thoái kinh tế, tình trạng khẩn cấp hoặc vì lý do bất khả kháng khác.","Phương án đưa người lao động Việt Nam đi làm việc ở nước ngoài bao gồm các nội dung sau:

1.  **Việc quản lý, sử dụng người lao động ở nước ngoài**: Trong đó phải nêu rõ số lượng người lao động được đưa đi, giới tính, ngành, nghề, công việc cụ thể, thời hạn làm việc, thời giờ làm việc, thời giờ nghỉ ngơi, làm thêm giờ, tiền lương, điều kiện làm việc, điều kiện sinh hoạt, chế độ khám bệnh, chữa bệnh. Đồng thời, phương án cũng phải đề cập đến việc xử lý rủi ro, giải quyết quyền lợi, chế độ đối với người lao động trong trường hợp bị tai nạn lao động, bệnh nghề nghiệp và các chế độ khác có liên quan đến người lao động [C1], [C2].
2.  **Việc đưa người lao động về nước**: Trong các trường hợp thiên tai, dịch bệnh, chiến tranh, bất ổn chính trị, suy thoái kinh tế, tình trạng khẩn cấp hoặc vì lý do bất khả kháng khác [C1], [C2].",15.473909999855096,1302.618728499965,"[""chunk:luat-69-2020-qh14:khoan-luat-69-2020-qh14-31-2:clause:16007""]","[""chunk:luat-69-2020-qh14:khoan-luat-69-2020-qh14-34-2:clause:16030"", ""chunk:luat-69-2020-qh14:khoan-luat-69-2020-qh14-31-2:clause:16007"", ""chunk:luat-69-2020-qh14:khoan-luat-69-2020-qh14-30-2:clause:16003"", ""chunk:luat-69-2020-qh14:dieu-luat-69-2020-qh14-9:article:15812""]",,0.89999999999
q0005,rag,single_hop_specific,"Trong thời hạn 01 năm kể từ ngày Luật Trợ Giúp Pháp Lý có hiệu lực thi hành, Ủy ban nhân dân cấp tỉnh có trách nhiệm gì đối với các Chi nhánh của Trung tâm trợ giúp pháp lý nhà nước đã được thành lập tại địa phương?",1.0,0.25,1.0,0.9648091176755166,0.9999999999,1.0,0.86,"Luật Trợ Giúp Pháp Lý (11/2017/QH14) > Chương VIII. ĐIỀU KHOẢN THI HÀNH > Điều 48. Quy định chuyển tiếp > Khoản 4:
4. Trong thời hạn 01 năm kể từ ngày Luật này có hiệu lực thi hành, Ủy ban nhân dân cấp tỉnh rà soát các Chi nhánh của Trung tâm trợ giúp pháp lý nhà nước đã được thành lập tại địa phương và căn cứ vào nhu cầu trợ giúp pháp lý, nguồn lực thực hiện trợ giúp pháp lý và hiệu quả hoạt động báo cáo Bộ Tư pháp để thống nhất việc duy trì, sáp nhập hoặc giải thể Chi nhánh của Trung tâm trợ giúp pháp lý nhà nước.
Luật này được Quốc hội nước Cộng hòa xã hội chủ nghĩa Việt Nam khóa XIV, kỳ họp thứ 3 thông qua ngày 20 tháng 6 năm 2017.
CHỦ TỊCH QUỐC HỘI Nguyễn Thị Kim Ngân","Trong thời hạn 01 năm kể từ ngày Luật Trợ Giúp Pháp Lý có hiệu lực thi hành, Ủy ban nhân dân cấp tỉnh có trách nhiệm rà soát các Chi nhánh của Trung tâm trợ giúp pháp lý nhà nước đã được thành lập tại địa phương. Sau đó, căn cứ vào nhu cầu trợ giúp pháp lý, nguồn lực thực hiện trợ giúp pháp lý và hiệu quả hoạt động, Ủy ban nhân dân cấp tỉnh báo cáo Bộ Tư pháp để thống nhất việc duy trì, sáp nhập hoặc giải thể Chi nhánh của Trung tâm trợ giúp pháp lý nhà nước [C1].

Luật Trợ Giúp Pháp Lý được Quốc hội nước Cộng hòa xã hội chủ nghĩa Việt Nam khóa XIV, kỳ họp thứ 3 thông qua ngày 20 tháng 6 năm 2017 [C1].",15.597487999912119,982.9449235000993,"[""chunk:luat-11-2017-qh14:khoan-luat-11-2017-qh14-48-4:clause:6842""]","[""chunk:luat-11-2017-qh14:khoan-luat-11-2017-qh14-48-4:clause:6842"", ""chunk:luat-11-2017-qh14:khoan-luat-11-2017-qh14-11-2:clause:6581"", ""chunk:luat-11-2017-qh14:khoan-luat-11-2017-qh14-40-4:clause:6812"", ""chunk:luat-11-2017-qh14:dieu-luat-11-2017-qh14-11:article:6579""]",,0.9649618235151033
q0006,rag,single_hop_specific,Mặt trận Tổ quốc Việt Nam và các tổ chức thành viên có trách nhiệm gì trong việc thực hiện và bảo đảm bình đẳng giới?,1.0,0.25,1.0,0.9972513338111869,0.9999999999,1.0,0.89,"Luật Bình Đẳng Giới Của Quốc Hội Khóa Xi, Kỳ Họp Thứ 10 (73/2006/QH11) > Chương IV. TRÁCH NHIỆM CỦA CƠ QUAN, TỔ CHỨC, GIA ĐÌNH VÀ CÁ NHÂN TRONG VIỆC THỰC HIỆN VÀ BẢO ĐẢM BÌNH ĐẲNG GIỚI > Điều 29. Trách nhiệm của Mặt trận Tổ quốc Việt Nam và các tổ chức thành viên:
Điều 29. Trách nhiệm của Mặt trận Tổ quốc Việt Nam và các tổ chức thành viên
1. Tham gia xây dựng chính sách, pháp luật và tham gia quản lý nhà nước về bình đẳng giới theo quy định của pháp luật.
2. Bảo đảm bình đẳng giới trong tổ chức.
3. Tham gia giám sát việc thực hiện pháp luật bình đẳng giới.
4. Tuyên truyền, vận động nhân dân, hội viên, đoàn viên thực hiện bình đẳng giới.","Mặt trận Tổ quốc Việt Nam và các tổ chức thành viên có các trách nhiệm sau trong việc thực hiện và bảo đảm bình đẳng giới:
*   Tham gia xây dựng chính sách, pháp luật và tham gia quản lý nhà nước về bình đẳng giới theo quy định của pháp luật [C1].
*   Bảo đảm bình đẳng giới trong tổ chức của mình [C1], [C2].
*   Tham gia giám sát việc thực hiện pháp luật bình đẳng giới [C1], [C3].
*   Tuyên truyền, vận động nhân dân, hội viên, đoàn viên thực hiện bình đẳng giới [C1], [C4].",14.67726800001401,982.9449235000993,"[""chunk:luat-73-2006-qh11:dieu-luat-73-2006-qh11-29:article:16483""]","[""chunk:luat-73-2006-qh11:dieu-luat-73-2006-qh11-29:article:16483"", ""chunk:luat-73-2006-qh11:khoan-luat-73-2006-qh11-29-2:clause:16485"", ""chunk:luat-73-2006-qh11:khoan-luat-73-2006-qh11-29-3:clause:16486"", ""chunk:luat-73-2006-qh11:khoan-luat-73-2006-qh11-29-4:clause:16487""]",,0.9774502667422373
q0007,rag,single_hop_specific,Người đang hưởng trợ cấp thất nghiệp bị chấm dứt hưởng trợ cấp thất nghiệp khi đi học tập có thời hạn từ bao nhiêu tháng trở lên?,0.0,0.0,1.0,0.958013521253697,0.7499999999625,1.0,0.09,"Luật Việc Làm (38/2013/QH13) > Mục 3. CHÍNH SÁCH VIỆC LÀM CÔNG > Điều 53. Tạm dừng, tiếp tục, chấm dứt hưởng trợ cấp thất nghiệp:
Điều 53. Tạm dừng, tiếp tục, chấm dứt hưởng trợ cấp thất nghiệp
1. Người đang hưởng trợ cấp thất nghiệp bị tạm dừng hưởng trợ cấp thất nghiệp khi không thông báo về việc tìm kiếm việc làm hằng tháng theo quy định tại Điều 52 của Luật này.
2. Người lao động bị tạm dừng hưởng trợ cấp thất nghiệp nếu vẫn còn thời gian được hưởng theo quyết định thì tiếp tục hưởng trợ cấp thất nghiệp khi thực hiện thông báo về việc tìm kiếm việc làm hằng tháng theo quy định tại Điều 52 của Luật này.
3. Người đang hưởng trợ cấp thất nghiệp bị chấm dứt hưởng trợ cấp thất nghiệp trong các trường hợp sau đây:
a) Hết thời hạn hưởng trợ cấp thất nghiệp;
b) Tìm được việc làm;
c) Thực hiện nghĩa vụ quân sự, nghĩa vụ công an;
d) Hưởng lương hưu hằng tháng;
đ) Sau 02 lần từ chối nhận việc làm do trung tâm dịch vụ việc làm nơi đang hưởng trợ cấp thất nghiệp giới thiệu mà không có lý do chính đáng;
e) Không thực hiện thông báo tìm kiếm việc làm hằng tháng theo quy định tại Điều 52 của Luật này trong 03 tháng liên tục;
g) Ra nước ngoài để định cư, đi lao động ở nước ngoài theo hợp đồng;
h) Đi học tập có thời hạn từ đủ 12 tháng trở lên;
i) Bị xử phạt vi phạm hành chính về hành vi vi phạm pháp luật bảo hiểm thất nghiệp;
k) Chết;
l) Chấp hành quyết định áp dụng biện pháp đưa vào trường giáo dưỡng, cơ sở giáo dục bắt buộc, cơ sở cai nghiện bắt buộc;
m) Bị tòa án tuyên bố mất tích;
n) Bị tạm giam; chấp hành hình phạt tù.
4. Người lao động bị chấm dứt hưởng trợ cấp thất nghiệp thuộc các trường hợp quy định tại các điểm b, c, h, l, m và n khoản 3 Điều này được bảo lưu thời gian đóng bảo hiểm thất nghiệp làm căn cứ để tính thời gian hưởng trợ cấp thất nghiệp cho lần tiếp theo khi đủ điều kiện quy định tại Điều 49 của Luật này.
Thời gian bảo lưu được tính bằng tổng thời gian đóng bảo hiểm thất nghiệp trừ đi thời gian đóng đã hưởng trợ cấp thất nghiệp, theo nguyên tắc mỗi tháng đã hưởng trợ cấp thất nghiệp tương ứng 12 tháng đã đóng bảo hiểm thất nghiệp.","Người đang hưởng trợ cấp thất nghiệp bị chấm dứt hưởng trợ cấp thất nghiệp khi đi học tập có thời hạn từ đủ 12 tháng trở lên [C1], [C4].

Ngày mà người lao động được xác định đi học tập có thời hạn 12 tháng trở lên là ngày nhập học được ghi trong giấy báo nhập học đối với học tập trong nước. Trường hợp học tập ở nước ngoài thì ngày người lao động được xác định đi học tập có thời hạn 12 tháng trở lên là ngày xuất cảnh theo quy định của pháp luật về xuất, nhập cảnh [C4].

Tuy nhiên, theo Luật Việc Làm (74/2025/QH15) và NGHỊ ĐỊNH Quy định chi tiết một số điều của Luật Việc làm về bảo hiểm thất nghiệp (374/2025/NĐ-CP), người đang hưởng trợ cấp thất nghiệp bị chấm dứt hưởng trợ cấp thất nghiệp khi đi học tập có thời hạn trên 12 tháng [C2], [C3]. Ngày mà người lao động được xác định đi học tập có thời hạn trên 12 tháng là ngày nhập học được ghi trong giấy báo nhập học [C3].",15.773336999700405,1253.8638030000584,"[""chunk:luat-38-2013-qh13:dieu-luat-38-2013-qh13-53:article:10431""]","[""chunk:luat-38-2013-qh13:diem-luat-38-2013-qh13-53-3-h:point:10442"", ""chunk:luat-74-2025-qh15:diem-luat-74-2025-qh15-41-4-g:point:17225"", ""chunk:nghi-ddinh-374-2025-ndd-cp:diem-nghi-ddinh-374-2025-ndd-cp-19-1-g:point:29524"", ""chunk:nghi-ddinh-28-2015-ndd-cp:diem-nghi-ddinh-28-2015-ndd-cp-21-1-h:point:26616""]",,0.7596027042432393
q0008,rag,single_hop_specific,"Cơ sở sản xuất dụng cụ chỉnh hình, phương tiện, thiết bị phục hồi chức năng, trợ giúp sinh hoạt, học tập và lao động cho người khuyết tật được hưởng chính sách ưu đãi gì?",1.0,0.25,1.0,0.9950281515888886,0.99999999995,1.0,0.67,"Luật Người Khuyết Tật (51/2010/QH12) > Chương III. CHĂM SÓC SỨC KHỎE > Điều 26. Nghiên cứu khoa học, đào tạo chuyên gia, kỹ thuật viên, sản xuất trang thiết bị dành cho người khuyết tật:
Điều 26. Nghiên cứu khoa học, đào tạo chuyên gia, kỹ thuật viên, sản xuất trang thiết bị dành cho người khuyết tật
1. Nhà nước hỗ trợ kinh phí theo dự án cho cơ quan, tổ chức nghiên cứu khoa học về người khuyết tật, đào tạo chuyên gia, kỹ thuật viên về chỉnh hình, phục hồi chức năng.
2. Cơ sở sản xuất dụng cụ chỉnh hình, phương tiện, thiết bị phục hồi chức năng, trợ giúp sinh hoạt, học tập và lao động cho người khuyết tật được vay vốn với lãi suất ưu đãi, được miễn, giảm thuế theo quy định của pháp luật.
3. Dụng cụ chỉnh hình, phương tiện, thiết bị phục hồi chức năng, trợ giúp sinh hoạt, học tập và lao động cho người khuyết tật từ chương trình, dự án viện trợ không hoàn lại hoặc do tổ chức, cá nhân nước ngoài tặng, hỗ trợ được miễn, giảm thuế theo quy định của pháp luật về thuế.","Cơ sở sản xuất dụng cụ chỉnh hình, phương tiện, thiết bị phục hồi chức năng, trợ giúp sinh hoạt, học tập và lao động cho người khuyết tật được hưởng các chính sách ưu đãi sau:
* Được vay vốn với lãi suất ưu đãi [C1].
* Được miễn, giảm thuế theo quy định của pháp luật [C1].",15.438311999787402,1253.8638030000584,"[""chunk:luat-51-2010-qh12:dieu-luat-51-2010-qh12-26:article:12697""]","[""chunk:luat-51-2010-qh12:khoan-luat-51-2010-qh12-26-2:clause:12699"", ""chunk:luat-51-2010-qh12:dieu-luat-51-2010-qh12-26:article:12697"", ""chunk:luat-51-2010-qh12:khoan-luat-51-2010-qh12-26-3:clause:12700"", ""chunk:luat-51-2010-qh12:khoan-luat-51-2010-qh12-6-2:clause:12573""]",,0.9330056303077777
q0009,rag,single_hop_specific,Người lao động nước ngoài làm việc theo hình thức chào bán dịch vụ có được bán trực tiếp dịch vụ cho công chúng không?,1.0,0.25,1.0,0.9980316562523881,0.99999999995,1.0,0.33,"NGHỊ ĐỊNH Quy định về người lao động nước ngoài làm việc tại Việt Nam và tuyển dụng, quản lý người lao động Việt Nam làm việc cho tổ chức, cá nhân nước ngoài tại Việt Nam (152/2020/NĐ-CP) > Chương I. NHỮNG QUY ĐỊNH CHUNG > Điều 3. Giải thích từ ngữ > Khoản 9:
9. Người lao động nước ngoài làm việc theo hình thức chào bán dịch vụ là người lao động nước ngoài không sống tại Việt Nam và không nhận thù lao từ bất cứ nguồn nào tại Việt Nam, tham gia vào các hoạt động liên quan đến việc đại diện cho một nhà cung cấp dịch vụ để đàm phán tiêu thụ dịch vụ của nhà cung cấp đó, với điều kiện không được bán trực tiếp dịch vụ đó cho công chúng và không trực tiếp tham gia cung cấp dịch vụ.","Không, người lao động nước ngoài làm việc theo hình thức chào bán dịch vụ không được bán trực tiếp dịch vụ đó cho công chúng [C1], [C2].",15.550900999642181,908.2983930002229,"[""chunk:nghi-ddinh-152-2020-ndd-cp:khoan-nghi-ddinh-152-2020-ndd-cp-3-9:clause:25290""]","[""chunk:he-thong:thuatngu-nguoi-lao-ddong-nuoc-ngoai-lam-viec-theo-hinh-thuc-chao-ban-dich-vu:semantic:31676"", ""chunk:nghi-ddinh-152-2020-ndd-cp:khoan-nghi-ddinh-152-2020-ndd-cp-3-9:clause:25290"", ""chunk:bo-luat-45-2019-qh14:khoan-bo-luat-45-2019-qh14-154-4:clause:2828"", ""chunk:nghi-ddinh-152-2020-ndd-cp:diem-nghi-ddinh-152-2020-ndd-cp-11-1-c:point:25395""]",,0.8656063312404776
q0010,rag,single_hop_specific,"Bộ, cơ quan ngang bộ, Ủy ban nhân dân cấp tỉnh thông báo cho Ủy ban nhân dân cấp xã nơi có chương trình, dự án, hoạt động thực hiện chính sách việc làm công về những nội dung gì?",1.0,0.25,1.0,1.0,0.99999999995,1.0,0.67,"NGHỊ ĐỊNH Quy định chi tiết một số điều của Luật Việc làm về chính sách hỗ trợ tạo việc làm (338/2025/NĐ-CP) > Chương IV. CHÍNH SÁCH VIỆC LÀM CÔNG > Điều 18. Thông báo chương trình, dự án, hoạt động thực hiện chính sách việc làm công > Khoản 1:
1. Trong thời hạn 10 ngày làm việc, kể từ ngày quyết định thực hiện chính sách việc làm công, bộ, cơ quan ngang bộ, Ủy ban nhân dân cấp tỉnh thông báo cho Ủy ban nhân dân cấp xã nơi có chương trình, dự án, hoạt động thực hiện chính sách việc làm công về phạm vi, nội dung công việc cần thực hiện; chất lượng, tiến độ công việc cần đạt được và nhu cầu sử dụng lao động tham gia thực hiện chính sách việc làm công.","Bộ, cơ quan ngang bộ, Ủy ban nhân dân cấp tỉnh thông báo cho Ủy ban nhân dân cấp xã nơi có chương trình, dự án, hoạt động thực hiện chính sách việc làm công về những nội dung sau:
* Phạm vi, nội dung công việc cần thực hiện [C1].
* Chất lượng, tiến độ công việc cần đạt được [C1].
* Nhu cầu sử dụng lao động tham gia thực hiện chính sách việc làm công [C1].",14.743561999694066,908.2983930002229,"[""chunk:nghi-ddinh-338-2025-ndd-cp:khoan-nghi-ddinh-338-2025-ndd-cp-18-1:clause:28652""]","[""chunk:nghi-ddinh-338-2025-ndd-cp:khoan-nghi-ddinh-338-2025-ndd-cp-18-1:clause:28652"", ""chunk:nghi-ddinh-338-2025-ndd-cp:dieu-nghi-ddinh-338-2025-ndd-cp-18:article:28651"", ""chunk:nghi-ddinh-338-2025-ndd-cp:khoan-nghi-ddinh-338-2025-ndd-cp-18-2:clause:28653"", ""chunk:nghi-ddinh-338-2025-ndd-cp:diem-nghi-ddinh-338-2025-ndd-cp-35-8-e:point:28813""]",,0.9339999999899999
q0011,rag,single_hop_specific,"Trường hợp người bị tố cáo đã chuyển công tác sang cơ quan, tổ chức khác và là người đứng đầu, cấp phó của người đứng đầu cơ quan, tổ chức đó thì ai chủ trì giải quyết?",1.0,0.25,1.0,0.9815311223787195,0.9999999999,1.0,0.5,"Luật Tố Cáo (25/2018/QH14) > Chương III. GIẢI QUYẾT TỐ CÁO ĐỐI VỚI HÀNH VI VI PHẠM PHÁP LUẬT TRONG VIỆC THỰC HIỆN NHIỆM VỤ, CÔNG VỤ > Mục 1. THẨM QUYỀN GIẢI QUYẾT TỐ CÁO > Điều 12. Nguyên tắc xác định thẩm quyền > Khoản 3 > Điểm b:
b) Trường hợp người bị tố cáo đã chuyển công tác sang cơ quan, tổ chức khác và giữ chức vụ cao hơn thì do người đứng đầu cơ quan, tổ chức đang quản lý người bị tố cáo chủ trì giải quyết; người đứng đầu cơ quan, tổ chức quản lý người bị tố cáo tại thời điểm có hành vi vi phạm pháp luật phối hợp giải quyết.
Trường hợp người bị tố cáo đã chuyển công tác sang cơ quan, tổ chức khác và là người đứng đầu, cấp phó của người đứng đầu cơ quan, tổ chức đó thì do người đứng đầu cơ quan, tổ chức cấp trên trực tiếp của cơ quan, tổ chức đó chủ trì giải quyết; người đứng đầu cơ quan, tổ chức đã quản lý người bị tố cáo tại thời điểm có hành vi vi phạm pháp luật phối hợp giải quyết;","Trong trường hợp người bị tố cáo đã chuyển công tác sang cơ quan, tổ chức khác và là người đứng đầu, cấp phó của người đứng đầu cơ quan, tổ chức đó thì người đứng đầu cơ quan, tổ chức cấp trên trực tiếp của cơ quan, tổ chức đó chủ trì giải quyết. Người đứng đầu cơ quan, tổ chức đã quản lý người bị tố cáo tại thời điểm có hành vi vi phạm pháp luật phối hợp giải quyết [C1].",15.816715000255499,7715.254015500022,"[""chunk:luat-25-2018-qh14:diem-luat-25-2018-qh14-12-3-b:point:9794""]","[""chunk:luat-25-2018-qh14:diem-luat-25-2018-qh14-12-3-b:point:9794"", ""chunk:luat-25-2018-qh14:diem-luat-25-2018-qh14-12-3-c:point:9795"", ""chunk:luat-25-2018-qh14:diem-luat-25-2018-qh14-12-3-a:point:9793"", ""chunk:luat-25-2018-qh14:khoan-luat-25-2018-qh14-12-3:sliding:9792""]",,0.8963062244557438
q0012,rag,single_hop_specific,"Cụm từ ""Chủ tịch Ủy ban nhân dân cấp tỉnh"" tại khoản 1 Điều 5 được thay thế bằng cụm từ nào?",0.0,0.0,1.0,0.8794661938812337,0.9999999999,1.0,0.13,"NGHỊ ĐỊNH Sửa đổi, bổ sung một số điều của Nghị định số 152/2020/NĐ-CP ngày 30 tháng 12 năm 2020 của Chính phủ quy định về người lao động nước ngoài làm việc tại Việt Nam và tuyển dụng, quản lý người lao động Việt Nam làm việc cho tổ chức, cá nhân nước ngoài tại Việt Nam (70/2023/NĐ-CP) > Điều 1. Sửa đổi, bổ sung một số điều của Nghị định số 152/2020/NĐ-CP ngày 30 tháng 12 năm 2020 của Chính phủ quy định về người lao động nước ngoài làm việc tại Việt Nam và tuyển dụng, quản lý người lao động Việt Nam làm việc cho tổ chức, cá nhân nước ngoài tại Việt Nam > Khoản 13:
13. Thay thế, bổ sung một số từ, cụm từ tại các điểm, khoản, điều, phụ lục sau đây: a) Thay thế cụm từ “Chủ tịch Ủy ban nhân dân cấp tỉnh” tại khoản 1 Điều 5 bằng cụm từ “Sở Lao động - Thương binh và Xã hội”; Thay thế cụm từ “Chủ tịch Ủy ban nhân dân cấp tỉnh chỉ đạo” bằng cụm từ “Sở Lao động - Thương binh và Xã hội đề nghị” tại khoản 2 Điều 5; b) Thay thế cụm từ “khoản 4, 6 và 8 Điều 154” bằng cụm từ “khoản 4 và khoản 6 Điều 154” và cụm từ “3 ngày” thành cụm từ “3 ngày làm việc” tại khoản 2 Điều 8; c) Thay thế cụm từ “dịch ra tiếng Việt và có chứng thực” bằng cụm từ “dịch ra tiếng Việt và công chứng hoặc chứng thực” tại điểm e khoản 3 Điều 8; d) Thay thế cụm từ “dịch ra tiếng Việt và chứng thực” bằng cụm từ “dịch ra tiếng Việt và công chứng hoặc chứng thực” tại khoản 10 Điều 9 và khoản 4 Điều 23; đ) Thay thế cụm từ “Giấy tờ quy định tại khoản 3 và 4 Điều này” bằng cụm từ “Giấy tờ quy định tại khoản 3 Điều này” tại khoản 5 Điều 13; e) Thay thế cụm từ “dịch ra tiếng Việt” bằng cụm từ “dịch ra tiếng Việt và công chứng hoặc chứng thực” tại khoản 5 Điều 13 và khoản 8 Điều 17; g) Thay thế cụm từ “Bản sao có chứng thực hộ chiếu” bằng cụm từ “Bản sao có chứng thực hộ chiếu hoặc bản sao hộ chiếu có xác nhận của người sử dụng lao động” tại điểm d khoản 3 Điều 8; khoản 7 Điều 9 và khoản 5 Điều 17; h) Thay thế cụm từ “20. Mức lương:….VNĐ” bằng cụm từ “20. Lương bình quân/tháng:…. triệu đồng” tại Mẫu số 11/PLI Phụ lục I ban hành kèm theo Nghị định số 152/2020/NĐ-CP; i) Thay thế cụm từ “Ủy ban nhân dân tỉnh/thành phố….” bằng cụm từ “Sở Lao động - Thương binh và Xã","Cụm từ ""Chủ tịch Ủy ban nhân dân cấp tỉnh"" tại khoản 1 Điều 5 được thay thế bằng cụm từ ""Sở Lao động - Thương binh và Xã hội"" [C1].",14.520342000196251,7715.254015500022,"[""chunk:nghi-ddinh-70-2023-ndd-cp:khoan-nghi-ddinh-70-2023-ndd-cp-1-13:clause:30160""]","[""chunk:nghi-ddinh-70-2023-ndd-cp:diem-nghi-ddinh-70-2023-ndd-cp-1-13-a:point:30162"", ""chunk:luat-88-2025-qh15:diem-luat-88-2025-qh15-1-28-k:point:18458"", ""chunk:thong-tu-10-2020-tt-blddtbxh:khoan-thong-tu-10-2020-tt-blddtbxh-6-5:clause:30793"", ""chunk:nghi-ddinh-352-2025-ndd-cp:khoan-nghi-ddinh-352-2025-ndd-cp-26-5:clause:29147""]",,0.8018932387562467
q0013,rag,single_hop_specific,"Ủy ban nhân dân các tỉnh, thành phố trực thuộc Trung ương có trách nhiệm gì trong việc thực hiện Thông tư 26/2025/TT-BNV?",0.0,0.0,1.0,0.9970174628039336,0.3333333333,0.09090909090909091,0.13,"THÔNG TƯ Ban hành Danh mục vùng có điều kiện kinh tế - xã hội đặc biệt khó khăn để làm căn cứ xác định các trường hợp có thể nghỉ hưu ở tuổi thấp hơn (26/2025/TT-BNV) > Điều 5. Tổ chức thực hiện > Khoản 1:
1. Ủy ban nhân dân các tỉnh, thành phố trực thuộc Trung ương có trách nhiệm chỉ đạo Sở Nội vụ và các cơ quan có liên quan kiểm tra, đôn đốc việc thực hiện Thông tư này. 1. Đặc khu Thổ Châu. II. Tỉnh Cao Bằng 1. Các xã: Bảo Lạc, Bảo Lâm, Bế Văn Đàn, Cô Ba, Cốc Pàng, Đàm Thủy, Đình Phong, Đoài Dương, Hạ Lang, Hà Quảng, Huy Giáp, Hưng Đạo, Khánh Xuân, Lũng Nặm, Lý Bôn, Lý Quốc, Nam Quang, Phan Thanh, Phục Hòa, Quang Hán, Quảng Lâm, Quang Long, Quang Trung, Sơn Lộ, Tam Kim, Tổng Cọt, Trùng Khánh, Vinh Quý, Xuân Trường, Yên Thổ. III. Tỉnh Đắk Lắk 1. Các xã: Buôn Đôn, Dliê Ya, Ea Hiao, Ia Lốp, Ia Rvê, Krông Nô, Cư Pui, Ea Bung, Ea Rốk, Ea Súp, Yang Mao. IV. Tỉnh Điện Biên 1. Các xã: Chà Tở, Chiềng Sinh, Mường Chà, Mường Luân, Mường Mùn, Mường Nhà, Mường Nhé, Mường Toong, Nà Bủng, Nà Hỳ, Na Son, Nậm Kè, Nậm Nèn, Núa Ngam, Pa Ham, Pu Nhi, Pú Nhung, Phình Giàng, Quảng Lâm, Sam Mứn, Sáng Nhè, Si Pa Phìn, Sín Chải, Sín Thầu, Sính Phình, Tìa Dình, Tủa Chùa, Tủa Thàng, Thanh Yên, Xa Dung. V. Tỉnh Đồng Nai 1. Các xã: Bù Gia Mập, Đak Nhau, Đăk Ơ. VI. Tỉnh Gia Lai 1. Các xã: Đak Rong, Ia Chia, Ia Dom, Ia Mơ, Ia Nan, Ia O, Ia Pnôn, Ia Púch, SRó. VII. Tỉnh Khánh Hòa 1. Đặc khu Trường Sa VIII. Tỉnh Lai Châu 1. Các xã: Bum Nưa, Bum Tở, Dào San, Hồng Thu, Hua Bum, Khoen On, Khổng Lào, Khun Há, Lê Lợi, Mù Cả, Mường Kim, Mường Mô, Mường Tè, Nậm Sỏ, Nậm Cuổi, Nậm Hàng, Nậm Mạ, Nậm Tăm, Pa Tần, Pa Ủ, Pu Sam Cáp, Sì Lở Lầu, Sìn Hồ, Sin Suối Hồ, Tà Tổng, Tủa Sín Chải, Thu Lũm, Tả Lèng. IX. Tỉnh Lạng Sơn 1. Các xã: Ba Sơn, Cao Lộc, Công Sơn, Đoàn Kết, Kiên Mộc, Khuất Xá, Mẫu Sơn, Quốc Việt. X. Tỉnh Lào Cai 1. Các xã: A Mú Sung, Bắc Hà, Bản Hồ, Bản","Ủy ban nhân dân các tỉnh, thành phố trực thuộc Trung ương có các trách nhiệm sau trong việc thực hiện Thông tư 26/2025/TT-BNV:

*   Chỉ đạo Sở Nội vụ và các cơ quan có liên quan kiểm tra, đôn đốc việc thực hiện Thông tư này [C3].
*   Phản ánh về Bộ Nội vụ nếu có thay đổi về tên gọi, điều kiện kinh tế - xã hội của các vùng được quy định tại Điều 1 Thông tư này để kịp thời nghiên cứu, giải quyết [C3].",14.885795999816764,23527.207717000012,"[""chunk:thong-tu-26-2025-tt-bnv:khoan-thong-tu-26-2025-tt-bnv-5-1:clause:31028""]","[""chunk:thong-tu-12-2025-tt-bnv:khoan-thong-tu-12-2025-tt-bnv-21-2:clause:31004"", ""chunk:nghi-ddinh-352-2025-ndd-cp:dieu-nghi-ddinh-352-2025-ndd-cp-26:article:29142"", ""chunk:thong-tu-26-2025-tt-bnv:dieu-thong-tu-26-2025-tt-bnv-5:article:31023"", ""chunk:nghi-ddinh-352-2025-ndd-cp:khoan-nghi-ddinh-352-2025-ndd-cp-26-1:clause:29143""]",,0.5102519774026049
q0014,rag,single_hop_specific,Mức lương cơ sở dùng làm căn cứ để tính những gì?,1.0,0.25,1.0,0.9769029977756091,0.7499999999625,1.0,0.75,"NGHỊ ĐỊNH Quy định mức lương cơ sở và chế độ tiền thưởng đối với cán bộ, công chức, viên chức và lực lượng vũ trang (161/2026/NĐ-CP) > Điều 3. Mức lương cơ sở > Khoản 1:
1. Mức lương cơ sở dùng làm căn cứ:
a) Tính mức lương trong các bảng lương, mức phụ cấp và thực hiện các chế độ khác theo quy định của pháp luật đối với các đối tượng quy định tại Điều 2 Nghị định này;
b) Tính mức hoạt động phí, sinh hoạt phí theo quy định của pháp luật;
c) Tính các khoản trích và các chế độ được hưởng theo mức lương cơ sở.","Mức lương cơ sở dùng làm căn cứ để:
* Tính mức lương trong các bảng lương, mức phụ cấp và thực hiện các chế độ khác theo quy định của pháp luật đối với các đối tượng quy định tại Điều 2 Nghị định 161/2026/NĐ-CP. [C1]
* Tính mức hoạt động phí, sinh hoạt phí theo quy định của pháp luật. [C1]
* Tính các khoản trích và các chế độ được hưởng theo mức lương cơ sở. [C1], [C2]",15.923790999750054,23527.207717000012,"[""chunk:nghi-ddinh-161-2026-ndd-cp:khoan-nghi-ddinh-161-2026-ndd-cp-3-1:clause:26088""]","[""chunk:nghi-ddinh-161-2026-ndd-cp:khoan-nghi-ddinh-161-2026-ndd-cp-3-1:clause:26088"", ""chunk:nghi-ddinh-161-2026-ndd-cp:diem-nghi-ddinh-161-2026-ndd-cp-3-1-c:point:26091"", ""chunk:he-thong:thunhap-muc-luong-co-so:semantic:31736"", ""chunk:nghi-ddinh-161-2026-ndd-cp:dieu-nghi-ddinh-161-2026-ndd-cp-3:article:26086""]",,0.8953805995476218
q0015,rag,single_hop_specific,"Từ ngày 01 tháng 01 năm 2021, tuổi nghỉ hưu của lao động nam trong điều kiện bình thường là bao nhiêu?",1.0,0.25,1.0,1.0,0.9166666666361111,1.0,0.4,"NGHỊ ĐỊNH Quy định về tuổi nghỉ hưu (135/2020/NĐ-CP) > Điều 4. Tuổi nghỉ hưu trong điều kiện lao động bình thường > Khoản 1:
1. Kể từ ngày 01 tháng 01 năm 2021, tuổi nghỉ hưu của người lao động trong điều kiện lao động bình thường là đủ 60 tuổi 03 tháng đối với lao động nam và đủ 55 tuổi 04 tháng đối với lao động nữ; sau đó, cứ mỗi năm tăng thêm 03 tháng đối với lao động nam cho đến khi đủ 62 tuổi vào năm 2028 và cứ mỗi năm tăng thêm 04 tháng đối với lao động nữ cho đến khi đủ 60 tuổi vào năm 2035.","Từ ngày 01 tháng 01 năm 2021, tuổi nghỉ hưu của lao động nam trong điều kiện bình thường là đủ 60 tuổi 03 tháng [C1], [C2], [C3].",15.459195999937947,883.379055999967,"[""chunk:nghi-ddinh-135-2020-ndd-cp:khoan-nghi-ddinh-135-2020-ndd-cp-4-1:clause:23463""]","[""chunk:nghi-ddinh-135-2020-ndd-cp:dieu-nghi-ddinh-135-2020-ndd-cp-4:article:23462"", ""chunk:nghi-ddinh-135-2020-ndd-cp:khoan-nghi-ddinh-135-2020-ndd-cp-4-1:clause:23463"", ""chunk:bo-luat-45-2019-qh14:khoan-bo-luat-45-2019-qh14-169-2:clause:2887"", ""chunk:bo-luat-45-2019-qh14:dieu-bo-luat-45-2019-qh14-169:article:2885""]",,0.8633333333272223
q0016,rag,single_hop_specific,"Hành vi cố ý báo cáo sai lệch kết quả xác minh nội dung khiếu nại dẫn đến quyết định giải quyết khiếu nại sai gây mất ổn định nghiêm trọng về an ninh, trật tự xã hội hoặc gây hậu quả chết người sẽ bị áp dụng hình thức kỷ luật nào đối với người được giao nhiệm vụ xác minh nội dung khiếu nại?",1.0,0.25,1.0,0.9541651038439135,0.99999999995,1.0,0.57,"NGHỊ ĐỊNH Quy định chi tiết một số điều và biện pháp thi hành Luật Khiếu nại (124/2020/NĐ-CP) > Chương VI. XỬ LÝ VI PHẠM PHÁP LUẬT > Điều 40. Xử lý kỷ luật đối với người được giao nhiệm vụ xác minh nội dung khiếu nại:
Điều 40. Xử lý kỷ luật đối với người được giao nhiệm vụ xác minh nội dung khiếu nại
1. Hình thức kỷ luật khiển trách áp dụng đối với người được giao nhiệm vụ xác minh nội dung khiếu nại khi có một trong những hành vi vi phạm pháp luật sau đây:
a) Sách nhiễu, cản trở, gây khó khăn, phiền hà cho người khiếu nại, người được ủy quyền khiếu nại, người bị khiếu nại.
b) Bao che cho người bị khiếu nại.
c) Đe dọa trả thù, trù dập người khiếu nại, người được ủy quyền khiếu nại, người bị khiếu nại.
2. Hình thức kỷ luật cảnh cáo áp dụng đối với người được giao nhiệm vụ xác minh nội dung khiếu nại khi có một trong những hành vi cố ý bỏ qua các bằng chứng, bỏ lọt các thông tin, tài liệu hoặc làm sai lệch hồ sơ vụ việc trong quá trình xác minh nội dung khiếu nại.
3. Hình thức kỷ luật giáng chức hoặc cách chức áp dụng đối với người được giao nhiệm vụ xác minh nội dung khiếu nại khi có hành vi cố ý báo cáo sai lệch kết quả xác minh nội dung khiếu nại dẫn đến quyết định giải quyết khiếu nại sai gây mất ổn định nghiêm trọng về an ninh, trật tự xã hội hoặc gây hậu quả chết người. Trường hợp người được giao nhiệm vụ xác minh không có chức vụ thì áp dụng hình thức kỷ luật hạ bậc lương.","Đối với người được giao nhiệm vụ xác minh nội dung khiếu nại, hành vi cố ý báo cáo sai lệch kết quả xác minh nội dung khiếu nại dẫn đến quyết định giải quyết khiếu nại sai gây mất ổn định nghiêm trọng về an ninh, trật tự xã hội hoặc gây hậu quả chết người sẽ bị áp dụng hình thức kỷ luật giáng chức hoặc cách chức. Trường hợp người được giao nhiệm vụ xác minh không có chức vụ thì áp dụng hình thức kỷ luật hạ bậc lương. [C1], [C2]",15.115798999886465,883.379055999967,"[""chunk:nghi-ddinh-124-2020-ndd-cp:dieu-nghi-ddinh-124-2020-ndd-cp-40:article:23408""]","[""chunk:nghi-ddinh-124-2020-ndd-cp:khoan-nghi-ddinh-124-2020-ndd-cp-40-3:clause:23414"", ""chunk:nghi-ddinh-124-2020-ndd-cp:dieu-nghi-ddinh-124-2020-ndd-cp-40:article:23408"", ""chunk:nghi-ddinh-124-2020-ndd-cp:khoan-nghi-ddinh-124-2020-ndd-cp-41-3:clause:23424"", ""chunk:nghi-ddinh-124-2020-ndd-cp:diem-nghi-ddinh-124-2020-ndd-cp-41-3-b:point:23426""]",,0.9048330207587828
q0017,rag,single_hop_specific,"Trước khi ban hành hoặc sửa đổi, bổ sung nội quy lao động, người sử dụng lao động có phải tham khảo ý kiến của tổ chức đại diện người lao động tại cơ sở đối với nơi có tổ chức đại diện người lao động tại cơ sở không?",1.0,0.25,1.0,0.9880547654892842,0.99999999995,1.0,0.5,"NGHỊ ĐỊNH Quy định chi tiết và hướng dẫn thi hành một số điều của Bộ luật Lao động về điều kiện lao động và quan hệ lao động (145/2020/NĐ-CP) > Chương VIII. KỶ LUẬT LAO ĐỘNG, TRÁCH NHIỆM VẬT CHẤT > Điều 69. Nội quy lao động > Khoản 3:
3. Trước khi ban hành nội quy lao động hoặc sửa đổi, bổ sung nội quy lao động, người sử dụng lao động phải tham khảo ý kiến của tổ chức đại diện người lao động tại cơ sở đối với nơi có tổ chức đại diện người lao động tại cơ sở. Việc tham khảo ý kiến tổ chức đại diện người lao động tại cơ sở thực hiện theo quy định tại khoản 1 Điều 41 Nghị định này.","Có. Trước khi ban hành hoặc sửa đổi, bổ sung nội quy lao động, người sử dụng lao động phải tham khảo ý kiến của tổ chức đại diện người lao động tại cơ sở đối với nơi có tổ chức đại diện người lao động tại cơ sở [C1], [C2].

Việc không tham khảo ý kiến này có thể bị xử phạt vi phạm hành chính [C4].",14.81981300003099,1063.3088039999166,"[""chunk:nghi-ddinh-145-2020-ndd-cp:khoan-nghi-ddinh-145-2020-ndd-cp-69-3:clause:24762""]","[""chunk:bo-luat-45-2019-qh14:khoan-bo-luat-45-2019-qh14-118-3:clause:2646"", ""chunk:nghi-ddinh-145-2020-ndd-cp:khoan-nghi-ddinh-145-2020-ndd-cp-69-3:clause:24762"", ""chunk:nghi-ddinh-145-2020-ndd-cp:khoan-nghi-ddinh-145-2020-ndd-cp-48-2:clause:24607"", ""chunk:nghi-ddinh-12-2022-ndd-cp:diem-nghi-ddinh-12-2022-ndd-cp-19-2-c:point:22497""]",,0.8976109530878569
q0018,rag,single_hop_specific,"Ai có thẩm quyền quyết định tạm đình chỉ công tác đối với cán bộ, công chức?",1.0,0.25,1.0,0.9601309928362732,0.49999999995,1.0,0.25,"Luật Cán Bộ, Công Chức (80/2025/QH15) > Chương V. KHEN THƯỞNG, XỬ LÝ KỶ LUẬT > Điều 39. Tạm đình chỉ công tác đối với cán bộ, công chức:
Điều 39. Tạm đình chỉ công tác đối với cán bộ, công chức
Người đứng đầu cơ quan, tổ chức có thẩm quyền có thể quyết định tạm đình chỉ công tác đối với cán bộ, công chức trong trường hợp phát hiện cán bộ, công chức có dấu hiệu vi phạm trong thi hành nhiệm vụ hoặc theo đề nghị của cơ quan, tổ chức có thẩm quyền.
Chính phủ quy định chi tiết Điều này.","Thẩm quyền quyết định tạm đình chỉ công tác đối với cán bộ, công chức được quy định như sau:

*   Theo Luật Cán bộ, công chức năm 2008, **cơ quan, tổ chức, đơn vị quản lý cán bộ, công chức** có thể ra quyết định tạm đình chỉ công tác [C1], [C3].
*   Theo Luật Cán bộ, công chức năm 2025, **người đứng đầu cơ quan, tổ chức có thẩm quyền** có thể quyết định tạm đình chỉ công tác đối với cán bộ, công chức [C2].",15.00048899970352,1063.3088039999166,"[""chunk:luat-80-2025-qh15:dieu-luat-80-2025-qh15-39:article:17587""]","[""chunk:luat-22-2008-qh12:dieu-luat-22-2008-qh12-81:article:9314"", ""chunk:luat-80-2025-qh15:dieu-luat-80-2025-qh15-39:article:17587"", ""chunk:luat-22-2008-qh12:khoan-luat-22-2008-qh12-81-1:clause:9315"", ""chunk:luat-129-2025-qh15:dieu-luat-129-2025-qh15-38:article:7816""]",,0.7420261985572546
q0019,rag,single_hop_specific,Thông tư 09/2020/TT-BLĐTBXH có hiệu lực thi hành từ ngày nào?,0.0,0.0,1.0,0.9999999999999998,0.9999999999,0.5,0.29,"THÔNG TƯ Quy định chi tiết và hướng dẫn thi hành một số điều của Bộ luật Lao động về lao động chưa thành niên (09/2020/TT-BLĐTBXH) > Chương V. ĐIỀU KHOẢN THI HÀNH > Điều 13. Hiệu lực thi hành > Khoản 1:
1. Thông tư này có hiệu lực thi hành kể từ ngày 15 tháng 3 năm 2021.
1. Tên doanh nghiệp, cơ quan, tổ chức, hợp tác xã, hộ gia đình, cá nhân (ghi bằng chữ in hoa): …………………..
1. Người chưa đủ 13 tuổi
Họ và tên:
Ngày, tháng, năm sinh:
Nơi đăng ký hộ khẩu thường trú:
Địa chỉ nơi cư trú:
Tình trạng đi học (nếu có): Là học sinh lớp.... Trường
Điện thoại (nếu có):
Số định danh cá nhân/Số hộ chiếu (nếu có): Cấp ngày ..... tại.......
1. Người chưa đủ 13 tuổi
Họ và tên:
Ngày, tháng, năm sinh:
Địa chỉ đăng ký hộ khẩu:
Địa chỉ nơi cư trú:
Tình trạng đi học (nếu có): Là học sinh lớp.... Trường
Điện thoại (nếu có):
Số định danh cá nhân/Số hộ chiếu (nếu có): Cấp ngày .....tại .....
1. Biểu diễn nghệ thuật.
1. Trực tiếp luyện quặng kim loại màu (đồng, chì, thiếc, thuỷ ngân, kẽm, bạc).
1. Tiếp xúc với các yếu tố nguy hiểm, yếu tố có hại có trong môi trường lao động nằm ngoài giới hạn cho phép theo tiêu chuẩn, quy chuẩn kỹ thuật quốc gia về vệ sinh lao động, bao gồm: điện từ trường, rung, ồn, nhiệt độ, bụi silic, bụi không chứa silic, bụi bông, bụi amiăng, bụi than, bụi tale; các loại chất, tia phóng xạ; bức xạ bởi tia X, các chất độc hại và các tia có hại khác.
1. Biểu diễn nghệ thuật.
1. Biểu diễn nghệ thuật.",Thông tư 09/2020/TT-BLĐTBXH có hiệu lực thi hành kể từ ngày 15 tháng 3 năm 2021 [C1].,16.245398000137357,970.2872904999822,"[""chunk:thong-tu-09-2020-tt-blddtbxh:khoan-thong-tu-09-2020-tt-blddtbxh-13-1:clause:30623""]","[""chunk:thong-tu-09-2020-tt-blddtbxh:dieu-thong-tu-09-2020-tt-blddtbxh-13:article:30606"", ""chunk:thong-tu-09-2020-tt-blddtbxh:doc-thong-tu-09-2020-tt-blddtbxh:document_intro:30542"", ""chunk:thong-tu-28-2015-tt-blddtbxh:dieu-thong-tu-28-2015-tt-blddtbxh-20:article:31211"", ""chunk:thong-tu-09-2020-tt-blddtbxh:khoan-thong-tu-09-2020-tt-blddtbxh-13-2:clause:30624""]",,0.75799999998
q0020,rag,single_hop_specific,"Ủy ban nhân dân tỉnh, thành phố trực thuộc trung ương có trách nhiệm báo cáo định kỳ hàng năm tới Bộ Lao động - Thương binh và Xã hội về tình hình người lao động Việt Nam đi làm việc ở nước ngoài theo hợp đồng tại địa phương hay không?",1.0,0.25,1.0,0.997660173408524,0.99999999995,1.0,0.27,"NGHỊ ĐỊNH Quy định chi tiết một số điều và biện pháp thi hành Luật Người lao động Việt Nam đi làm việc ở nước ngoài theo hợp đồng (112/2021/NĐ-CP) > Chương VII. TỔ CHỨC THỰC HIỆN > Điều 44. Trách nhiệm của Ủy ban nhân dân tỉnh, thành phố trực thuộc trung ương:
Điều 44. Trách nhiệm của Ủy ban nhân dân tỉnh, thành phố trực thuộc trung ương
1. Thực hiện quản lý nhà nước về người lao động đi làm việc ở nước ngoài tại địa phương.
2. Chỉ đạo các cơ quan chuyên môn trực thuộc và Ủy ban nhân dân cấp dưới:
a) Tuyên truyền, phổ biến chủ trương, chính sách, pháp luật của Nhà nước về người lao động Việt Nam đi làm việc ở nước ngoài theo hợp đồng;
b) Hỗ trợ các doanh nghiệp hoạt động dịch vụ đưa người lao động Việt Nam đi làm việc ở nước ngoài theo hợp đồng, đơn vị sự nghiệp tuyển lao động tại địa phương và quản lý người lao động của địa phương làm việc ở nước ngoài;
c) Giải quyết khiếu nại, tố cáo của tổ chức, cá nhân liên quan đến lĩnh vực người lao động Việt Nam đi làm việc ở nước ngoài theo hợp đồng theo thẩm quyền quy định của pháp luật;
d) Thanh tra, kiểm tra và xử lý kịp thời các vi phạm tại địa phương của các tổ chức và cá nhân đưa người lao động đi làm việc ở nước ngoài;
đ) Tổ chức tiếp nhận đăng ký hợp đồng của người lao động Việt Nam đi làm việc ở nước ngoài theo hợp đồng lao động trực tiếp giao kết với người sử dụng lao động ở nước ngoài và cập nhật trên Hệ thống cơ sở dữ liệu về người lao động Việt Nam đi làm việc ở nước ngoài theo hợp đồng;
e) Tổ chức tiếp nhận đăng ký hợp đồng của doanh nghiệp Việt Nam đưa người lao động đi làm việc ở nước ngoài theo hình thức đào tạo, nâng cao trình độ, kỹ năng nghề có thời gian dưới 90 ngày.
3. Báo cáo định kỳ hàng năm tới Bộ Lao động - Thương binh và Xã hội và báo cáo đột xuất theo yêu cầu về tình hình người lao động Việt Nam đi làm việc ở nước ngoài theo hợp đồng tại địa phương.","Có. Ủy ban nhân dân tỉnh, thành phố trực thuộc trung ương có trách nhiệm báo cáo định kỳ hàng năm tới Bộ Lao động - Thương binh và Xã hội về tình hình người lao động Việt Nam đi làm việc ở nước ngoài theo hợp đồng tại địa phương [C1], [C2].",15.231591999963712,970.2872904999822,"[""chunk:nghi-ddinh-112-2021-ndd-cp:dieu-nghi-ddinh-112-2021-ndd-cp-44:article:21080""]","[""chunk:nghi-ddinh-112-2021-ndd-cp:khoan-nghi-ddinh-112-2021-ndd-cp-44-3:clause:21089"", ""chunk:nghi-ddinh-112-2021-ndd-cp:dieu-nghi-ddinh-112-2021-ndd-cp-44:article:21080"", ""chunk:nghi-ddinh-112-2021-ndd-cp:khoan-nghi-ddinh-112-2021-ndd-cp-44-2:clause:21082"", ""chunk:nghi-ddinh-112-2021-ndd-cp:khoan-nghi-ddinh-112-2021-ndd-cp-44-1:clause:21081""]",,0.8535320346717047
q0021,rag,single_hop_specific,"Nghị định 162/2026/NĐ-CP điều chỉnh mức lương hưu, trợ cấp bảo hiểm xã hội và trợ cấp hằng tháng đối với các đối tượng hưởng lương hưu, trợ cấp bảo hiểm xã hội và trợ cấp hằng tháng trước ngày nào?",1.0,0.25,1.0,0.9108878074853944,0.499999999975,1.0,0.44,"NGHỊ ĐỊNH Điều chỉnh lương hưu, trợ cấp bảo hiểm xã hội và trợ cấp hằng tháng (162/2026/NĐ-CP) > Chương I. QUY ĐỊNH CHUNG > Điều 1. Phạm vi áp dụng và đối tượng điều chỉnh > Khoản 1:
1. Nghị định này điều chỉnh mức lương hưu, trợ cấp bảo hiểm xã hội và trợ cấp hằng tháng đối với các đối tượng hưởng lương hưu, trợ cấp bảo hiểm xã hội và trợ cấp hằng tháng trước ngày 01 tháng 7 năm 2026, bao gồm: a) Cán bộ, công chức, công nhân, viên chức và người lao động (kể cả người có thời gian tham gia bảo hiểm xã hội tự nguyện, người nghỉ hưu từ quỹ bảo hiểm xã hội nông dân Nghệ An chuyển sang theo Quyết định số 41/2009/QĐ-TTg về việc chuyển bảo hiểm xã hội nông dân Nghệ An sang bảo hiểm xã hội tự nguyện); quân nhân, công an nhân dân và người làm công tác cơ yếu đang hưởng lương hưu hằng tháng. b) Cán bộ xã, phường, thị trấn quy định tại Nghị định số 33/2023/NĐ-CP quy định về cán bộ, công chức cấp xã và người hoạt động không chuyên trách ở cấp xã, ở thôn, tổ dân phố, Nghị định số 34/2019/NĐ-CP sửa đổi, bổ sung một số quy định về cán bộ, công chức cấp xã và người hoạt động không chuyên trách ở cấp xã, ở thôn, tổ dân phố, Nghị định số 92/2009/NĐ-CP về chức danh, số lượng, một số chế độ, chính sách đối với cán bộ, công chức ở xã, phường, thị trấn và những người hoạt động không chuyên trách ở cấp xã, Nghị định số 121/2003/NĐ-CP về chế độ, chính sách đối với cán bộ, công chức ở xã, phường, thị trấn và Nghị định số 09/1998/NĐ-CP sửa đổi, bổ sung Nghị định số 50/CP ngày 26 tháng 7 năm 1995 của Chính phủ về chế độ sinh hoạt phí đối với cán bộ xã, phường, thị trấn đang hưởng lương hưu, trợ cấp hằng tháng. c) Người đang hưởng trợ cấp mất sức lao động hằng tháng theo quy định của pháp luật; người đang hưởng trợ cấp hằng tháng theo Quyết định số 91/2000/QĐ-TTg về việc trợ cấp cho những người đã hết tuổi lao động tại thời điểm ngừng hưởng trợ cấp mất sức lao động hằng tháng,","Nghị định 162/2026/NĐ-CP điều chỉnh mức lương hưu, trợ cấp bảo hiểm xã hội và trợ cấp hằng tháng đối với các đối tượng hưởng lương hưu, trợ cấp bảo hiểm xã hội và trợ cấp hằng tháng trước ngày 01 tháng 7 năm 2026 [C2], [C4].",16.69164399982037,994.0965855000741,"[""chunk:nghi-ddinh-162-2026-ndd-cp:khoan-nghi-ddinh-162-2026-ndd-cp-1-1:clause:26139""]","[""chunk:nghi-ddinh-162-2026-ndd-cp:khoan-nghi-ddinh-162-2026-ndd-cp-1-2:clause:26151"", ""chunk:nghi-ddinh-162-2026-ndd-cp:khoan-nghi-ddinh-162-2026-ndd-cp-1-1:clause:26139"", ""chunk:nghi-ddinh-162-2026-ndd-cp:khoan-nghi-ddinh-162-2026-ndd-cp-2-1:clause:26153"", ""chunk:nghi-ddinh-162-2026-ndd-cp:dieu-nghi-ddinh-162-2026-ndd-cp-1:article:26136""]",,0.7701775614920788
q0022,rag,single_hop_specific,Việc xử lý vi phạm hành chính trên môi trường điện tử phải đảm bảo những yêu cầu gì?,1.0,0.25,1.0,0.9914713558145077,0.999999999975,1.0,0.5,"LUẬT XỬ LÝ VI PHẠM HÀNH CHÍNH Luật Xử lý vi phạm hành chính số 15/2012/QH13 ngày 20 tháng 6 năm 2012 của Quốc hội, có hiệu lực kể từ ngày 01 tháng 7 năm 2013, được sửa đổi, bổ sung bởi: (90/VBHN-VPQH) > Điều 18a. Xử lý vi phạm hành chính trên môi trường điện tử[24]:
Điều 18a. Xử lý vi phạm hành chính trên môi trường điện tử[24]
1. Việc xử lý vi phạm hành chính trên môi trường điện tử được thực hiện khi bảo đảm điều kiện về cơ sở hạ tầng, kỹ thuật, thông tin.
2. Việc xử lý vi phạm hành chính trên môi trường điện tử phải bảo đảm các yêu cầu sau đây:
a) Tuân thủ quy định của pháp luật về xử lý vi phạm hành chính, pháp luật về giao dịch điện tử và pháp luật có liên quan;
b) Việc thu thập, lưu trữ, khai thác, sử dụng dữ liệu phải bảo đảm tính toàn vẹn, xác thực, an toàn, đúng mục đích, phạm vi theo quy định của pháp luật;
c) Kết nối hệ thống, chia sẻ dữ liệu, cung cấp thông tin chính xác, kịp thời phục vụ quản lý nhà nước và giám sát của cơ quan, tổ chức, cá nhân có thẩm quyền.
3. Chính phủ quy định chi tiết Điều này.","Việc xử lý vi phạm hành chính trên môi trường điện tử phải đảm bảo các yêu cầu sau đây [C1], [C3]:

*   Tuân thủ quy định của pháp luật về xử lý vi phạm hành chính, pháp luật về giao dịch điện tử và pháp luật có liên quan [C1], [C3].
*   Việc thu thập, lưu trữ, khai thác, sử dụng dữ liệu phải bảo đảm tính toàn vẹn, xác thực, an toàn, đúng mục đích, phạm vi theo quy định của pháp luật [C1], [C3].
*   Kết nối hệ thống, chia sẻ dữ liệu, cung cấp thông tin chính xác, kịp thời phục vụ quản lý nhà nước và giám sát của cơ quan, tổ chức, cá nhân có thẩm quyền [C1], [C3].",15.80491799995798,994.0965855000741,"[""chunk:90-vbhn-vpqh-699548:dieu-90-vbhn-vpqh-699548-18a:article:1309""]","[""chunk:90-vbhn-vpqh-699548:khoan-90-vbhn-vpqh-699548-18a-2:clause:1311"", ""chunk:luat-88-2025-qh15:khoan-luat-88-2025-qh15-1-2:clause:18373"", ""chunk:90-vbhn-vpqh-699548:dieu-90-vbhn-vpqh-699548-18a:article:1309"", ""chunk:90-vbhn-vpqh-699548:khoan-90-vbhn-vpqh-699548-18a-1:clause:1310""]",,0.8982942711579016
q0023,rag,single_hop_specific,Nếu vợ chồng không thỏa thuận chia được tài sản chung và yêu cầu Tòa án giải quyết thì mỗi người phải chịu án phí dân sự như thế nào?,1.0,0.25,1.0,0.9861755458815763,0.9166666666361111,1.0,0.67,"Nghị Quyết Quy Định Về Mức Thu, Miễn, Giảm, Thu, Nộp, Quản Lý Và Sử Dụng Án Phí Và Lệ Phí Tòa Án Nước Cộng Hòa Xã Hội Chủ Nghĩa Việt Nam (326/2016/UBTVQH14) > Chương III. ÁN PHÍ TRONG VỤ ÁN DÂN SỰ > Điều 27. Nghĩa vụ chịu án phí dân sự sơ thẩm trong một số loại việc cụ thể > Khoản 5 > Điểm c:
c) Trường hợp vợ chồng yêu cầu người khác thực hiện nghĩa vụ về tài sản mà Tòa án chấp nhận yêu cầu của vợ, chồng, thì người có nghĩa vụ về tài sản phải chịu án phí dân sự sơ thẩm đối với giá trị phân tài sản mà họ phải thực hiện; nếu họ không thỏa thuận chia được với nhau mà gộp vào tài sản chung và có yêu cầu Tòa án giải quyết thì mỗi người phải chịu án phí dân sự tương ứng với giá trị phần tài sản mà họ được chia;","Nếu vợ chồng không thỏa thuận chia được tài sản chung và yêu cầu Tòa án giải quyết thì mỗi người phải chịu án phí dân sự tương ứng với giá trị phần tài sản mà họ được chia [C1], [C4].",15.814104000128282,979.6577024999351,"[""chunk:nghi-quyet-326-2016-ubtvqh14:diem-nghi-quyet-326-2016-ubtvqh14-27-5-c:point:30436""]","[""chunk:nghi-quyet-326-2016-ubtvqh14:dieu-nghi-quyet-326-2016-ubtvqh14-27:sliding:30421"", ""chunk:nghi-quyet-326-2016-ubtvqh14:khoan-nghi-quyet-326-2016-ubtvqh14-27-5:clause:30432"", ""chunk:nghi-quyet-326-2016-ubtvqh14:diem-nghi-quyet-326-2016-ubtvqh14-27-5-e:point:30439"", ""chunk:nghi-quyet-326-2016-ubtvqh14:diem-nghi-quyet-326-2016-ubtvqh14-27-5-c:point:30436""]",,0.9145684425035375
q0024,rag,single_hop_specific,"Tiền bồi thường, trợ cấp phải được thanh toán một lần cho người lao động hoặc thân nhân của họ trong thời hạn bao nhiêu ngày kể từ ngày người sử dụng lao động ra quyết định bồi thường, trợ cấp?",1.0,0.25,1.0,0.9516766101647148,0.99999999995,1.0,0.57,"THÔNG TƯ Quy định chi tiết và hướng dẫn thi hành một số điều của Luật An toàn, vệ sinh lao động về chế độ đối với người lao động bị tai nạn lao động, bệnh nghề nghiệp (28/2021/TT-BLĐTBXH) > Chương II. MỘT SỐ CHẾ ĐỘ ĐỐI VỚI NGƯỜI BỊ TAI NẠN LAO ĐỘNG, BỆNH NGHỀ NGHIỆP THUỘC TRÁCH NHIỆM CỦA NGƯỜI SỬ DỤNG LAO ĐỘNG > Điều 7. Thời hạn thực hiện bồi thường, trợ cấp:
Điều 7. Thời hạn thực hiện bồi thường, trợ cấp
1. Quyết định bồi thường, trợ cấp của người sử dụng lao động đối với người bị tai nạn lao động, bệnh nghề nghiệp phải được hoàn tất trong thời hạn 5 ngày làm việc, kể từ ngày nhận được biên bản giám định của Hội đồng Giám định Y khoa về mức độ suy giảm khả năng lao động đối với những vụ tai nạn lao động nặng hoặc kể từ ngày Đoàn điều tra tai nạn lao động cấp tỉnh hoặc cấp trung ương tổ chức cuộc họp công bố Biên bản điều tra tai nạn lao động tại cơ sở đối với những vụ tai nạn lao động chết người.
2. Tiền bồi thường, trợ cấp phải được thanh toán một lần cho người lao động hoặc thân nhân của họ, trong thời hạn 05 ngày kể từ ngày người sử dụng lao động ra quyết định bồi thường, trợ cấp.","Tiền bồi thường, trợ cấp phải được thanh toán một lần cho người lao động hoặc thân nhân của họ trong thời hạn **05 ngày** kể từ ngày người sử dụng lao động ra quyết định bồi thường, trợ cấp [C1], [C2].",15.388824999718054,979.6577024999351,"[""chunk:thong-tu-28-2021-tt-blddtbxh:dieu-thong-tu-28-2021-tt-blddtbxh-7:article:31273""]","[""chunk:thong-tu-28-2021-tt-blddtbxh:khoan-thong-tu-28-2021-tt-blddtbxh-7-2:clause:31275"", ""chunk:thong-tu-28-2021-tt-blddtbxh:dieu-thong-tu-28-2021-tt-blddtbxh-7:article:31273"", ""chunk:luat-84-2015-qh13:khoan-luat-84-2015-qh13-60-3:clause:18085"", ""chunk:thong-tu-28-2021-tt-blddtbxh:khoan-thong-tu-28-2021-tt-blddtbxh-7-1:clause:31274""]",,0.9043353220229429
q0025,rag,single_hop_specific,"Trong trường hợp nào, việc chuyển và bàn giao tang vật, phương tiện vi phạm hành chính đến cơ quan tiếp nhận quyết định xử phạt để thi hành phải lập thành biên bản?",1.0,0.25,0.5,0.9841288930584323,0.9999999999,1.0,0.4,"NGHỊ ĐỊNH Quy định chi tiết một số điều và biện pháp thi hành Luật Xử lý vi phạm hành chính (118/2021/NĐ-CP) > Chương III. ÁP DỤNG QUY ĐỊNH VỀ XỬ PHẠT VI PHẠM HÀNH CHÍNH > Điều 22. Chuyển quyết định xử phạt vi phạm hành chính để tổ chức thi hành > Khoản 1:
1. Cơ quan của người đã ra quyết định xử phạt vi phạm hành chính đối với các trường hợp quy định tại khoản 1 và khoản 2 Điều 71 Luật Xử lý vi phạm hành chính có trách nhiệm chuyển toàn bộ bản gốc hồ sơ, giấy tờ liên quan đến cơ quan tiếp nhận quyết định xử phạt để thi hành. Tang vật, phương tiện vi phạm hành chính bị tạm giữ, tịch thu (nếu có) được chuyển đến cơ quan tiếp nhận quyết định xử phạt để thi hành.
Việc chuyển và bàn giao tang vật, phương tiện vi phạm hành chính đến cơ quan tiếp nhận quyết định xử phạt để thi hành phải lập thành biên bản.","Việc chuyển và bàn giao tang vật, phương tiện vi phạm hành chính đến cơ quan tiếp nhận quyết định xử phạt để thi hành phải lập thành biên bản trong trường hợp cơ quan của người đã ra quyết định xử phạt vi phạm hành chính chuyển toàn bộ bản gốc hồ sơ, giấy tờ liên quan đến cơ quan tiếp nhận quyết định xử phạt để thi hành [C1].",15.491977000237966,1024.9186594999173,"[""chunk:nghi-ddinh-118-2021-ndd-cp:khoan-nghi-ddinh-118-2021-ndd-cp-22-1:clause:21889""]","[""chunk:nghi-ddinh-118-2021-ndd-cp:khoan-nghi-ddinh-118-2021-ndd-cp-22-1:clause:21889"", ""chunk:nghi-ddinh-118-2021-ndd-cp:khoan-nghi-ddinh-118-2021-ndd-cp-3-2:sliding:21403"", ""chunk:luat-15-2012-qh13:khoan-luat-15-2012-qh13-81-1:clause:8519"", ""chunk:nghi-ddinh-118-2021-ndd-cp:khoan-nghi-ddinh-118-2021-ndd-cp-3-2:sliding:21404""]",,0.7768257785916864
q0026,rag,single_hop_specific,Trường hợp người lao động đang tham gia bảo hiểm xã hội hoặc đang bảo lưu thời gian đóng bảo hiểm xã hội chết thì trợ cấp tuất một lần được tính theo quy định tại văn bản nào?,0.0,0.0,1.0,0.9603460260019231,0.9999999999,1.0,0.31,"NGHỊ ĐỊNH Quy định chi tiết và hướng dẫn thi hành một số điều của Luật Bảo hiểm xã hội về bảo hiểm xã hội bắt buộc (158/2025/NĐ-CP) > Chương III. CHẾ ĐỘ BẢO HIỂM XÃ HỘI BẮT BUỘC > Mục 2. CHẾ ĐỘ TỬ TUẤT > Điều 21. Chế độ tử tuất đối với người vừa có thời gian đóng bảo hiểm xã hội tự nguyện vừa có thời gian đóng bảo hiểm xã hội bắt buộc > Khoản 5 > Điểm a:
a) Đối với người lao động đang tham gia bảo hiểm xã hội hoặc đang bảo lưu thời gian đóng bảo hiểm xã hội chết thì trợ cấp tuất một lần được tính theo quy định tại khoản 1 Điều 89 của Luật Bảo hiểm xã hội trên cơ sở mức bình quân thu nhập và tiền lương làm căn cứ đóng bảo hiểm xã hội theo quy định tại khoản 5 Điều 17 của Nghị định này;","Trường hợp người lao động đang tham gia bảo hiểm xã hội hoặc đang bảo lưu thời gian đóng bảo hiểm xã hội chết thì trợ cấp tuất một lần được tính theo quy định tại khoản 1 Điều 89 của Luật Bảo hiểm xã hội trên cơ sở mức bình quân thu nhập và tiền lương làm căn cứ đóng bảo hiểm xã hội theo quy định tại khoản 5 Điều 17 của Nghị định 158/2025/NĐ-CP [C1].

Cụ thể, mức trợ cấp tuất một lần đối với thân nhân của đối tượng này bằng mức trợ cấp tuất cho mỗi năm đóng bảo hiểm xã hội nhân với số năm đóng bảo hiểm xã hội nhưng không thấp hơn 03 tháng mức bình quân tiền lương làm căn cứ đóng bảo hiểm xã hội [C2].

Mức trợ cấp tuất cho mỗi năm đóng bảo hiểm xã hội được quy định như sau [C2]:
*   Bằng 1,5 tháng mức bình quân tiền lương làm căn cứ đóng bảo hiểm xã hội cho những năm đóng bảo hiểm xã hội trước năm 2014. Trường hợp thời gian đóng bảo hiểm xã hội có cả trước và sau năm 2014 mà thời gian đóng trước năm 2014 có tháng lẻ thì những tháng lẻ đó được chuyển sang giai đoạn đóng bảo hiểm xã hội từ năm 2014 trở đi.
*   Bằng 02 tháng mức bình quân tiền lương làm căn cứ đóng bảo hiểm xã hội cho các năm đóng bảo hiểm xã hội từ năm 2014 trở đi.",16.481796000334725,1024.9186594999173,"[""chunk:nghi-ddinh-158-2025-ndd-cp:diem-nghi-ddinh-158-2025-ndd-cp-21-5-a:point:25796""]","[""chunk:nghi-ddinh-158-2025-ndd-cp:khoan-nghi-ddinh-158-2025-ndd-cp-21-5:clause:25795"", ""chunk:luat-41-2024-qh15:dieu-luat-41-2024-qh15-89:article:11252"", ""chunk:luat-41-2024-qh15:dieu-luat-41-2024-qh15-110:article:11375"", ""chunk:luat-58-2014-qh13:khoan-luat-58-2014-qh13-70-1:clause:14426""]",,0.8540692051803846
q0027,rag,single_hop_specific,"Trong trường hợp các bên không có thỏa thuận khác hoặc quy tắc tố tụng của Trung tâm trọng tài không có quy định khác, giấy triệu tập tham dự phiên họp phải được gửi cho các bên chậm nhất bao nhiêu ngày trước ngày mở phiên họp?",1.0,0.25,1.0,0.9744619451110739,0.99999999995,1.0,0.67,"Luật Trọng Tài Thương Mại (54/2010/QH12) > Chương VIII. PHIÊN HỌP GIẢI QUYẾT TRANH CHẤP > Điều 54. Chuẩn bị phiên họp giải quyết tranh chấp:
Điều 54. Chuẩn bị phiên họp giải quyết tranh chấp
1. Trường hợp các bên không có thoả thuận khác hoặc quy tắc tố tụng của Trung tâm trọng tài không có quy định khác, thời gian và địa điểm mở phiên họp do Hội đồng trọng tài quyết định.
2. Trường hợp các bên không có thoả thuận khác hoặc quy tắc tố tụng của Trung tâm trọng tài không có quy định khác, giấy triệu tập tham dự phiên họp phải được gửi cho các bên chậm nhất 30 ngày trước ngày mở phiên họp.","Trong trường hợp các bên không có thỏa thuận khác hoặc quy tắc tố tụng của Trung tâm trọng tài không có quy định khác, giấy triệu tập tham dự phiên họp phải được gửi cho các bên chậm nhất 30 ngày trước ngày mở phiên họp [C1], [C2].",16.2484420002329,934.980459000144,"[""chunk:luat-54-2010-qh12:dieu-luat-54-2010-qh12-54:article:13493""]","[""chunk:luat-54-2010-qh12:khoan-luat-54-2010-qh12-54-2:clause:13495"", ""chunk:luat-54-2010-qh12:dieu-luat-54-2010-qh12-54:article:13493"", ""chunk:luat-54-2010-qh12:khoan-luat-54-2010-qh12-54-1:clause:13494"", ""chunk:nghi-ddinh-145-2020-ndd-cp:diem-nghi-ddinh-145-2020-ndd-cp-102-5-a:point:25084""]",,0.9288923890122147
q0028,rag,single_hop_specific,"Người sử dụng lao động có trách nhiệm gì khi phát hiện dấu hiệu rủi ro về bảo mật, giả mạo, sai lệch thông tin hoặc truy cập trái phép?",0.0,0.0,0.2,0.996111961487933,0.9999999999,1.0,0.42,"NGHỊ ĐỊNH Quy định về hợp đồng lao động điện tử (337/2025/NĐ-CP) > Chương IV. TỔ CHỨC THỰC HIỆN > Điều 19. Quyền và trách nhiệm của người sử dụng lao động:
Điều 19. Quyền và trách nhiệm của người sử dụng lao động
1. Người sử dụng lao động có các quyền sau đây:
a) Đăng ký và sử dụng tài khoản truy cập Nền tảng hợp đồng lao động điện tử để tra cứu, xác minh và quản lý dữ liệu hợp đồng lao động điện tử của mình đã giao kết.
b) Sử dụng eContract để khai trình lao động và báo cáo tình hình sử dụng lao động theo quy định tại Điều 4 Nghị định số 145/2020/NĐ-CP ngày 14 tháng 12 năm 2020 của Chính phủ quy định chi tiết và hướng dẫn thi hành một số điều của Bộ luật Lao động về điều kiện lao động và quan hệ lao động.
c) Chia sẻ, sử dụng dữ liệu hợp đồng lao động điện tử của mình từ Nền tảng hợp đồng lao động điện tử để báo cáo về tình hình sử dụng lao động, thực hiện các thủ tục hành chính, giao dịch điện tử có liên quan theo quy định pháp luật.
2. Người sử dụng lao động có trách nhiệm sau đây:
a) Thực hiện việc giao kết, sửa đổi, bổ sung, tạm hoãn và chấm dứt hợp đồng lao động điện tử theo quy định tại Nghị định này.
b) Lưu trữ và bảo mật dữ liệu hợp đồng lao động điện tử, bảo đảm tính toàn vẹn và khả năng truy xuất khi cần thiết.
c) Phối hợp với Nhà cung cấp eContract và cơ quan quản lý nhà nước trong việc kiểm tra, xác minh thông tin và giải quyết các vấn đề phát sinh liên quan đến hợp đồng lao động điện tử.
d) Tổ chức hướng dẫn, đào tạo, cung cấp các phương tiện, điều kiện để hỗ trợ người lao động giao kết, thực hiện hợp đồng lao động điện tử; sử dụng, truy cập hợp đồng lao động điện tử trên Nền tảng hợp đồng lao động điện tử.
đ) Thông báo ngay cho cơ quan quản lý Nền tảng hợp đồng lao động điện tử khi phát hiện có dấu hiệu rủi ro về bảo mật, giả mạo, sai lệch thông tin hoặc truy cập trái phép.
e) Tuân thủ quy định pháp luật về bảo vệ bí mật nhà nước, bảo vệ dữ liệu cá nhân và quy chế hoạt động của Nền tảng hợp đồng lao động điện tử trong quá trình khai thác, sử dụng dữ liệu hợp đồng lao động điện tử.","Khi phát hiện dấu hiệu rủi ro về bảo mật, giả mạo, sai lệch thông tin hoặc truy cập trái phép, người sử dụng lao động có trách nhiệm thông báo ngay cho cơ quan quản lý Nền tảng hợp đồng lao động điện tử [C1].",17.053100999874005,934.980459000144,"[""chunk:nghi-ddinh-337-2025-ndd-cp:dieu-nghi-ddinh-337-2025-ndd-cp-19:article:28505""]","[""chunk:nghi-ddinh-337-2025-ndd-cp:diem-nghi-ddinh-337-2025-ndd-cp-19-2-dd:point:28515"", ""chunk:nghi-ddinh-337-2025-ndd-cp:diem-nghi-ddinh-337-2025-ndd-cp-20-2-d:point:28525"", ""chunk:nghi-ddinh-337-2025-ndd-cp:khoan-nghi-ddinh-337-2025-ndd-cp-20-2:clause:28521"", ""chunk:nghi-ddinh-352-2025-ndd-cp:khoan-nghi-ddinh-352-2025-ndd-cp-23-4:clause:29127""]",,0.7232223922775866
q0029,rag,single_hop_specific,Mức trợ cấp tuất một lần cho thân nhân của người lao động có thời gian đóng bảo hiểm xã hội chưa đủ một năm tối đa là bao nhiêu?,1.0,0.25,1.0,0.9985351316346012,0.8333333332916666,1.0,0.18,"Luật Bảo Hiểm Xã Hội (58/2014/QH13) > Chương IV. BẢO HIỂM XÃ HỘI TỰ NGUYỆN > Mục 2. CHẾ ĐỘ TỬ TUẤT > Điều 81. Trợ cấp tuất:
Điều 81. Trợ cấp tuất
1. Người lao động đang đóng bảo hiểm xã hội, người lao động đang bảo lưu thời gian đóng bảo hiểm xã hội, người đang hưởng lương hưu khi chết thì thân nhân được hưởng trợ cấp tuất một lần.
2. Mức trợ cấp tuất một lần đối với thân nhân của người lao động đang đóng bảo hiểm xã hội hoặc đang bảo lưu thời gian đóng bảo hiểm xã hội được tính theo số năm đã đóng bảo hiểm xã hội, cứ mỗi năm tính bằng 1,5 tháng mức bình quân thu nhập tháng đóng bảo hiểm xã hội quy định tại Điều 79 của Luật này cho những năm đóng bảo hiểm xã hội trước năm 2014; bằng 02 tháng mức bình quân thu nhập tháng đóng bảo hiểm xã hội cho các năm đóng từ năm 2014 trở đi.
Trường hợp người lao động có thời gian đóng bảo hiểm xã hội chưa đủ một năm thì mức trợ cấp tuất một lần bằng số tiền đã đóng nhưng mức tối đa bằng 02 tháng mức bình quân thu nhập tháng đóng bảo hiểm xã hội; trường hợp người lao động có cả thời gian đóng bảo hiểm xã hội bắt buộc và tự nguyện thì mức hưởng trợ cấp tuất một lần tối thiểu bằng 03 tháng mức bình quân tiền lương và thu nhập tháng đóng bảo hiểm xã hội.
3. Mức trợ cấp tuất một lần đối với thân nhân của người đang hưởng lương hưu chết được tính theo thời gian đã hưởng lương hưu, nếu chết trong 02 tháng đầu hưởng lương hưu thì tính bằng 48 tháng lương hưu đang hưởng; trường hợp chết vào những tháng sau đó, cứ hưởng thêm 01 tháng lương hưu thì mức trợ cấp giảm đi 0,5 tháng lương hưu.",Mức trợ cấp tuất một lần cho thân nhân của người lao động có thời gian đóng bảo hiểm xã hội chưa đủ một năm tối đa bằng 02 tháng mức bình quân thu nhập tháng đóng bảo hiểm xã hội [C1].,16.675510999903054,988.2761384999412,"[""chunk:luat-58-2014-qh13:dieu-luat-58-2014-qh13-81:article:14480""]","[""chunk:luat-58-2014-qh13:khoan-luat-58-2014-qh13-81-2:clause:14482"", ""chunk:luat-58-2014-qh13:khoan-luat-58-2014-qh13-70-1:clause:14426"", ""chunk:luat-58-2014-qh13:dieu-luat-58-2014-qh13-81:article:14480"", ""chunk:luat-41-2024-qh15:khoan-luat-41-2024-qh15-89-1:clause:11254""]",,0.8023736929852536
q0030,rag,single_hop_specific,Hành vi nào bị nghiêm cấm theo Luật Dân số?,1.0,0.25,1.0,0.9919168239115723,0.9999999999,1.0,0.88,"Luật Dân Số (113/2025/QH15) > Chương I. NHỮNG QUY ĐỊNH CHUNG > Điều 6. Các hành vi bị nghiêm cấm:
Điều 6. Các hành vi bị nghiêm cấm
1. Tuyên truyền, phổ biến hoặc đưa thông tin có nội dung sai sự thật, xuyên tạc chủ trương, đường lối của Đảng và chính sách, pháp luật của Nhà nước về dân số.
2. Cản trở việc tuyên truyền, giáo dục, vận động phổ biến thông tin, tư vấn về dân số, kế hoạch hóa gia đình, tiếp cận dịch vụ dân số.
3. Lựa chọn giới tính thai nhi dưới mọi hình thức; thông báo, tiết lộ giới tính thai nhi, trừ trường hợp do Bộ trưởng Bộ Y tế quy định để phục vụ chẩn đoán và điều trị các bệnh liên quan đến giới tính.
4. Cưỡng bức, ép buộc việc sinh con hoặc không sinh con.
5. Kỳ thị, phân biệt đối xử trong tiếp cận dịch vụ dân số.
6. Nhân bản vô tính người.","Theo Luật Dân số, các hành vi sau đây bị nghiêm cấm:
* Tuyên truyền, phổ biến hoặc đưa thông tin có nội dung sai sự thật, xuyên tạc chủ trương, đường lối của Đảng và chính sách, pháp luật của Nhà nước về dân số [C1].
* Cản trở việc tuyên truyền, giáo dục, vận động phổ biến thông tin, tư vấn về dân số, kế hoạch hóa gia đình, tiếp cận dịch vụ dân số [C1], [C4].
* Lựa chọn giới tính thai nhi dưới mọi hình thức; thông báo, tiết lộ giới tính thai nhi, trừ trường hợp do Bộ trưởng Bộ Y tế quy định để phục vụ chẩn đoán và điều trị các bệnh liên quan đến giới tính [C1].
* Cưỡng bức, ép buộc việc sinh con hoặc không sinh con [C1], [C2].
* Kỳ thị, phân biệt đối xử trong tiếp cận dịch vụ dân số [C1], [C3].
* Nhân bản vô tính người [C1].",15.546837999863783,988.2761384999412,"[""chunk:luat-113-2025-qh15:dieu-luat-113-2025-qh15-6:article:6877""]","[""chunk:luat-113-2025-qh15:dieu-luat-113-2025-qh15-6:article:6877"", ""chunk:luat-113-2025-qh15:khoan-luat-113-2025-qh15-6-4:clause:6881"", ""chunk:luat-113-2025-qh15:khoan-luat-113-2025-qh15-6-5:clause:6882"", ""chunk:luat-113-2025-qh15:khoan-luat-113-2025-qh15-6-2:clause:6879""]",,0.9743833647623145
q0031,rag,single_hop_specific,"Theo Luật Công Đoàn, tài chính công đoàn được sử dụng cho những nhiệm vụ nào?",1.0,0.25,,0.9961507084515755,0.9999999999666667,1.0,0.58,"Luật Công Đoàn (50/2024/QH15) > Chương IV. BẢO ĐẢM HOẠT ĐỘNG CỦA CÔNG ĐOÀN > Điều 31. Quản lý, sử dụng tài chính công đoàn:
Điều 31. Quản lý, sử dụng tài chính công đoàn 1. Tài chính công đoàn được sử dụng phục vụ hoạt động công đoàn và bảo đảm các nguyên tắc sau đây: a) Việc quản lý và sử dụng tài chính công đoàn phải bảo đảm nguyên tắc tập trung, công khai, minh bạch, tiết kiệm, hiệu quả, có phân công, phân cấp quản lý, gắn quyền hạn và trách nhiệm của công đoàn các cấp; b) Tổ chức công đoàn các cấp thực hiện công tác kế toán, thống kê, báo cáo, quyết toán tài chính công đoàn theo quy định của pháp luật về kế toán, thống kê; c) Công đoàn thực hiện quản lý, sử dụng tài chính công đoàn theo quy định của pháp luật và quy định của Tổng Liên đoàn Lao động Việt Nam. 2. Tài chính công đoàn được sử dụng cho các nhiệm vụ sau đây: a) Thực hiện hoạt động đại diện, bảo vệ quyền, lợi ích hợp pháp, chính đáng của đoàn viên công đoàn và người lao động; tham gia xây dựng quan hệ lao động tiến bộ, hài hòa và ổn định; b) Tuyên truyền, phổ biến, giáo dục đường lối, chủ trương của Đảng, chính sách, pháp luật của Nhà nước; nâng cao trình độ, chuyên môn, kỹ năng nghề nghiệp, tác phong làm việc cho đoàn viên công đoàn, người lao động; c) Thăm hỏi, trợ cấp cho đoàn viên công đoàn và người lao động khi ốm đau, thai sản, khó khăn, hoạn nạn; tổ chức hoạt động chăm lo khác đối với đoàn viên công đoàn và người lao động; d) Phát triển đoàn viên công đoàn, thành lập công đoàn cơ sở, nghiệp đoàn cơ sở và xây dựng Công đoàn vững mạnh; đ) Đào tạo, bồi dưỡng cán bộ công đoàn; đào tạo, bồi dưỡng người lao động ưu tú tạo nguồn cán bộ cho Đảng, Nhà nước và tổ chức Công đoàn; e) Tổ chức phong trào thi đua do Công đoàn chủ trì hoặc phối hợp phát động; g) Tổ chức hoạt động văn hóa, thể thao, tham quan, du","Theo Luật Công đoàn, tài chính công đoàn được sử dụng cho các nhiệm vụ sau đây [C1], [C2], [C3], [C4]:

*   Thực hiện hoạt động đại diện, bảo vệ quyền, lợi ích hợp pháp, chính đáng của đoàn viên công đoàn và người lao động; tham gia xây dựng quan hệ lao động tiến bộ, hài hòa và ổn định [C1].
*   Tuyên truyền, phổ biến, giáo dục đường lối, chủ trương của Đảng, chính sách, pháp luật của Nhà nước; nâng cao trình độ, chuyên môn, kỹ năng nghề nghiệp, tác phong làm việc cho đoàn viên công đoàn, người lao động [C1].
*   Thăm hỏi, trợ cấp cho đoàn viên công đoàn và người lao động khi ốm đau, thai sản, khó khăn, hoạn nạn; tổ chức hoạt động chăm lo khác đối với đoàn viên công đoàn và người lao động [C1].
*   Phát triển đoàn viên công đoàn, thành lập công đoàn cơ sở, nghiệp đoàn cơ sở và xây dựng Công đoàn vững mạnh [C1].
*   Đào tạo, bồi dưỡng cán bộ công đoàn; đào tạo, bồi dưỡng người lao động ưu tú tạo nguồn cán bộ cho Đảng, Nhà nước và tổ chức Công đoàn [C1].
*   Tổ chức phong trào thi đua do Công đoàn chủ trì hoặc phối hợp phát động [C1].
*   Tổ chức hoạt động văn hóa, thể thao, tham quan, du lịch cho đoàn viên công đoàn và người lao động [C1].
*   Khen thưởng, động viên người lao động, con của người lao động có thành tích trong học tập, công tác [C1].
*   Đầu tư xây dựng nhà ở xã hội cho đoàn viên công đoàn và người lao động thuê; công trình văn hóa, thể thao, hạ tầng kỹ thuật có liên quan phục vụ đoàn viên công đoàn, người lao động theo quy định của pháp luật [C1].
*   Hoạt động bảo đảm bình đẳng giới phù hợp với chức năng, nhiệm vụ của tổ chức Công đoàn [C1].
*   Nghiên cứu khoa học, công nghệ, đổi mới sáng tạo và chuyển đổi số của tổ chức Công đoàn [C1].
*   Chi quản lý hành chính để phục vụ hoạt động của tổ chức Công đoàn các cấp, hoạt động hợp tác quốc tế của Công đoàn [C1].
*   Trả lương, phụ cấp và các khoản phải nộp theo lương cho cán bộ công đoàn chuyên trách, phụ cấp hoạt động cho cán bộ công đoàn không chuyên trách [C4].
*   Hỗ trợ cho cán bộ công đoàn không chuyên trách trong thời gian gián đoạn việc làm, không thể trở lại làm công việc cũ do bị người sử dụng lao động chấm dứt hợp đồng lao động, hợp đồng làm việc, buộc thôi việc hoặc sa thải trái pháp luật [C4].
*   Hỗ trợ công đoàn cơ sở nơi được miễn, giảm hoặc tạm dừng đóng kinh phí công đoàn quy định tại Điều 30 của Luật này để chăm lo cho đoàn viên công đoàn, người lao động [C4].
*   Hoạt động xã hội do Công đoàn chủ trì hoặc phối hợp [C4].
*   Nhiệm vụ chi khác theo quy định của pháp luật [C4].",15.792903000146907,31932.397919999858,"[""chunk:luat-50-2024-qh15:dieu-luat-50-2024-qh15-31:article:12470""]","[""chunk:luat-50-2024-qh15:khoan-luat-50-2024-qh15-31-2:clause:12477"", ""chunk:luat-50-2024-qh15:dieu-luat-50-2024-qh15-31:article:12470"", ""chunk:luat-50-2024-qh15:dieu-luat-50-2024-qh15-31:sliding:12471"", ""chunk:luat-50-2024-qh15:khoan-luat-50-2024-qh15-31-2:sliding:12478""]","RuntimeError: Judge không trả được JSON hợp lệ: 1 validation error for NLIStatementOutput
statements
  Field required [type=missing, input_value={'statement': 'Tài chín...ộng"".', 'verdict': 1}, input_type=dict]
    For further information visit https://errors.pydantic.dev/2.12/v/missing",0.8940376771045606
q0032,rag,single_hop_specific,"Trong thời hạn bao nhiêu ngày làm việc kể từ ngày người sử dụng lao động thông báo tuyển dụng người lao động, doanh nghiệp có trách nhiệm cập nhật kết quả trên Sàn giao dịch việc làm quốc gia?",1.0,0.25,1.0,0.9806466857760479,0.8333333332916666,1.0,0.57,"NGHỊ ĐỊNH Quy định chi tiết một số điều của Luật Việc làm về dịch vụ việc làm (352/2025/NĐ-CP) > Chương III. DOANH NGHIỆP HOẠT ĐỘNG DỊCH VỤ VIỆC LÀM > Điều 23. Trách nhiệm của doanh nghiệp hoạt động dịch vụ việc làm > Khoản 2:
2. Trong thời hạn 20 ngày làm việc, kể từ ngày người sử dụng lao động thông báo tuyển dụng người lao động, doanh nghiệp có trách nhiệm cập nhật kết quả trên Sàn giao dịch việc làm quốc gia; thực hiện theo dõi tình trạng việc làm của người lao động do doanh nghiệp giới thiệu tối thiểu 01 tháng hoặc trong thời gian thực hiện hợp đồng lao động đối với những trường hợp thực hiện hợp đồng lao động dưới 01 tháng theo Mẫu số 04 Phụ lục I ban hành kèm theo Nghị định này.","Trong thời hạn 20 ngày làm việc kể từ ngày người sử dụng lao động thông báo tuyển dụng người lao động, doanh nghiệp có trách nhiệm cập nhật kết quả trên Sàn giao dịch việc làm quốc gia [C1], [C4].",15.014647000043624,31932.397919999858,"[""chunk:nghi-ddinh-352-2025-ndd-cp:khoan-nghi-ddinh-352-2025-ndd-cp-23-2:clause:29125""]","[""chunk:nghi-ddinh-352-2025-ndd-cp:khoan-nghi-ddinh-352-2025-ndd-cp-23-2:clause:29125"", ""chunk:nghi-ddinh-352-2025-ndd-cp:khoan-nghi-ddinh-352-2025-ndd-cp-10-2:clause:28978"", ""chunk:nghi-ddinh-283-2026-ndd-cp:diem-nghi-ddinh-283-2026-ndd-cp-8-2-d:point:26869"", ""chunk:nghi-ddinh-283-2026-ndd-cp:diem-nghi-ddinh-283-2026-ndd-cp-9-3-a:point:26882""]",,0.876796003813543
q0033,rag,single_hop_specific,"Nguyên tắc xếp loại chất lượng cán bộ, công chức là gì?",0.0,0.0,0.5,0.9999999999999998,0.0,0.16666666666666666,0.0,"Luật Sửa Đổi, Bổ Sung Một Số Điều Của Luật Cán Bộ, Công Chức Và Luật Viên Chức (52/2019/QH14) > Điều 1. Sửa đổi, bổ sung một số điều của Luật Cán bộ, công chức > Khoản 1 > Điểm c:
c) Hoàn thành nhiệm vụ;
c) Bộ, cơ quan ngang bộ, cơ quan thuộc Chính phủ, tổ chức do Chính phủ, Thủ tướng Chính phủ thành lập mà không phải là đơn vị sự nghiệp công lập tuyển dụng và phân cấp tuyển dụng công chức trong cơ quan, tổ chức, đơn vị thuộc quyền quản lý;
c) Đáp ứng yêu cầu về văn bằng, chứng chỉ của ngạch công chức đăng ký dự thi;
c) Năng lực, trình độ chuyên môn, nghiệp vụ;
c) Hoàn thành nhiệm vụ;
c) Hạ bậc lương;","Nguyên tắc xếp loại chất lượng cán bộ, công chức là việc sử dụng, đánh giá, phân loại cán bộ, công chức phải dựa trên phẩm chất chính trị, đạo đức và năng lực thi hành công vụ [C1], [C3].

Ngoài ra, việc đánh giá, bố trí, sử dụng cán bộ, công chức phải căn cứ vào phẩm chất chính trị, đạo đức, năng lực và kết quả, hiệu quả thực thi nhiệm vụ theo yêu cầu vị trí việc làm [C4].",14.996789999713656,848.6672584999724,"[""chunk:luat-52-2019-qh14:diem-luat-52-2019-qh14-1-1-c:point:13099""]","[""chunk:luat-22-2008-qh12:khoan-luat-22-2008-qh12-5-4:clause:8916"", ""chunk:luat-80-2025-qh15:dieu-luat-80-2025-qh15-26:article:17501"", ""chunk:luat-22-2008-qh12:dieu-luat-22-2008-qh12-5:article:8912"", ""chunk:luat-80-2025-qh15:khoan-luat-80-2025-qh15-3-4:clause:17325""]",,0.3333333333333333
q0034,rag,single_hop_specific,"Cơ quan, tổ chức, cá nhân hoạt động trong lĩnh vực sức khỏe có được cung cấp dữ liệu cá nhân cho bên thứ ba là tổ chức cung cấp dịch vụ chăm sóc sức khỏe hoặc dịch vụ bảo hiểm sức khỏe, bảo hiểm nhân thọ khi có yêu cầu bằng văn bản của chủ thể dữ liệu cá nhân hay không?",1.0,0.25,0.5714285714285714,0.9786419032298752,0.99999999995,1.0,0.33,"Luật Bảo Vệ Dữ Liệu Cá Nhân (91/2025/QH15) > Chương II. BẢO VỆ DỮ LIỆU CÁ NHÂN > Mục 2. BẢO VỆ DỮ LIỆU CÁ NHÂN TRONG MỘT SỐ HOẠT ĐỘNG > Điều 26. Bảo vệ dữ liệu cá nhân đối với thông tin sức khỏe và trong hoạt động kinh doanh bảo hiểm > Khoản 2:
2. Cơ quan, tổ chức, cá nhân hoạt động trong lĩnh vực sức khỏe không cung cấp dữ liệu cá nhân cho bên thứ ba là tổ chức cung cấp dịch vụ chăm sóc sức khỏe hoặc dịch vụ bảo hiểm sức khỏe, bảo hiểm nhân thọ, trừ trường hợp có yêu cầu bằng văn bản của chủ thể dữ liệu cá nhân hoặc trường hợp quy định tại khoản 1 Điều 19 của Luật này.","Có. Cơ quan, tổ chức, cá nhân hoạt động trong lĩnh vực sức khỏe được cung cấp dữ liệu cá nhân cho bên thứ ba là tổ chức cung cấp dịch vụ chăm sóc sức khỏe hoặc dịch vụ bảo hiểm sức khỏe, bảo hiểm nhân thọ khi có yêu cầu bằng văn bản của chủ thể dữ liệu cá nhân [C1].",15.646063000076538,848.6672584999724,"[""chunk:luat-91-2025-qh15:khoan-luat-91-2025-qh15-26-2:clause:18715""]","[""chunk:luat-91-2025-qh15:khoan-luat-91-2025-qh15-26-2:clause:18715"", ""chunk:luat-91-2025-qh15:dieu-luat-91-2025-qh15-26:article:18711"", ""chunk:luat-91-2025-qh15:khoan-luat-91-2025-qh15-26-1:clause:18712"", ""chunk:luat-91-2025-qh15:khoan-luat-91-2025-qh15-26-3:clause:18716""]",,0.7760140949216894
q0035,rag,single_hop_specific,Bộ Nội vụ có trách nhiệm báo cáo Chính phủ về đội ngũ viên chức khi nào?,1.0,0.25,1.0,1.0,0.9166666666361111,1.0,0.2,"Luật Viên Chức (58/2010/QH12) > Chương III. TUYỂN DỤNG, SỬ DỤNG VIÊN CHỨC > Mục 7. CHẾ ĐỘ THÔI VIỆC, HƯU TRÍ > Điều 47. Quản lý nhà nước về viên chức > Khoản 2:
2. Bộ Nội vụ chịu trách nhiệm trước Chính phủ thực hiện việc quản lý nhà nước về viên chức và có các nhiệm vụ, quyền hạn sau:
a) Xây dựng và ban hành theo thẩm quyền hoặc trình cơ quan có thẩm quyền ban hành văn bản quy phạm pháp luật về viên chức;
b) Chủ trì phối hợp với các bộ, cơ quan ngang bộ lập quy hoạch, kế hoạch xây dựng, phát triển đội ngũ viên chức trình cấp có thẩm quyền quyết định;
c) Chủ trì phối hợp với các bộ, cơ quan ngang bộ trong việc ban hành hệ thống danh mục, tiêu chuẩn và mã số chức danh nghề nghiệp;
d) Quản lý công tác thống kê về viên chức; hướng dẫn việc lập, quản lý hồ sơ viên chức; phát triển và vận hành cơ sở dữ liệu quốc gia về viên chức;
đ) Thanh tra, kiểm tra việc quản lý nhà nước về viên chức;
e) Hàng năm, báo cáo Chính phủ về đội ngũ viên chức.","Bộ Nội vụ có trách nhiệm báo cáo Chính phủ về đội ngũ viên chức **hàng năm** [C1], [C2].",16.391443999964395,1172.5741155000833,"[""chunk:luat-58-2010-qh12:khoan-luat-58-2010-qh12-47-2:clause:13908""]","[""chunk:luat-58-2010-qh12:diem-luat-58-2010-qh12-47-2-e:point:13914"", ""chunk:luat-58-2010-qh12:khoan-luat-58-2010-qh12-47-2:clause:13908"", ""chunk:luat-22-2008-qh12:dieu-luat-22-2008-qh12-68:article:9250"", ""chunk:luat-58-2010-qh12:dieu-luat-58-2010-qh12-47:article:13906""]",,0.8233333333272222
q0036,rag,single_hop_specific,Nghị định số 90/2019/NĐ-CP hết hiệu lực khi nào?,1.0,0.25,1.0,1.0,0.3333333333,1.0,0.67,"NGHỊ ĐỊNH Quy định mức lương tối thiểu đối với người lao động làm việc theo hợp đồng lao động (38/2022/NĐ-CP) > Điều 5. Hiệu lực và trách nhiệm thi hành > Khoản 2:
2. Nghị định số 90/2019/NĐ-CP ngày 15 tháng 11 năm 2019 của Chính phủ quy định mức lương tối thiểu vùng đối với người lao động làm việc theo hợp đồng lao động hết hiệu lực kể từ ngày Nghị định này có hiệu lực thi hành. 2. Vùng II, gồm các địa bàn: - Các huyện còn lại thuộc thành phố Hà Nội; - Các huyện còn lại thuộc thành phố Hải Phòng; - Thành phố Hải Dương thuộc tỉnh Hải Dương; - Thành phố Hưng Yên, thị xã Mỹ Hào và các huyện Văn Lâm, Văn Giang, Yên Mỹ thuộc tỉnh Hưng Yên; - Các thành phố Vĩnh Yên, Phúc Yên và các huyện Bình Xuyên, Yên Lạc thuộc tỉnh Vĩnh Phúc; - Các thành phố Bắc Ninh, Từ Sơn và các huyện Quế Võ, Tiên Du, Yên Phong, Thuận Thành, Gia Bình, Lương Tài thuộc tỉnh Bắc Ninh; - Các thành phố Cẩm Phả, Uông Bí, Móng Cái và các thị xã Quảng Yên, Đông Triều thuộc tỉnh Quảng Ninh; - Các thành phố Thái Nguyên, Sông Công và Phổ Yên thuộc tỉnh Thái Nguyên; - Thành phố Hoà Bình và huyện Lương Sơn thuộc tỉnh Hòa Bình; - Thành phố Việt Trì thuộc tỉnh Phú Thọ; - Thành phố Lào Cai thuộc tỉnh Lào Cai; - Thành phố Nam Định và huyện Mỹ Lộc thuộc tỉnh Nam Định; - Thành phố Ninh Bình thuộc tỉnh Ninh Bình; - Thành phố Vinh, thị xã Cửa Lò và các huyện Nghi Lộc, Hưng Nguyên thuộc tỉnh Nghệ An; - Thành phố Đồng Hới thuộc tỉnh Quảng Bình; - Thành phố Huế thuộc tỉnh Thừa Thiên Huế; - Các thành phố Hội An, Tam Kỳ thuộc tỉnh Quảng Nam; - Các quận, huyện thuộc thành phố Đà Nẵng; - Các thành phố Nha Trang, Cam Ranh thuộc tỉnh Khánh Hòa; - Các thành phố Đà Lạt, Bảo Lộc thuộc tỉnh Lâm Đồng; - Thành phố Phan Thiết thuộc tỉnh Bình Thuận; - Huyện Cần Giờ thuộc thành phố Hồ Chí Minh; - Thành phố Tây Ninh, các thị xã Trảng Bàng, Hòa Thành và huyện Gò Dầu thuộc tỉnh",Nghị định số 90/2019/NĐ-CP hết hiệu lực kể từ ngày Nghị định số 38/2022/NĐ-CP có hiệu lực thi hành [C3].,19.568921999962186,1172.5741155000833,"[""chunk:nghi-ddinh-38-2022-ndd-cp:khoan-nghi-ddinh-38-2022-ndd-cp-5-2:clause:29850""]","[""chunk:he-thong:hieuluc-2019-02-15:semantic:31459"", ""chunk:he-thong:hieuluc-2019-01-01:semantic:31433"", ""chunk:nghi-ddinh-38-2022-ndd-cp:khoan-nghi-ddinh-38-2022-ndd-cp-5-2:clause:29850"", ""chunk:nghi-ddinh-283-2026-ndd-cp:khoan-nghi-ddinh-283-2026-ndd-cp-66-4:clause:28072""]",,0.8006666666600001
q0037,rag,single_hop_specific,Người phụ thuộc là những đối tượng nào mà người nộp thuế có trách nhiệm nuôi dưỡng?,1.0,0.25,1.0,0.9226159653931383,0.9999999999666667,1.0,1.0,"Luật Thuế Thu Nhập Cá Nhân (109/2025/QH15) > Chương II. CĂN CỨ TÍNH THUẾ ĐỐI VỚI CÁ NHÂN CƯ TRÚ > Điều 10. Giảm trừ gia cảnh > Khoản 4:
4. Người phụ thuộc là người mà người nộp thuế có trách nhiệm nuôi dưỡng, bao gồm:
a) Con chưa thành niên; con là người mất năng lực hành vi dân sự, người khuyết tật, không có khả năng lao động;
b) Các cá nhân không có thu nhập hoặc có thu nhập không vượt quá mức do Bộ trưởng Bộ Tài chính quy định, bao gồm con thành niên đang học đại học, cao đẳng, trung học chuyên nghiệp hoặc học nghề; vợ hoặc chồng không có khả năng lao động; bố, mẹ đã hết tuổi lao động hoặc không có khả năng lao động; những người khác không nơi nương tựa mà người nộp thuế phải trực tiếp nuôi dưỡng.","Người phụ thuộc là người mà người nộp thuế có trách nhiệm nuôi dưỡng, bao gồm các đối tượng sau:
*   Con chưa thành niên; con là người mất năng lực hành vi dân sự, người khuyết tật, không có khả năng lao động [C1], [C4].
*   Các cá nhân không có thu nhập hoặc có thu nhập không vượt quá mức do Bộ trưởng Bộ Tài chính quy định, bao gồm:
    *   Con thành niên đang học đại học, cao đẳng, trung học chuyên nghiệp hoặc học nghề [C1], [C2].
    *   Vợ hoặc chồng không có khả năng lao động [C1], [C2].
    *   Bố, mẹ đã hết tuổi lao động hoặc không có khả năng lao động [C1], [C2].
    *   Những người khác không nơi nương tựa mà người nộp thuế phải trực tiếp nuôi dưỡng [C1], [C2].",15.830620000087947,1049.3899989999136,"[""chunk:luat-109-2025-qh15:khoan-luat-109-2025-qh15-10-4:clause:6425""]","[""chunk:luat-109-2025-qh15:khoan-luat-109-2025-qh15-10-4:clause:6425"", ""chunk:luat-109-2025-qh15:diem-luat-109-2025-qh15-10-4-b:point:6427"", ""chunk:luat-109-2025-qh15:dieu-luat-109-2025-qh15-10:article:6419"", ""chunk:luat-109-2025-qh15:diem-luat-109-2025-qh15-10-4-a:point:6426""]",,0.984523193071961
q0038,rag,single_hop_specific,Người lao động có nhu cầu học nghề phải nộp hồ sơ đề nghị hỗ trợ học nghề tại đâu?,1.0,0.25,1.0,0.99762383827209,0.8055555555287036,1.0,0.57,"Nghị Định Quy Định Chi Tiết Thi Hành Một Số Điều Của Luật Việc Làm Về Bảo Hiểm Thất Nghiệp (28/2015/NĐ-CP) > Chương IV. TỔ CHỨC THỰC HIỆN BẢO HIỂM THẤT NGHIỆP > Mục 4. HỖ TRỢ HỌC NGHỀ > Điều 25. Giải quyết hỗ trợ học nghề > Khoản 2:
2. Người lao động có nhu cầu học nghề thì phải nộp 01 bộ hồ sơ đề nghị hỗ trợ học nghề cho trung tâm dịch vụ việc làm.
a) Hồ sơ đề nghị hỗ trợ học nghề theo quy định tại Khoản 1 Điều 24 Nghị định này nộp cho trung tâm dịch vụ việc làm nơi người lao động đang hưởng trợ cấp thất nghiệp;
b) Hồ sơ đề nghị hỗ trợ học nghề theo quy định tại Khoản 2 Điều 24 Nghị định này nộp cho trung tâm dịch vụ việc làm địa phương nơi người lao động có nhu cầu học nghề.","Người lao động có nhu cầu học nghề phải nộp 01 bộ hồ sơ đề nghị hỗ trợ học nghề cho trung tâm dịch vụ việc làm [C1].

Cụ thể:
*   Nếu người lao động đang hưởng trợ cấp thất nghiệp, hồ sơ đề nghị hỗ trợ học nghề sẽ được nộp tại trung tâm dịch vụ việc làm nơi người lao động đang hưởng trợ cấp thất nghiệp [C1a], [C2.1], [C4].
*   Nếu người lao động có thời gian đóng bảo hiểm thất nghiệp từ đủ 09 tháng trở lên nhưng không thuộc diện đang hưởng trợ cấp thất nghiệp, hồ sơ đề nghị hỗ trợ học nghề sẽ được nộp cùng với hồ sơ đề nghị hưởng trợ cấp thất nghiệp tại trung tâm dịch vụ việc làm ở địa phương nơi người lao động có nhu cầu học nghề [C1b], [C2.2], [C3].",15.50205100011226,1049.3899989999136,"[""chunk:nghi-ddinh-28-2015-ndd-cp:khoan-nghi-ddinh-28-2015-ndd-cp-25-2:clause:26658""]","[""chunk:nghi-ddinh-28-2015-ndd-cp:khoan-nghi-ddinh-28-2015-ndd-cp-25-2:clause:26658"", ""chunk:thong-tu-28-2015-tt-blddtbxh:dieu-thong-tu-28-2015-tt-blddtbxh-11:article:31120"", ""chunk:nghi-ddinh-28-2015-ndd-cp:diem-nghi-ddinh-28-2015-ndd-cp-25-2-b:point:26660"", ""chunk:nghi-ddinh-28-2015-ndd-cp:diem-nghi-ddinh-28-2015-ndd-cp-25-2-a:point:26659""]",,0.8746358787601587
q0039,rag,single_hop_specific,"Bộ Tài chính có trách nhiệm phối hợp với các bộ, ngành nào để tổ chức thực hiện và quản lý việc ứng dụng công nghệ thông tin trong chi trả các chế độ bảo hiểm thất nghiệp thống nhất trên toàn quốc?",1.0,0.25,1.0,0.0,0.99999999995,1.0,0.57,"NGHỊ ĐỊNH Quy định chi tiết một số điều của Luật Việc làm về bảo hiểm thất nghiệp (374/2025/NĐ-CP) > Chương VIII. QUYỀN, TRÁCH NHIỆM CỦA CÁC CƠ QUAN, TỔ CHỨC, CÁ NHÂN TRONG VIỆC THỰC HIỆN BẢO HIỂM THẤT NGHIỆP > Điều 42. Trách nhiệm của Bộ Tài chính > Khoản 3:
3. Phối hợp với các bộ, ngành tổ chức thực hiện và quản lý việc ứng dụng công nghệ thông tin, thực hiện giao dịch điện tử trong chi trả các chế độ bảo hiểm thất nghiệp thống nhất trên toàn quốc; bảo đảm kết nối, chia sẻ dữ liệu với tổ chức dịch vụ việc làm công, cổng Dịch vụ công quốc gia và các hệ thống thông tin, bảo đảm an toàn, an ninh mạng và bảo vệ dữ liệu cá nhân theo quy định của pháp luật.","Bộ Tài chính có trách nhiệm phối hợp với các bộ, ngành để tổ chức thực hiện và quản lý việc ứng dụng công nghệ thông tin trong chi trả các chế độ bảo hiểm thất nghiệp thống nhất trên toàn quốc [C1]. Tuy nhiên, ngữ cảnh không nêu rõ cụ thể đó là những bộ, ngành nào.",15.167516000019532,890.8481039998151,"[""chunk:nghi-ddinh-374-2025-ndd-cp:khoan-nghi-ddinh-374-2025-ndd-cp-42-3:clause:29762""]","[""chunk:nghi-ddinh-374-2025-ndd-cp:khoan-nghi-ddinh-374-2025-ndd-cp-42-3:clause:29762"", ""chunk:nghi-ddinh-374-2025-ndd-cp:dieu-nghi-ddinh-374-2025-ndd-cp-42:article:29759"", ""chunk:nghi-ddinh-374-2025-ndd-cp:khoan-nghi-ddinh-374-2025-ndd-cp-40-7:clause:29749"", ""chunk:nghi-ddinh-374-2025-ndd-cp:khoan-nghi-ddinh-374-2025-ndd-cp-42-1:clause:29760""]",,0.71399999999
q0040,rag,single_hop_specific,Giáo dục tiểu học và giáo dục trung học cơ sở là loại hình giáo dục nào?,0.0,0.0,1.0,0.9980311161501092,0.0,0.0,0.0,"Luật Sửa Đổi, Bổ Sung Một Số Điều Của Luật Giáo Dục (123/2025/QH15) > Điều 1. Sửa đổi, bổ sung một số điều của Luật Giáo dục > Khoản 4:
4. Văn bằng, chứng chỉ do cơ sở giáo dục thuộc các loại hình và hình thức đào tạo trong hệ thống giáo dục quốc dân cấp có giá trị pháp lý như nhau.
4. Sửa đổi, bổ sung một số khoản của Điều 14 như sau:
a) Sửa đổi, bổ sung khoản 1 như sau:
“1. Giáo dục tiểu học và giáo dục trung học cơ sở là giáo dục bắt buộc.
Nhà nước thực hiện phổ cập giáo dục mầm non cho trẻ em từ 03 tuổi đến 06 tuổi.”;
b) Bổ sung khoản 5 vào sau khoản 4 như sau:
“5. Chính phủ quy định chi tiết khoản 1 và khoản 2 Điều này.”.
4. Nhà nước đầu tư chuyển đổi số toàn diện trong giáo dục và đào tạo thông qua phát triển hạ tầng số, nền tảng số, cơ sở dữ liệu quốc gia về giáo dục và đào tạo, ứng dụng công nghệ số nhằm nâng cao hiệu lực, hiệu quả quản trị, quản lý nhà nước, hoạt động dạy và học, nghiên cứu khoa học, công nghệ và đổi mới sáng tạo.
4. Người có thẩm quyền thành lập hoặc cho phép thành lập nhà trường có thẩm quyền thu hồi quyết định thành lập hoặc cho phép thành lập, quyết định thay đổi địa điểm hoạt động giáo dục hoặc địa điểm đào tạo, quyết định sáp nhập, chia, tách, giải thể, đổi tên nhà trường.
Trường hợp sáp nhập giữa các nhà trường không do cùng một cấp có thẩm quyền thành lập thì cấp có thẩm quyền cao hơn quyết định; trường hợp cấp có thẩm quyền thành lập ngang nhau thì cấp có thẩm quyền ngang nhau đó thỏa thuận quyết định.
4. Thủ tục thành lập, cơ cấu tổ chức, nhiệm vụ, quyền hạn của hội đồng trường; mối quan hệ giữa nhà đầu tư với hội đồng trường, hiệu trưởng nhà trường quy định tại khoản 2, khoản 3 Điều này được quy định trong điều lệ, quy chế tổ chức và hoạt động của nhà trường.”.","Giáo dục tiểu học và giáo dục trung học cơ sở là loại hình giáo dục phổ thông [C2]. Cụ thể hơn, chúng thuộc giai đoạn giáo dục cơ bản của giáo dục phổ thông [C3], [C4].",15.400242999930924,890.8481039998151,"[""chunk:luat-123-2025-qh15:khoan-luat-123-2025-qh15-1-4:clause:7101""]","[""chunk:luat-43-2019-qh14:dieu-luat-43-2019-qh14-33:article:11772"", ""chunk:luat-43-2019-qh14:diem-luat-43-2019-qh14-6-2-b:point:11632"", ""chunk:luat-43-2019-qh14:dieu-luat-43-2019-qh14-28:article:11731"", ""chunk:luat-43-2019-qh14:khoan-luat-43-2019-qh14-28-3:clause:11739""]",,0.3996062232300218
q0041,rag,single_hop_specific,"Mức phạt tiền thấp nhất đối với người sử dụng lao động sửa chữa, làm sai lệch văn bản, tài liệu trong hồ sơ đề nghị cấp giấy phép lao động cho người lao động nước ngoài nhưng chưa đến mức truy cứu trách nhiệm hình sự là bao nhiêu?",1.0,0.25,1.0,1.0,0.9999999999,1.0,0.4,"NGHỊ ĐỊNH Quy định xử phạt vi phạm hành chính trong lĩnh vực lao động, bảo hiểm xã hội, người lao động Việt Nam đi làm việc (283/2026/NĐ-CP) > Chương II. HÀNH VI VI PHẠM, HÌNH THỨC XỬ PHẠT VÀ BIỆN PHÁP KHẮC PHỤC HẬU QUẢ ĐỐI VỚI HÀNH VI VI PHẠM TRONG LĨNH VỰC LAO ĐỘNG > Mục 1. HÀNH VI VI PHẠM HÀNH CHÍNH VỀ VIỆC LÀM, TUYỂN DỤNG VÀ QUẢN LÝ LAO ĐỘNG > Điều 13. Vi phạm quy định về người lao động nước ngoài làm việc tại Việt Nam > Khoản 4:
4. Phạt tiền từ 40.000.000 đồng đến 60.000.000 đồng đối với người sử dụng lao động có một trong các hành vi sau đây:
a) Sửa chữa, làm sai lệch văn bản, tài liệu trong hồ sơ đề nghị cấp, cấp lại, gia hạn giấy phép lao động, giấy xác nhận không thuộc diện cấp giấy phép lao động đối với người lao động nước ngoài nhưng chưa đến mức truy cứu trách nhiệm hình sự;
b) Sử dụng giấy tờ, tài liệu giả mạo trong hồ sơ đề nghị cấp, cấp lại, gia hạn giấy phép lao động, giấy xác nhận không thuộc diện cấp giấy phép lao động mà không bị truy cứu trách nhiệm hình sự.","Mức phạt tiền thấp nhất đối với người sử dụng lao động sửa chữa, làm sai lệch văn bản, tài liệu trong hồ sơ đề nghị cấp giấy phép lao động cho người lao động nước ngoài nhưng chưa đến mức truy cứu trách nhiệm hình sự là 40.000.000 đồng [C1], [C2].",15.295373999833828,909.9717530000362,"[""chunk:nghi-ddinh-283-2026-ndd-cp:khoan-nghi-ddinh-283-2026-ndd-cp-13-4:clause:26938""]","[""chunk:nghi-ddinh-283-2026-ndd-cp:khoan-nghi-ddinh-283-2026-ndd-cp-13-4:clause:26938"", ""chunk:nghi-ddinh-283-2026-ndd-cp:diem-nghi-ddinh-283-2026-ndd-cp-13-4-a:point:26939"", ""chunk:he-thong:phat-5000000-10000000:semantic:32213"", ""chunk:nghi-ddinh-283-2026-ndd-cp:diem-nghi-ddinh-283-2026-ndd-cp-49-9-e:point:27698""]",,0.8799999999800001
q0042,rag,single_hop_specific,"Trường hợp người bệnh không thuộc đối tượng quy định tại điểm a và điểm b khoản 3 Điều này khám bệnh, chữa bệnh tại cơ sở khám bệnh, chữa bệnh trước ngày 01 tháng 7 năm 2025 và kết thúc đợt điều trị từ ngày 01 tháng 7 năm 2025 thì áp dụng theo quy định của Luật nào?",1.0,0.25,0.25,0.9889969726375112,0.8055555555287036,1.0,0.0,"Luật Sửa Đổi, Bổ Sung Một Số Điều Của Luật Bảo Hiểm Y Tế (51/2024/QH15) > Điều 3. Điều khoản thi hành > Khoản 5:
5. Quy định chuyển tiếp:
a) Trường hợp người bệnh không thuộc đối tượng quy định tại điểm a và điểm b khoản 3 Điều này khám bệnh, chữa bệnh tại cơ sở khám bệnh, chữa bệnh trước ngày 01 tháng 7 năm 2025 và kết thúc đợt điều trị từ ngày 01 tháng 7 năm 2025 thì áp dụng theo quy định của Luật này;
b) Mức tham chiếu quy định tại Luật này áp dụng theo mức lương cơ sở. Trường hợp chính sách tiền lương có thay đổi, Chính phủ quyết định mức tham chiếu cụ thể;
c) Hợp đồng khám bệnh, chữa bệnh bảo hiểm y tế được ký trước ngày 01 tháng 7 năm 2025 mà còn hiệu lực sau ngày 01 tháng 7 năm 2025 được thực hiện theo quy định của Chính phủ;
d) Đối với số tiền bảo hiểm y tế mà người sử dụng lao động có trách nhiệm đóng theo quy định của Luật Bảo hiểm y tế số 25/2008/QH12 đã được sửa đổi, bổ sung một số điều theo Luật số 32/2013/QH13, Luật số 46/2014/QH13, Luật số 97/2015/QH13, Luật số 35/2018/QH14, Luật số 68/2020/QH14 và Luật số 30/2023/QH15 nhưng đến hết ngày 30 tháng 6 năm 2025 mà không đóng hoặc không đóng đầy đủ thì được xử lý theo quy định về chậm đóng của Luật này.
Luật này được Quốc hội nước Cộng hòa xã hội chủ nghĩa Việt Nam khóa XV, kỳ họp thứ 8 thông qua ngày 27 tháng 11 năm 2024.
CHỦ TỊCH QUỐC HỘI Trần Thanh Mẫn","Trường hợp người bệnh không thuộc đối tượng quy định tại điểm a và điểm b khoản 3 Điều này khám bệnh, chữa bệnh tại cơ sở khám bệnh, chữa bệnh trước ngày 01 tháng 7 năm 2025 và kết thúc đợt điều trị từ ngày 01 tháng 7 năm 2025 thì áp dụng theo quy định của Luật Sửa Đổi, Bổ Sung Một Số Điều Của Luật Bảo Hiểm Y Tế (51/2024/QH15) [C1].",15.974382999957015,909.9717530000362,"[""chunk:luat-51-2024-qh15:khoan-luat-51-2024-qh15-3-5:clause:13063""]","[""chunk:luat-51-2024-qh15:diem-luat-51-2024-qh15-3-5-a:point:13064"", ""chunk:luat-51-2024-qh15:diem-luat-51-2024-qh15-3-3-b:point:13061"", ""chunk:luat-51-2024-qh15:khoan-luat-51-2024-qh15-3-5:clause:13063"", ""chunk:luat-51-2024-qh15:dieu-luat-51-2024-qh15-3:sliding:13056""]",,0.6089105056332429
q0043,rag,single_hop_specific,"Cơ quan nào thanh tra việc sử dụng ngân sách, tuyển dụng, quản lý công chức, viên chức trong hệ thống tổ chức thi hành án dân sự?",1.0,0.25,0.75,0.9277100726584305,0.9999999999,1.0,0.36,"Luật Sửa Đổi, Bổ Sung Một Số Điều Của Luật Thi Hành Án Dân Sự (64/2014/QH13) > Điều 43. Sửa đổi, bổ sung điểm e khoản 1 Điều 167 như sau::
Điều 43. Sửa đổi, bổ sung điểm e khoản 1 Điều 167 như sau:
“e) Thanh tra việc sử dụng ngân sách, việc tuyển dụng, sử dụng, quản lý, thực hiện chế độ chính sách đối với công chức, viên chức, người lao động trong hệ thống tổ chức thi hành án dân sự; kiểm tra, giải quyết khiếu nại, tố cáo, khen thưởng, xử lý vi phạm trong công tác thi hành án dân sự;”","Dựa trên ngữ cảnh được cung cấp:

Cơ quan có thẩm quyền quản lý đơn vị sự nghiệp công lập thanh tra, kiểm tra việc tuyển dụng, sử dụng, quản lý viên chức tại các đơn vị sự nghiệp công lập được giao quản lý [C3].

Bộ Nội vụ thanh tra việc tuyển dụng, sử dụng và quản lý viên chức theo quy định của Luật Viên chức và các quy định khác của pháp luật có liên quan [C4].

Ngoài ra, ngữ cảnh cũng đề cập đến việc thanh tra việc sử dụng ngân sách, việc tuyển dụng, sử dụng, quản lý, thực hiện chế độ chính sách đối với công chức, viên chức, người lao động trong hệ thống tổ chức thi hành án dân sự [C1]. Tuy nhiên, ngữ cảnh không nêu rõ cơ quan nào thực hiện việc thanh tra này.",15.32268099981593,1692.4607104999723,"[""chunk:luat-64-2014-qh13:dieu-luat-64-2014-qh13-43:article:15356""]","[""chunk:luat-64-2014-qh13:dieu-luat-64-2014-qh13-43:article:15356"", ""chunk:luat-58-2010-qh12:dieu-luat-58-2010-qh12-50:article:13932"", ""chunk:luat-58-2010-qh12:khoan-luat-58-2010-qh12-50-1:clause:13933"", ""chunk:luat-58-2010-qh12:khoan-luat-58-2010-qh12-50-2:clause:13934""]",,0.8075420145116862
q0044,rag,single_hop_specific,Doanh nghiệp có vai trò như thế nào trong giáo dục nghề nghiệp?,1.0,0.25,1.0,0.9972328223343871,0.99999999995,1.0,0.89,"Luật Giáo Dục Nghề Nghiệp (124/2025/QH15) > Chương VI. VAI TRÒ, QUYỀN VÀ TRÁCH NHIỆM CỦA DOANH NGHIỆP > Điều 31. Vai trò của doanh nghiệp:
Điều 31. Vai trò của doanh nghiệp
1. Doanh nghiệp có vai trò đặc biệt quan trọng trong giáo dục nghề nghiệp, đồng hành với Nhà nước, cơ sở hoạt động giáo dục nghề nghiệp trong đào tạo nguồn nhân lực có kỹ năng nghề, đáp ứng yêu cầu của thị trường lao động.
2. Doanh nghiệp trực tiếp thực hiện hoặc tham gia các hoạt động giáo dục nghề nghiệp theo quy định của pháp luật.
3. Doanh nghiệp là cơ sở thực hành, thực tập giúp người học, giảng viên, giáo viên tiếp cận công nghệ, quy trình sản xuất thực tiễn và nâng cao kỹ năng nghề nghiệp.","Doanh nghiệp có vai trò đặc biệt quan trọng trong giáo dục nghề nghiệp [C1], [C2]. Cụ thể, doanh nghiệp có các vai trò sau:

*   **Đồng hành trong đào tạo nguồn nhân lực:** Doanh nghiệp đồng hành với Nhà nước và các cơ sở hoạt động giáo dục nghề nghiệp để đào tạo nguồn nhân lực có kỹ năng nghề, đáp ứng yêu cầu của thị trường lao động [C1], [C2].
*   **Trực tiếp hoặc tham gia hoạt động giáo dục nghề nghiệp:** Doanh nghiệp có thể trực tiếp thực hiện hoặc tham gia các hoạt động giáo dục nghề nghiệp theo quy định của pháp luật [C1], [C3].
*   **Cơ sở thực hành, thực tập:** Doanh nghiệp là nơi để người học, giảng viên, giáo viên tiếp cận công nghệ, quy trình sản xuất thực tiễn và nâng cao kỹ năng nghề nghiệp [C1].

Ngoài ra, doanh nghiệp còn có các trách nhiệm liên quan đến giáo dục nghề nghiệp như: bố trí chuyên gia tham gia đào tạo, tiếp nhận người học thực hành, tổ chức đào tạo cho người lao động, tham gia xây dựng chương trình đào tạo, trả lương cho người học trong thời gian thực tập, tạo điều kiện cho người lao động được đào tạo nâng cao kỹ năng nghề, hợp tác với cơ sở giáo dục nghề nghiệp để tổ chức đào tạo, và tham gia các hoạt động tham vấn đào tạo [C4].",15.42884500031505,1692.4607104999723,"[""chunk:luat-124-2025-qh15:dieu-luat-124-2025-qh15-31:article:7421""]","[""chunk:luat-124-2025-qh15:dieu-luat-124-2025-qh15-31:article:7421"", ""chunk:luat-124-2025-qh15:khoan-luat-124-2025-qh15-31-1:clause:7422"", ""chunk:luat-124-2025-qh15:khoan-luat-124-2025-qh15-31-2:clause:7423"", ""chunk:luat-124-2025-qh15:dieu-luat-124-2025-qh15-34:article:7438""]",,0.9774465644568775
q0045,rag,single_hop_specific,"Mức chi thù lao bình quân cho cơ sở giáo dục tối đa bằng bao nhiêu phần trăm số tiền đóng của học sinh, sinh viên?",0.0,0.0,1.0,0.0,0.99999999995,1.0,0.0,"THÔNG TƯ[1] HƯỚNG DẪN THỰC HIỆN CƠ CHẾ QUẢN LÝ TÀI CHÍNH VỀ BẢO HIỂM XÃ HỘI, BẢO HIỂM Y TẾ, BẢO HIỂM THẤT NGHIỆP VÀ CHI PHÍ QUẢN LÝ BẢO HIỂM XÃ HỘI, BẢO HIỂM Y TẾ, BẢO HIỂM THẤT NGHIỆP Thông tư số 20/2016/TT-BTC ngày 03 tháng 02 năm 2016 của Bộ trưởng Bộ Tài chính hướng dẫn thực hiện cơ chế quản lý tài chính về bảo hiểm xã hội, bảo hiểm y tế, bảo hiểm thất nghiệp và chi phí quản lý bảo hiểm xã hội, bảo hiểm y tế, bảo hiểm thất nghiệp, có hiệu lực thi hành kể từ ngày 20 tháng 3 năm 2016, được sửa đổi, bổ sung bởi: (22/VBHN-BTC) > Chương III. CHI PHÍ QUẢN LÝ BẢO HIỂM XÃ HỘI, BẢO HIỂM Y TẾ, BẢO HIỂM THẤT NGHIỆP > Điều 9. Chi phí quản lý đối với BHXH Bộ Quốc phòng, Bộ Công an > Khoản 1:
1. Nội dung chi: a)[11] Chi tuyên truyền, phổ biến chính sách, pháp luật về BHXH, bảo hiểm y tế, bảo hiểm thất nghiệp; tập huấn, bồi dưỡng chuyên môn, nghiệp vụ; cải cách thủ tục hành chính; quản lý người tham gia, người thụ hưởng BHXH, bảo hiểm y tế, bảo hiểm thất nghiệp; chi công tác thanh tra, kiểm tra, giám sát và chi hiện đại hóa hệ thống quản lý: Thực hiện theo các nội dung chi có liên quan quy định tại các Khoản 1, Khoản 2, Khoản 3, Khoản 4, Điểm b, c Khoản 6, Khoản 8 và Khoản 11 Điều 9 Quyết định số 60/2015/QĐ-TTg, Điểm a và c Khoản 9 Điều 1 Quyết định số 38/2019/QĐ-TTg; b)[12] Chi phục vụ công tác thu BHXH tự nguyện; thu bảo hiểm y tế của học sinh, sinh viên hệ dân sự đang theo học tại cơ sở giáo dục do Bộ Quốc phòng, Bộ Công an quản lý: Mức chi tối đa bằng 7,5% số tiền đóng của người tham gia (không bao gồm số thu do ngân sách nhà nước, tổ chức, cá nhân hỗ trợ), trong đó: mức chi thù lao bình quân cho tổ chức làm đại lý thu bảo hiểm xã hội tự nguyện tối đa bằng 14% số tiền đóng của người tham gia BHXH tự nguyện; mức chi thù lao bình quân cho cơ sở giáo dục tối đa bằng 2,5% số tiền đóng của học sinh, sinh viên; mức chi thù lao bình quân đại lý thu bảo hiểm y tế của các đối tượng còn lại tối đa bằng 7,0% số tiền đóng bảo hiểm y tế của người tham gia; c)[13] Chi phí chi trả các chế độ bảo hiểm xã hội bằng 0,65% số tiền chi trả các chế độ BHXH (trừ các khoản chi: phí khám giám định; dưỡng sức, phục hồi sức khỏe; hỗ trợ phòng ngừa, chia sẻ rủi ro về tai nạn lao động, bệnh nghề nghiệp; hỗ trợ chuyển đổi nghề nghiệp cho người bị tai nạn lao động, bệnh nghề nghiệp khi trở lại làm việc; đóng bảo hiểm","Ngữ cảnh được cung cấp không đề cập đến mức chi thù lao bình quân tối đa bằng bao nhiêu phần trăm số tiền đóng của học sinh, sinh viên cho cơ sở giáo dục.",15.802004999841301,15421.75453699997,"[""chunk:22-vbhn-btc-445967:khoan-22-vbhn-btc-445967-9-1:clause:77""]","[""chunk:luat-123-2025-qh15:dieu-luat-123-2025-qh15-66b:sliding:7137"", ""chunk:luat-123-2025-qh15:dieu-luat-123-2025-qh15-66b:sliding:7138"", ""chunk:luat-43-2019-qh14:khoan-luat-43-2019-qh14-99-2:clause:12121"", ""chunk:luat-123-2025-qh15:khoan-luat-123-2025-qh15-66b-4:clause:7151""]",,0.59999999999
q0046,rag,single_hop_specific,Tháng tham gia trở lại bảo hiểm xã hội được hiểu như thế nào?,1.0,0.25,0.8,1.0000000000000004,0.9999999999,1.0,0.4,"THÔNG TƯ Quy định chi tiết một số điều của Luật Bảo hiểm xã hội về bảo hiểm xã hội bắt buộc (12/2025/TT-BNV) > Chương II. CHẾ ĐỘ BẢO HIỂM XÃ HỘI BẮT BUỘC > Mục 1. CHẾ ĐỘ ỐM ĐAU > Điều 6. Tính trợ cấp ốm đau > Khoản 1 > Điểm a:
a) Tiền lương làm căn cứ đóng bảo hiểm xã hội theo quy định khoản 1 Điều 45 của Luật Bảo hiểm xã hội;
Tháng tham gia trở lại theo quy định tại điểm b khoản 1 Điều 45 của Luật Bảo hiểm xã hội là tháng tham gia bảo hiểm xã hội trở lại sau khi người lao động chấm dứt hợp đồng lao động, hợp đồng làm việc hoặc thôi việc theo quy định của pháp luật;","Tháng tham gia trở lại bảo hiểm xã hội được hiểu là tháng người lao động tham gia bảo hiểm xã hội trở lại sau khi đã chấm dứt hợp đồng lao động, hợp đồng làm việc hoặc thôi việc theo quy định của pháp luật [C1].

Trong trường hợp người lao động trở lại làm việc trong tháng đầu tiên và nghỉ việc hưởng chế độ ốm đau từ 14 ngày làm việc trở lên thì vẫn phải đóng bảo hiểm xã hội của tháng đó [C2].",15.583426999910444,15421.75453699997,"[""chunk:thong-tu-12-2025-tt-bnv:diem-thong-tu-12-2025-tt-bnv-6-1-a:point:30874""]","[""chunk:thong-tu-12-2025-tt-bnv:diem-thong-tu-12-2025-tt-bnv-6-1-a:point:30874"", ""chunk:luat-41-2024-qh15:khoan-luat-41-2024-qh15-33-6:clause:10824"", ""chunk:luat-41-2024-qh15:khoan-luat-41-2024-qh15-75-4:clause:11168"", ""chunk:luat-41-2024-qh15:dieu-luat-41-2024-qh15-81:article:11205""]",,0.8399999999800002
q0047,rag,single_hop_specific,"Trong thời hạn bao nhiêu ngày kể từ ngày người khởi kiện nhận được thông báo của Tòa án, Thẩm phán thông báo bằng văn bản cho người khởi kiện sửa đổi, bổ sung đơn khởi kiện nếu đơn khởi kiện không có đủ các nội dung quy định tại khoản 1 Điều 118 của Luật Tố tụng Hành chính?",1.0,0.25,1.0,0.9966955005141084,0.99999999995,1.0,0.29,"Luật Tố Tụng Hành Chính (93/2015/QH13) > Chương IX. KHỞI KIỆN, THỤ LÝ VỤ ÁN > Điều 122. Yêu cầu sửa đổi, bổ sung đơn khởi kiện:
Điều 122. Yêu cầu sửa đổi, bổ sung đơn khởi kiện
1. Sau khi nhận được đơn khởi kiện, nếu thấy đơn khởi kiện không có đủ các nội dung quy định tại khoản 1 Điều 118 của Luật này thì Thẩm phán thông báo bằng văn bản và nêu rõ những vấn đề cần sửa đổi, bổ sung cho người khởi kiện sửa đổi, bổ sung đơn khởi kiện trong thời hạn 10 ngày kể từ ngày người khởi kiện nhận được thông báo của Tòa án.
2. Thời gian thực hiện việc sửa đổi, bổ sung đơn khởi kiện không tính vào thời hiệu khởi kiện.
3. Trường hợp người khởi kiện đã sửa đổi, bổ sung đơn khởi kiện theo đúng quy định tại khoản 1 Điều 118 của Luật này thì Thẩm phán tiếp tục việc thụ lý vụ án; nếu họ không sửa đổi, bổ sung theo yêu cầu của Thẩm phán thì Thẩm phán trả lại đơn khởi kiện và tài liệu, chứng cứ kèm theo cho người khởi kiện.","Trong thời hạn **10 ngày** kể từ ngày người khởi kiện nhận được thông báo của Tòa án, Thẩm phán thông báo bằng văn bản cho người khởi kiện sửa đổi, bổ sung đơn khởi kiện nếu đơn khởi kiện không có đủ các nội dung quy định tại khoản 1 Điều 118 của Luật Tố tụng Hành chính [C1].",15.314657000089937,901.4891909998823,"[""chunk:luat-93-2015-qh13:dieu-luat-93-2015-qh13-122:article:19522""]","[""chunk:luat-93-2015-qh13:khoan-luat-93-2015-qh13-122-1:clause:19523"", ""chunk:luat-93-2015-qh13:dieu-luat-93-2015-qh13-122:article:19522"", ""chunk:luat-93-2015-qh13:khoan-luat-93-2015-qh13-122-3:clause:19525"", ""chunk:bo-luat-92-2015-qh13:khoan-bo-luat-92-2015-qh13-193-1:clause:4238""]",,0.8573391000928217
q0048,rag,single_hop_specific,"Những cơ quan, tổ chức, cá nhân nào chịu trách nhiệm thi hành Thông tư số 25/2025/TT-BNV?",1.0,0.25,1.0,0.9999999999999999,0.99999999995,1.0,0.86,"THÔNG TƯ Sửa đổi, bổ sung khoản 2 Điều 5 Thông tư số 28/2021/TT-BLĐTBXH ngày 28/12/2021 của Bộ trưởng Bộ Lao động - Thương binh và Xã hội quy định chi (25/2025/TT-BNV) > Điều 2. Hiệu lực và trách nhiệm thi hành > Khoản 2:
2. Bộ trưởng, Thủ trưởng cơ quan ngang bộ, Thủ trưởng cơ quan thuộc Chính phủ, người đứng đầu tổ chức do Chính phủ, Thủ tướng Chính phủ thành lập mà không phải là đơn vị sự nghiệp công lập, Chủ tịch Ủy ban nhân dân tỉnh, thành phố trực thuộc Trung ương và các cơ quan, tổ chức, cá nhân có liên quan chịu trách nhiệm thi hành Thông tư này.","Những cơ quan, tổ chức, cá nhân chịu trách nhiệm thi hành Thông tư số 25/2025/TT-BNV bao gồm:
*   Bộ trưởng [C1], [C2]
*   Thủ trưởng cơ quan ngang bộ [C1], [C2]
*   Thủ trưởng cơ quan thuộc Chính phủ [C1], [C2]
*   Người đứng đầu tổ chức do Chính phủ, Thủ tướng Chính phủ thành lập mà không phải là đơn vị sự nghiệp công lập [C1], [C2]
*   Chủ tịch Ủy ban nhân dân tỉnh, thành phố trực thuộc Trung ương [C1], [C2]
*   Các cơ quan, tổ chức, cá nhân có liên quan [C1], [C2]",15.093616000285692,901.4891909998823,"[""chunk:thong-tu-25-2025-tt-bnv:khoan-thong-tu-25-2025-tt-bnv-2-2:clause:31010""]","[""chunk:thong-tu-25-2025-tt-bnv:dieu-thong-tu-25-2025-tt-bnv-2:article:31008"", ""chunk:thong-tu-25-2025-tt-bnv:khoan-thong-tu-25-2025-tt-bnv-2-2:clause:31010"", ""chunk:thong-tu-26-2025-tt-bnv:dieu-thong-tu-26-2025-tt-bnv-5:article:31023"", ""chunk:thong-tu-25-2025-tt-bnv:khoan-thong-tu-25-2025-tt-bnv-2-3:clause:31011""]",,0.9719999999900001
q0049,rag,single_hop_specific,Doanh nghiệp nộp bản giấy Thông báo theo Mẫu số 10 Phụ lục I ban hành kèm theo Nghị định này đến Bộ Nội vụ trong trường hợp nào?,0.0,0.0,0.7777777777777778,0.0,0.3333333333,0.0,0.0,"NGHỊ ĐỊNH Sửa đổi, bổ sung một số điều của Nghị định số 112/2021/NĐ-CP ngày 10 tháng 12 năm 2021 của Chính phủ quy định chi tiết một số điều (372/2025/NĐ-CP) > Điều 1. Sửa đổi, bổ sung một số điều của Nghị định số 112/2021/NĐ-CP ngày 10 tháng 12 năm 2021 của Chính phủ quy định chi tiết một số điều và biện pháp thi hành Luật Người lao động Việt Nam đi làm việc ở nước ngoài theo hợp đồng > Khoản 5:
5. Sửa đổi, bổ sung điểm a, điểm c, điểm d khoản 2 Điều 7 và khoản 3 như sau:
“2. Giấy tờ chứng minh đáp ứng các điều kiện quy định tại Điều 10 của Luật Người lao động Việt Nam đi làm việc ở nước ngoài theo hợp đồng:
a) 01 bản sao sổ đăng ký thành viên mới nhất đối với công ty trách nhiệm hữu hạn, công ty hợp danh; 01 bản sao sổ đăng ký cổ đông mới nhất đối với công ty cổ phần.
c) 01 bản sao văn bằng chuyên môn; 01 bản sao giấy tờ chứng minh kinh nghiệm làm việc (được thể hiện bằng một trong các giấy tờ sau: quyết định bổ nhiệm hoặc hợp đồng lao động, văn bản chấm dứt hợp đồng lao động; thông báo xác nhận thời gian tham gia bảo hiểm xã hội; giấy xác nhận kinh nghiệm của nơi đã làm việc) của người đại diện theo pháp luật.
d) 01 bản chính Danh sách nhân viên nghiệp vụ thực hiện hoạt động dịch vụ đưa người lao động Việt Nam đi làm việc ở nước ngoài theo hợp đồng theo Mẫu số 04 ban hành kèm theo Nghị định này; 01 bản sao văn bằng chuyên môn, văn bằng hoặc chứng chỉ ngoại ngữ (nếu có) đối với mỗi nhân viên nghiệp vụ;
5. Trong trường hợp Hệ thống cơ sở dữ liệu về người lao động Việt Nam đi làm việc ở nước ngoài theo hợp đồng gặp sự cố đường truyền, kỹ thuật, sự kiện bất khả kháng làm gián đoạn quá trình thực hiện quy định tại khoản 1 Điều này, doanh nghiệp nộp 01 bản giấy Thông báo theo Mẫu số 10 Phụ lục I ban hành kèm theo Nghị định này đến Bộ Nội vụ.”","Ngữ cảnh được cung cấp không đề cập đến trường hợp doanh nghiệp nộp bản giấy Thông báo theo Mẫu số 10 Phụ lục I ban hành kèm theo Nghị định này đến Bộ Nội vụ.

Các ngữ cảnh [C1], [C2], [C3], [C4] đều không nhắc đến việc nộp Mẫu số 10 đến Bộ Nội vụ. Cụ thể:
*   [C1] và [C2] đề cập đến việc thông báo theo Mẫu số 33 và Mẫu số 32 đến tổ chức dịch vụ việc làm công.
*   [C3] đề cập đến Mẫu số 10 là ""Đề nghị chuyển nơi hưởng trợ cấp thất nghiệp của người lao động đang hưởng trợ cấp thất nghiệp"" nhưng không nói rõ nộp cho cơ quan nào và không phải là doanh nghiệp nộp.
*   [C4] đề cập đến việc người lao động thông báo với trung tâm dịch vụ việc làm.

Do đó, không đủ thông tin để trả lời câu hỏi.",16.44732400018256,1361.1065389998203,"[""chunk:nghi-ddinh-372-2025-ndd-cp:khoan-nghi-ddinh-372-2025-ndd-cp-1-5:clause:29238""]","[""chunk:nghi-ddinh-374-2025-ndd-cp:khoan-nghi-ddinh-374-2025-ndd-cp-32-10:clause:29668"", ""chunk:nghi-ddinh-374-2025-ndd-cp:diem-nghi-ddinh-374-2025-ndd-cp-26-10-a:point:29613"", ""chunk:thong-tu-28-2015-tt-blddtbxh:khoan-thong-tu-28-2015-tt-blddtbxh-19-10:clause:31183"", ""chunk:nghi-ddinh-28-2015-ndd-cp:khoan-nghi-ddinh-28-2015-ndd-cp-30-10:clause:26699""]",,0.22222222221555557
q0050,rag,single_hop_specific,"Trong thời hạn 03 ngày làm việc kể từ ngày nhận được thông báo của Tòa án, người khởi kiện, người yêu cầu phải trả lời bằng văn bản hoặc bằng hình thức khác cho Tòa án biết về những nội dung đã được Tòa án thông báo, đúng hay sai?",1.0,0.25,1.0,0.9657075877528981,0.9999999999,1.0,0.44,"Luật Hòa Giải, Đối Thoại Tại Tòa Án (58/2020/QH14) > Chương III. TRÌNH TỰ, THỦ TỤC HÒA GIẢI, ĐỐI THOẠI > Điều 16. Trình tự nhận, xử lý đơn khởi kiện, đơn yêu cầu tại Tòa án và chỉ định Hòa giải viên > Khoản 4:
4. Trong thời hạn 03 ngày làm việc kể từ ngày nhận được thông báo của Tòa án, người khởi kiện, người yêu cầu tại khoản 3 Điều này phải trả lời bằng văn bản hoặc bằng hình thức khác cho Tòa án biết về những nội dung đã được Tòa án thông báo. Trường hợp người khởi kiện, người yêu cầu trực tiếp đến Tòa án trình bày ý kiến thì Tòa án lập biên bản ghi nhận ý kiến; biên bản có chữ ký hoặc điểm chỉ của họ. Hết thời hạn này thì tùy từng trường hợp, Tòa án xử lý như sau:
a) Phân công Thẩm phán phụ trách hòa giải, đối thoại thực hiện nhiệm vụ theo quy định của Luật này nếu người khởi kiện, người yêu cầu có ý kiến đồng ý hòa giải, đối thoại;
b) Chuyển đơn để xử lý theo quy định của pháp luật về tố tụng nếu người khởi kiện, người yêu cầu có ý kiến không đồng ý hòa giải, đối thoại;
c) Thông báo lại lần thứ hai cho người khởi kiện, người yêu cầu biết để thực hiện quyền lựa chọn hòa giải, đối thoại và lựa chọn Hòa giải viên nếu người này chưa có ý kiến trả lời.","Đúng.

Theo [C1], trong thời hạn 03 ngày làm việc kể từ ngày nhận được thông báo của Tòa án, người khởi kiện, người yêu cầu phải trả lời bằng văn bản hoặc bằng hình thức khác cho Tòa án biết về những nội dung đã được Tòa án thông báo.",15.038716000162822,1361.1065389998203,"[""chunk:luat-58-2020-qh14:khoan-luat-58-2020-qh14-16-4:clause:14920""]","[""chunk:luat-58-2020-qh14:khoan-luat-58-2020-qh14-16-4:clause:14920"", ""chunk:luat-93-2015-qh13:khoan-luat-93-2015-qh13-128-1:clause:19580"", ""chunk:luat-58-2020-qh14:khoan-luat-58-2020-qh14-16-3:clause:14919"", ""chunk:bo-luat-92-2015-qh13:khoan-bo-luat-92-2015-qh13-199-1:clause:4279""]",,0.8811415175305797
q0051,rag,multi_hop_specific,"Các biện pháp thúc đẩy bình đẳng giới trong lĩnh vực lao động và giáo dục và đào tạo có bao gồm quy định tỷ lệ nam, nữ được tuyển dụng lao động và quy định tỷ lệ nam, nữ tham gia học tập, đào tạo không?",0.5,0.25,0.5,0.9502886041736323,0.49999999995,1.0,0.0,"Luật Bình Đẳng Giới Của Quốc Hội Khóa Xi, Kỳ Họp Thứ 10 (73/2006/QH11) > Chương II. BÌNH ĐẲNG GIỚI TRONG CÁC LĨNH VỰC > Điều 13. Bình đẳng giới trong lĩnh vực lao động:
Điều 13. Bình đẳng giới trong lĩnh vực lao động
1. Nam, nữ bình đẳng về tiêu chuẩn, độ tuổi khi tuyển dụng, được đối xử bình đẳng tại nơi làm việc về việc làm, tiền công, tiền thưởng, bảo hiểm xã hội, điều kiện lao động và các điều kiện làm việc khác.
2. Nam, nữ bình đẳng về tiêu chuẩn, độ tuổi khi được đề bạt, bổ nhiệm giữ các chức danh trong các ngành, nghề có tiêu chuẩn chức danh.
3. Các biện pháp thúc đẩy bình đẳng giới trong lĩnh vực lao động bao gồm:
a) Quy định tỷ lệ nam, nữ được tuyển dụng lao động;
b) Đào tạo, bồi dưỡng nâng cao năng lực cho lao động nữ;
c) Người sử dụng lao động tạo điều kiện vệ sinh an toàn lao động cho lao động nữ làm việc trong một số ngành, nghề nặng nhọc, nguy hiểm hoặc tiếp xúc với các chất độc hại.

Luật Bình Đẳng Giới Của Quốc Hội Khóa Xi, Kỳ Họp Thứ 10 (73/2006/QH11) > Chương II. BÌNH ĐẲNG GIỚI TRONG CÁC LĨNH VỰC > Điều 14. Bình đẳng giới trong lĩnh vực giáo dục và đào tạo:
Điều 14. Bình đẳng giới trong lĩnh vực giáo dục và đào tạo
1. Nam, nữ bình đẳng về độ tuổi đi học, đào tạo, bồi dưỡng.
2. Nam, nữ bình đẳng trong việc lựa chọn ngành, nghề học tập, đào tạo.
3. Nam, nữ bình đẳng trong việc tiếp cận và hưởng thụ các chính sách về giáo dục, đào tạo, bồi dưỡng chuyên môn, nghiệp vụ.
4. Nữ cán bộ, công chức, viên chức khi tham gia đào tạo, bồi dưỡng mang theo con dưới ba mươi sáu tháng tuổi được hỗ trợ theo quy định của Chính phủ.
5. Biện pháp thúc đẩy bình đẳng giới trong lĩnh vực giáo dục và đào tạo bao gồm:
a) Quy định tỷ lệ nam, nữ tham gia học tập, đào tạo;
b) Lao động nữ khu vực nông thôn được hỗ trợ dạy nghề theo quy định của pháp luật.","Có. Các biện pháp thúc đẩy bình đẳng giới trong lĩnh vực lao động và giáo dục và đào tạo bao gồm quy định tỷ lệ nam, nữ được tuyển dụng lao động và quy định tỷ lệ nam, nữ tham gia học tập, đào tạo.

Cụ thể:
*   Trong lĩnh vực lao động, biện pháp thúc đẩy bình đẳng giới bao gồm quy định tỷ lệ nam, nữ được tuyển dụng lao động [C2].
*   Trong lĩnh vực giáo dục và đào tạo, biện pháp thúc đẩy bình đẳng giới bao gồm quy định tỷ lệ nam, nữ tham gia học tập, đào tạo [C1], [C3], [C4].",15.163459999712359,805.6369855000867,"[""chunk:luat-73-2006-qh11:dieu-luat-73-2006-qh11-13:article:16384"", ""chunk:luat-73-2006-qh11:dieu-luat-73-2006-qh11-14:article:16391""]","[""chunk:luat-73-2006-qh11:khoan-luat-73-2006-qh11-14-5:clause:16396"", ""chunk:luat-73-2006-qh11:khoan-luat-73-2006-qh11-13-3:clause:16387"", ""chunk:luat-73-2006-qh11:dieu-luat-73-2006-qh11-14:article:16391"", ""chunk:luat-73-2006-qh11:diem-luat-73-2006-qh11-14-5-a:point:16397""]",,0.5900577208247265
q0052,rag,multi_hop_specific,"Thời hạn tạm đình chỉ công tác đối với cán bộ, công chức tối đa là bao nhiêu ngày trong trường hợp cần thiết có thể kéo dài thêm theo quy định của Luật Cán bộ, công chức?",0.5,0.25,1.0,0.9727813315882122,0.99999999995,0.5,0.36,"Luật Cán Bộ, Công Chức Của Quốc Hội Khóa Xii, Kỳ Họp Thứ Tư (22/2008/QH12) > Chương IX. KHEN THƯỞNG VÀ XỬ LÝ VI PHẠM > Điều 80. Thời hiệu, thời hạn xử lý kỷ luật > Khoản 3:
3. Trường hợp cá nhân đã bị khởi tố, truy tố hoặc đã có quyết định đưa ra xét xử theo thủ tục tố tụng hình sự, nhưng sau đó có quyết định đình chỉ điều tra hoặc đình chỉ vụ án mà hành vi vi phạm có dấu hiệu vi phạm kỷ luật thì bị xử lý kỷ luật; trong thời hạn 03 ngày, kể từ ngày ra quyết định đình chỉ điều tra, đình chỉ vụ án, người ra quyết định phải gửi quyết định và hồ sơ vụ việc cho cơ quan, tổ chức, đơn vị có thẩm quyền xử lý kỷ luật.

Luật Cán Bộ, Công Chức Của Quốc Hội Khóa Xii, Kỳ Họp Thứ Tư (22/2008/QH12) > Chương IX. KHEN THƯỞNG VÀ XỬ LÝ VI PHẠM > Điều 81. Tạm đình chỉ công tác đối với cán bộ, công chức:
Điều 81. Tạm đình chỉ công tác đối với cán bộ, công chức
1. Cơ quan, tổ chức, đơn vị quản lý cán bộ, công chức có thể ra quyết định tạm đình chỉ công tác trong thời gian xem xét, xử lý kỷ luật cán bộ, công chức, nếu để cán bộ, công chức đó tiếp tục làm việc có thể gây khó khăn cho việc xem xét, xử lý. Thời hạn tạm đình chỉ công tác không quá 15 ngày, trường hợp cần thiết có thể kéo dài thêm nhưng tối đa không quá 15 ngày; nếu cán bộ, công chức bị tạm giữ, tạm giam để phục vụ công tác điều tra, truy tố, xét xử thì thời gian tạm giữ, tạm giam được tính là thời gian nghỉ việc có lý do; hết thời hạn tạm đình chỉ công tác nếu cán bộ, công chức không bị xử lý kỷ luật thì được tiếp tục bố trí làm việc ở vị trí cũ.
2. Trong thời gian bị tạm đình chỉ công tác hoặc bị tạm giữ, tạm giam để phục vụ cho công tác điều tra, truy tố, xét xử, cán bộ, công chức được hưởng lương theo quy định của Chính phủ.","Theo Luật Cán bộ, công chức, thời hạn tạm đình chỉ công tác đối với cán bộ, công chức không quá 15 ngày. Trường hợp cần thiết có thể kéo dài thêm nhưng tối đa không quá 15 ngày [C1], [C2].",15.788898000209883,805.6369855000867,"[""chunk:luat-22-2008-qh12:khoan-luat-22-2008-qh12-80-3:clause:9313"", ""chunk:luat-22-2008-qh12:dieu-luat-22-2008-qh12-81:article:9314""]","[""chunk:luat-22-2008-qh12:dieu-luat-22-2008-qh12-81:article:9314"", ""chunk:luat-22-2008-qh12:khoan-luat-22-2008-qh12-81-1:clause:9315"", ""chunk:luat-80-2025-qh15:dieu-luat-80-2025-qh15-39:article:17587"", ""chunk:luat-58-2010-qh12:dieu-luat-58-2010-qh12-54:article:13954""]",,0.7665562663076424
q0053,rag,multi_hop_specific,"Hành vi nào bị nghiêm cấm liên quan đến tai nạn lao động, bệnh nghề nghiệp theo Điều 12 Khoản 1 và Khoản 2 của Luật An toàn, vệ sinh lao động?",1.0,0.5,1.0,0.9670846379349749,0.99999999995,1.0,1.0,"Luật An Toàn, Vệ Sinh Lao Động (84/2015/QH13) > Chương I. QUY ĐỊNH CHUNG > Điều 12. Các hành vi bị nghiêm cấm > Khoản 1:
1. Che giấu, khai báo hoặc báo cáo sai sự thật về tai nạn lao động, bệnh nghề nghiệp; không thực hiện các yêu cầu, biện pháp bảo đảm an toàn, vệ sinh lao động gây tổn hại hoặc có nguy cơ gây tổn hại đến người, tài sản, môi trường; buộc người lao động phải làm việc hoặc không được rời khỏi nơi làm việc khi có nguy cơ xảy ra tai nạn lao động đe dọa nghiêm trọng sức khỏe, tính mạng của họ hoặc buộc người lao động tiếp tục làm việc khi các nguy cơ đó chưa được khắc phục.

Luật An Toàn, Vệ Sinh Lao Động (84/2015/QH13) > Chương I. QUY ĐỊNH CHUNG > Điều 12. Các hành vi bị nghiêm cấm > Khoản 2:
2. Trốn đóng, chậm đóng tiền bảo hiểm tai nạn lao động, bệnh nghề nghiệp; chiếm dụng tiền đóng, hưởng bảo hiểm tai nạn lao động, bệnh nghề nghiệp; gian lận, giả mạo hồ sơ trong việc thực hiện bảo hiểm tai nạn lao động, bệnh nghề nghiệp; không chi trả chế độ bảo hiểm tai nạn lao động, bệnh nghề nghiệp cho người lao động; quản lý, sử dụng Quỹ bảo hiểm tai nạn lao động, bệnh nghề nghiệp không đúng quy định của pháp luật; truy cập, khai thác trái pháp luật cơ sở dữ liệu về bảo hiểm tai nạn lao động, bệnh nghề nghiệp.","Theo Điều 12 Khoản 1 và Khoản 2 của Luật An toàn, vệ sinh lao động, các hành vi bị nghiêm cấm liên quan đến tai nạn lao động, bệnh nghề nghiệp bao gồm:

*   Che giấu, khai báo hoặc báo cáo sai sự thật về tai nạn lao động, bệnh nghề nghiệp [C1], [C2].
*   Không thực hiện các yêu cầu, biện pháp bảo đảm an toàn, vệ sinh lao động gây tổn hại hoặc có nguy cơ gây tổn hại đến người, tài sản, môi trường [C1], [C2].
*   Buộc người lao động phải làm việc hoặc không được rời khỏi nơi làm việc khi có nguy cơ xảy ra tai nạn lao động đe dọa nghiêm trọng sức khỏe, tính mạng của họ hoặc buộc người lao động tiếp tục làm việc khi các nguy cơ đó chưa được khắc phục [C1], [C2].
*   Trốn đóng, chậm đóng tiền bảo hiểm tai nạn lao động, bệnh nghề nghiệp [C1], [C3].
*   Chiếm dụng tiền đóng, hưởng bảo hiểm tai nạn lao động, bệnh nghề nghiệp [C1], [C3].
*   Gian lận, giả mạo hồ sơ trong việc thực hiện bảo hiểm tai nạn lao động, bệnh nghề nghiệp [C1], [C3].
*   Không chi trả chế độ bảo hiểm tai nạn lao động, bệnh nghề nghiệp cho người lao động [C1], [C3].
*   Quản lý, sử dụng Quỹ bảo hiểm tai nạn lao động, bệnh nghề nghiệp không đúng quy định của pháp luật [C1], [C3].
*   Truy cập, khai thác trái pháp luật cơ sở dữ liệu về bảo hiểm tai nạn lao động, bệnh nghề nghiệp [C1], [C3].",15.421199999764212,8194.701140000006,"[""chunk:luat-84-2015-qh13:khoan-luat-84-2015-qh13-12-1:clause:17737"", ""chunk:luat-84-2015-qh13:khoan-luat-84-2015-qh13-12-2:clause:17738""]","[""chunk:luat-84-2015-qh13:dieu-luat-84-2015-qh13-12:article:17735"", ""chunk:luat-84-2015-qh13:khoan-luat-84-2015-qh13-12-1:clause:17737"", ""chunk:luat-84-2015-qh13:khoan-luat-84-2015-qh13-12-2:clause:17738"", ""chunk:luat-84-2015-qh13:dieu-luat-84-2015-qh13-12:sliding:17736""]",,0.993416927576995
q0054,rag,multi_hop_specific,"Việc thay đổi, bổ sung, rút kháng cáo, kháng nghị trước khi mở phiên tòa phải được lập thành văn bản và gửi cho cơ quan nào?",0.5,0.25,1.0,0.9678018441676278,0.999999999975,1.0,0.44,"Luật Tố Tụng Hành Chính (93/2015/QH13) > Chương XIII. THỦ TỤC PHÚC THẨM > Mục 1. QUY ĐỊNH CHUNG VỀ THỦ TỤC PHÚC THẨM > Điều 218. Thay đổi, bổ sung, rút kháng cáo, kháng nghị > Khoản 1:
1. Trường hợp chưa hết thời hạn kháng cáo theo quy định tại Điều 206 của Luật này thì người đã kháng cáo có quyền thay đổi, bổ sung kháng cáo mà không bị giới hạn bởi phạm vi kháng cáo ban đầu.
Trường hợp chưa hết thời hạn kháng nghị theo quy định tại Điều 213 của Luật này thì Viện kiểm sát đã kháng nghị có quyền thay đổi, bổ sung kháng nghị mà không bị giới hạn bởi phạm vi kháng nghị ban đầu.

Luật Tố Tụng Hành Chính (93/2015/QH13) > Chương XIII. THỦ TỤC PHÚC THẨM > Mục 1. QUY ĐỊNH CHUNG VỀ THỦ TỤC PHÚC THẨM > Điều 218. Thay đổi, bổ sung, rút kháng cáo, kháng nghị > Khoản 4:
4. Việc thay đổi, bổ sung, rút kháng cáo, kháng nghị trước khi mở phiên tòa phải được lập thành văn bản và gửi cho Tòa án cấp phúc thẩm. Tòa án cấp phúc thẩm phải thông báo cho các đương sự về việc thay đổi, bổ sung, rút kháng cáo, kháng nghị; thông báo cho Viện kiểm sát cùng cấp về việc thay đổi, bổ sung, rút kháng cáo của đương sự.
Việc thay đổi, bổ sung, rút kháng cáo, kháng nghị tại phiên tòa phải được ghi vào biên bản phiên tòa.","Việc thay đổi, bổ sung, rút kháng cáo, kháng nghị trước khi mở phiên tòa phải được lập thành văn bản và gửi cho Tòa án cấp phúc thẩm [C1], [C2], [C3], [C4].",16.008009999950445,8194.701140000006,"[""chunk:luat-93-2015-qh13:khoan-luat-93-2015-qh13-218-1:clause:20033"", ""chunk:luat-93-2015-qh13:khoan-luat-93-2015-qh13-218-4:clause:20036""]","[""chunk:bo-luat-92-2015-qh13:khoan-bo-luat-92-2015-qh13-284-4:clause:4731"", ""chunk:luat-93-2015-qh13:khoan-luat-93-2015-qh13-218-4:clause:20036"", ""chunk:luat-93-2015-qh13:dieu-luat-93-2015-qh13-218:article:20032"", ""chunk:bo-luat-92-2015-qh13:dieu-bo-luat-92-2015-qh13-284:article:4727""]",,0.8815603688285256
q0055,rag,multi_hop_specific,Hành vi không đủ nội dung huấn luyện bắt buộc theo chương trình khung được pháp luật quy định sẽ bị phạt tiền bao nhiêu?,0.0,0.0,1.0,0.9803302046762467,0.9999999999666667,0.5,0.29,"NGHỊ ĐỊNH Quy định xử phạt vi phạm hành chính trong lĩnh vực lao động, bảo hiểm xã hội, người lao động Việt Nam đi làm việc ở nước ngoài theo hợp đồng (12/2022/NĐ-CP) > Chương II. HÀNH VI VI PHẠM, HÌNH THỨC XỬ PHẠT VÀ BIỆN PHÁP KHẮC PHỤC HẬU QUẢ ĐỐI VỚI HÀNH VI VI PHẠM TRONG LĨNH VỰC LAO ĐỘNG > Điều 25. Vi phạm quy định về hoạt động huấn luyện an toàn, vệ sinh lao động > Khoản 3 > Điểm b:
b) Từ 10.000.000 đồng đến 20.000.000 đồng đối với một trong các hành vi: huấn luyện bắt buộc theo chương trình khung được pháp luật quy định nhưng không đủ nội dung; sử dụng người huấn luyện không đảm bảo tiêu chuẩn về người huấn luyện; không đảm bảo cơ sở vật chất để huấn luyện theo quy định; không có tài liệu huấn luyện cho các đối tượng;

NGHỊ ĐỊNH Quy định xử phạt vi phạm hành chính trong lĩnh vực lao động, bảo hiểm xã hội, người lao động Việt Nam đi làm việc ở nước ngoài theo hợp đồng (12/2022/NĐ-CP) > Chương II. HÀNH VI VI PHẠM, HÌNH THỨC XỬ PHẠT VÀ BIỆN PHÁP KHẮC PHỤC HẬU QUẢ ĐỐI VỚI HÀNH VI VI PHẠM TRONG LĨNH VỰC LAO ĐỘNG > Điều 25. Vi phạm quy định về hoạt động huấn luyện an toàn, vệ sinh lao động > Khoản 4:
4. Phạt tiền từ 60.000.000 đồng đến 70.000.000 đồng đối với một trong các hành vi: thực hiện huấn luyện thuộc trường hợp phải có Giấy chứng nhận đủ điều kiện hoạt động huấn luyện an toàn, vệ sinh lao động mà không có Giấy chứng nhận đủ điều kiện hoạt động huấn luyện an toàn, vệ sinh lao động; giả mạo Giấy chứng nhận đủ điều kiện hoạt động huấn luyện an toàn, vệ sinh lao động nhưng chưa đến mức truy cứu trách nhiệm hình sự.","Hành vi huấn luyện bắt buộc theo chương trình khung được pháp luật quy định nhưng không đủ nội dung sẽ bị phạt tiền từ 10.000.000 đồng đến 20.000.000 đồng [C1], [C2].",15.717134999704285,896.280680000018,"[""chunk:nghi-ddinh-12-2022-ndd-cp:diem-nghi-ddinh-12-2022-ndd-cp-25-3-b:point:22629"", ""chunk:nghi-ddinh-12-2022-ndd-cp:khoan-nghi-ddinh-12-2022-ndd-cp-25-4:clause:22632""]","[""chunk:nghi-ddinh-12-2022-ndd-cp:diem-nghi-ddinh-12-2022-ndd-cp-25-2-b:point:22623"", ""chunk:nghi-ddinh-12-2022-ndd-cp:khoan-nghi-ddinh-12-2022-ndd-cp-25-2:clause:22620"", ""chunk:nghi-ddinh-12-2022-ndd-cp:dieu-nghi-ddinh-12-2022-ndd-cp-25:sliding:22608"", ""chunk:nghi-ddinh-12-2022-ndd-cp:khoan-nghi-ddinh-12-2022-ndd-cp-25-1:clause:22614""]",,0.7540660409285826
q0056,rag,multi_hop_specific,"Theo Luật Người Khuyết Tật, nội dung hợp tác quốc tế về người khuyết tật bao gồm những gì?",0.5,0.25,1.0,1.0000000000000002,0.99999999995,0.5,0.46,"Luật Người Khuyết Tật (51/2010/QH12) > Chương I. NHỮNG QUY ĐỊNH CHUNG > Điều 9. Tổ chức của người khuyết tật, tổ chức vì người khuyết tật:
Điều 9. Tổ chức của người khuyết tật, tổ chức vì người khuyết tật
1. Tổ chức của người khuyết tật là tổ chức xã hội được thành lập và hoạt động theo quy định của pháp luật để đại diện cho quyền, lợi ích hợp pháp của hội viên là người khuyết tật, tham gia xây dựng, giám sát thực hiện chính sách, pháp luật đối với người khuyết tật.
2. Tổ chức vì người khuyết tật là tổ chức xã hội được thành lập và hoạt động theo quy định của pháp luật để thực hiện các hoạt động trợ giúp người khuyết tật.

Luật Người Khuyết Tật (51/2010/QH12) > Chương I. NHỮNG QUY ĐỊNH CHUNG > Điều 12. Hợp tác quốc tế về người khuyết tật:
Điều 12. Hợp tác quốc tế về người khuyết tật
1. Hợp tác quốc tế về người khuyết tật được thực hiện trên cơ sở tôn trọng độc lập, chủ quyền, toàn vẹn lãnh thổ, bình đẳng, phù hợp với pháp luật Việt và pháp luật quốc tế.
2. Nội dung hợp tác quốc tế về người khuyết tật bao gồm:
a) Xây dựng và thực hiện chương trình, dự án hợp tác quốc tế về người khuyết tật;
b) Tham gia tổ chức quốc tế; ký kết, gia nhập và thực hiện điều ước quốc tế, thỏa thuận quốc tế liên quan đến người khuyết tật;
c) Trao đổi thông tin, kinh nghiệm về vấn đề liên quan đến người khuyết tật.","Theo Luật Người Khuyết Tật, nội dung hợp tác quốc tế về người khuyết tật bao gồm:
*   Xây dựng và thực hiện chương trình, dự án hợp tác quốc tế về người khuyết tật [C1].
*   Tham gia tổ chức quốc tế; ký kết, gia nhập và thực hiện điều ước quốc tế, thỏa thuận quốc tế liên quan đến người khuyết tật [C1].
*   Trao đổi thông tin, kinh nghiệm về vấn đề liên quan đến người khuyết tật [C1], [C4].",15.95479699972202,896.280680000018,"[""chunk:luat-51-2010-qh12:dieu-luat-51-2010-qh12-9:article:12585"", ""chunk:luat-51-2010-qh12:dieu-luat-51-2010-qh12-12:article:12596""]","[""chunk:luat-51-2010-qh12:khoan-luat-51-2010-qh12-12-2:clause:12598"", ""chunk:luat-51-2010-qh12:dieu-luat-51-2010-qh12-12:article:12596"", ""chunk:luat-51-2010-qh12:diem-luat-51-2010-qh12-50-1-i:point:12842"", ""chunk:luat-51-2010-qh12:diem-luat-51-2010-qh12-12-2-c:point:12601""]",,0.79199999999
q0057,rag,multi_hop_specific,"Phương án bảo đảm an toàn, vệ sinh lao động phải có những nội dung chủ yếu nào?",0.5,0.25,1.0,0.9996204614973198,0.999999999975,0.5833333333333334,0.82,"Luật An Toàn, Vệ Sinh Lao Động (84/2015/QH13) > Chương II. CÁC BIỆN PHÁP PHÒNG, CHỐNG CÁC YẾU TỐ > Mục 4. QUẢN LÝ MÁY, THIẾT BỊ, VẬT TƯ, CHẤT CÓ YÊU CẦU > Điều 28. Máy, thiết bị, vật tư, chất có yêu cầu nghiêm ngặt về an toàn, vệ sinh lao động:
Điều 28. Máy, thiết bị, vật tư, chất có yêu cầu nghiêm ngặt về an toàn, vệ sinh lao động
1. Máy, thiết bị, vật tư, chất có yêu cầu nghiêm ngặt về an toàn, vệ sinh lao động là máy, thiết bị, vật tư, chất trong điều kiện lưu giữ, vận chuyển, bảo quản, sử dụng hợp lý, đúng mục đích và đúng theo hướng dẫn của nhà sản xuất nhưng trong quá trình lao động, sản xuất vẫn tiềm ẩn khả năng xảy ra tai nạn lao động, bệnh nghề nghiệp, gây hậu quả nghiêm trọng đến sức khỏe, tính mạng con người.
2. Bộ trưởng Bộ Lao động - Thương binh và Xã hội ban hành Danh mục các loại máy, thiết bị, vật tư, chất có yêu cầu nghiêm ngặt về an toàn, vệ sinh lao động trên cơ sở đề nghị của các bộ quy định tại Điều 33 của Luật này.

Luật An Toàn, Vệ Sinh Lao Động (84/2015/QH13) > Chương II. CÁC BIỆN PHÁP PHÒNG, CHỐNG CÁC YẾU TỐ > Mục 4. QUẢN LÝ MÁY, THIẾT BỊ, VẬT TƯ, CHẤT CÓ YÊU CẦU > Điều 29. Lập phương án bảo đảm an toàn, vệ sinh lao động khi xây dựng mới, mở rộng hoặc cải tạo công trình, cơ sở để sản xuất, sử dụng, bảo quản, lưu giữ máy, thiết bị, vật tư, chất có yêu cầu nghiêm ngặt về an toàn, vệ sinh lao động:
Điều 29. Lập phương án bảo đảm an toàn, vệ sinh lao động khi xây dựng mới, mở rộng hoặc cải tạo công trình, cơ sở để sản xuất, sử dụng, bảo quản, lưu giữ máy, thiết bị, vật tư, chất có yêu cầu nghiêm ngặt về an toàn, vệ sinh lao động
1. Trong hồ sơ trình cơ quan có thẩm quyền cấp giấy phép xây dựng mới, mở rộng hoặc cải tạo công trình, cơ sở để sản xuất, sử dụng, bảo quản, lưu giữ máy, thiết bị, vật tư, chất có yêu cầu nghiêm ngặt về an toàn, vệ sinh lao động, chủ đầu tư, người sử dụng lao động phải có phương án bảo đảm an toàn, vệ sinh lao động đối với nơi làm việc của người lao động và môi trường.
2. Phương án bảo đảm an toàn, vệ sinh lao động phải có các nội dung chủ yếu sau đây:
a) Địa điểm, quy mô công trình, cơ sở;
b) Liệt kê, mô tả chi tiết các hạng mục trong công trình, cơ sở;
c) Nêu rõ những yếu tố nguy hiểm, yếu tố có hại, sự cố có thể phát sinh trong quá trình hoạt động;
d) Các biện pháp cụ thể nhằm loại trừ, giảm thiểu yếu tố nguy hiểm, yếu tố có hại; phương án xử lý sự cố kỹ thuật gây mất an toàn, vệ sinh lao động nghiêm trọng, ứng cứu khẩn cấp.","Phương án bảo đảm an toàn, vệ sinh lao động phải có các nội dung chủ yếu sau đây:
*   Địa điểm, quy mô công trình, cơ sở [C1d].
*   Liệt kê, mô tả chi tiết các hạng mục trong công trình, cơ sở [C1b].
*   Nêu rõ những yếu tố nguy hiểm, yếu tố có hại, sự cố có thể phát sinh trong quá trình hoạt động [C1c].
*   Các biện pháp cụ thể nhằm loại trừ, giảm thiểu yếu tố nguy hiểm, yếu tố có hại; phương án xử lý sự cố kỹ thuật gây mất an toàn, vệ sinh lao động nghiêm trọng, ứng cứu khẩn cấp [C1d].",15.303814999697352,2143.1351209998866,"[""chunk:luat-84-2015-qh13:dieu-luat-84-2015-qh13-28:article:17835"", ""chunk:luat-84-2015-qh13:dieu-luat-84-2015-qh13-29:article:17838""]","[""chunk:luat-84-2015-qh13:khoan-luat-84-2015-qh13-29-2:clause:17840"", ""chunk:luat-84-2015-qh13:khoan-luat-84-2015-qh13-76-3:clause:18213"", ""chunk:luat-84-2015-qh13:dieu-luat-84-2015-qh13-76:article:18206"", ""chunk:luat-84-2015-qh13:dieu-luat-84-2015-qh13-29:article:17838""]",,0.8805907589611307
q0058,rag,multi_hop_specific,"Theo Bộ luật Lao động, người sử dụng lao động có những nghĩa vụ gì?",1.0,0.5,,0.9801112508725679,0.99999999995,0.6666666666666666,0.44,"Bộ Luật Lao Động (45/2019/QH14) > Chương I. NHỮNG QUY ĐỊNH CHUNG > Điều 6. Quyền và nghĩa vụ của người sử dụng lao động:
Điều 6. Quyền và nghĩa vụ của người sử dụng lao động
1. Người sử dụng lao động có các quyền sau đây:
a) Tuyển dụng, bố trí, quản lý, điều hành, giám sát lao động; khen thưởng và xử lý vi phạm kỷ luật lao động;
b) Thành lập, gia nhập, hoạt động trong tổ chức đại diện người sử dụng lao động, tổ chức nghề nghiệp và tổ chức khác theo quy định của pháp luật;
c) Yêu cầu tổ chức đại diện người lao động thương lượng với mục đích ký kết thỏa ước lao động tập thể; tham gia giải quyết tranh chấp lao động, đình công; đối thoại, trao đổi với tổ chức đại diện người lao động về các vấn đề trong quan hệ lao động, cải thiện đời sống vật chất và tinh thần của người lao động;
d) Đóng cửa tạm thời nơi làm việc;
đ) Các quyền khác theo quy định của pháp luật.
2. Người sử dụng lao động có các nghĩa vụ sau đây:
a) Thực hiện hợp đồng lao động, thỏa ước lao động tập thể và thỏa thuận hợp pháp khác; tôn trọng danh dự, nhân phẩm của người lao động;
b) Thiết lập cơ chế và thực hiện đối thoại, trao đổi với người lao động và tổ chức đại diện người lao động; thực hiện quy chế dân chủ ở cơ sở tại nơi làm việc;
c) Đào tạo, đào tạo lại, bồi dưỡng nâng cao trình độ, kỹ năng nghề nhằm duy trì, chuyển đổi nghề nghiệp, việc làm cho người lao động;
d) Thực hiện quy định của pháp luật về lao động, việc làm, giáo dục nghề nghiệp, bảo hiểm xã hội, bảo hiểm y tế, bảo hiểm thất nghiệp và an toàn, vệ sinh lao động; xây dựng và thực hiện các giải pháp phòng, chống quấy rối tình dục tại nơi làm việc;
đ) Tham gia phát triển tiêu chuẩn kỹ năng nghề quốc gia, đánh giá, công nhận kỹ năng nghề cho người lao động.

Bộ Luật Lao Động (45/2019/QH14) > Chương I. NHỮNG QUY ĐỊNH CHUNG > Điều 6. Quyền và nghĩa vụ của người sử dụng lao động > Khoản 2:
2. Người sử dụng lao động có các nghĩa vụ sau đây:
a) Thực hiện hợp đồng lao động, thỏa ước lao động tập thể và thỏa thuận hợp pháp khác; tôn trọng danh dự, nhân phẩm của người lao động;
b) Thiết lập cơ chế và thực hiện đối thoại, trao đổi với người lao động và tổ chức đại diện người lao động; thực hiện quy chế dân chủ ở cơ sở tại nơi làm việc;
c) Đào tạo, đào tạo lại, bồi dưỡng nâng cao trình độ, kỹ năng nghề nhằm duy trì, chuyển đổi nghề nghiệp, việc làm cho người lao động;
d) Thực hiện quy định của pháp luật về lao động, việc làm, giáo dục nghề nghiệp, bảo hiểm xã hội, bảo hiểm y tế, bảo hiểm thất nghiệp và an toàn, vệ sinh lao động; xây dựng và thực hiện các giải pháp phòng, chống quấy rối tình dục tại nơi làm việc;
đ) Tham gia phát triển tiêu chuẩn kỹ năng nghề quốc gia, đánh giá, công nhận kỹ năng nghề cho người lao động.","Theo Bộ luật Lao động, người sử dụng lao động có các nghĩa vụ sau đây:
*   Thực hiện hợp đồng lao động, thỏa ước lao động tập thể và thỏa thuận hợp pháp khác; tôn trọng danh dự, nhân phẩm của người lao động. [C1]
*   Thiết lập cơ chế và thực hiện đối thoại, trao đổi với người lao động và tổ chức đại diện người lao động; thực hiện quy chế dân chủ ở cơ sở tại nơi làm việc. [C1]
*   Đào tạo, đào tạo lại, bồi dưỡng nâng cao trình độ, kỹ năng nghề nhằm duy trì, chuyển đổi nghề nghiệp, việc làm cho người lao động. [C1]
*   Thực hiện quy định của pháp luật về lao động, việc làm, giáo dục nghề nghiệp, bảo hiểm xã hội, bảo hiểm y tế, bảo hiểm thất nghiệp và an toàn, vệ sinh lao động; xây dựng và thực hiện các giải pháp phòng, chống quấy rối tình dục tại nơi làm việc. [C1]
*   Tham gia phát triển tiêu chuẩn kỹ năng nghề quốc gia, đánh giá, công nhận kỹ năng nghề cho người lao động. [C1]

Ngoài ra, theo Luật An toàn, vệ sinh lao động, người sử dụng lao động còn có các nghĩa vụ liên quan đến an toàn, vệ sinh lao động:
*   Xây dựng, tổ chức thực hiện và chủ động phối hợp với các cơ quan, tổ chức trong việc bảo đảm an toàn, vệ sinh lao động tại nơi làm việc thuộc phạm vi trách nhiệm của mình cho người lao động và những người có liên quan; đóng bảo hiểm tai nạn lao động, bệnh nghề nghiệp cho người lao động. [C3]
*   Tổ chức huấn luyện, hướng dẫn các quy định, nội quy, quy trình, biện pháp bảo đảm an toàn, vệ sinh lao động; trang bị đầy đủ phương tiện, công cụ lao động bảo đảm an toàn, vệ sinh lao động; thực hiện việc chăm sóc sức khỏe, khám phát hiện bệnh nghề nghiệp; thực hiện đầy đủ chế độ đối với người bị tai nạn lao động, bệnh nghề nghiệp cho người lao động. [C3]
*   Không được buộc người lao động tiếp tục làm công việc hoặc trở lại nơi làm việc khi có nguy cơ xảy ra tai nạn lao động đe dọa nghiêm trọng tính mạng hoặc sức khỏe của người lao động. [C3]
*   Cử người giám sát, kiểm tra việc thực hiện nội quy, quy trình, biện pháp bảo đảm an toàn, vệ sinh lao động tại nơi làm việc theo quy định của pháp luật. [C3]
*   Bố trí bộ phận hoặc người làm công tác an toàn, vệ sinh lao động; phối hợp với Ban chấp hành công đoàn cơ sở thành lập mạng lưới an toàn, vệ sinh viên; phân định trách nhiệm và giao quyền hạn về công tác an toàn, vệ sinh lao động. [C3]
*   Thực hiện việc khai báo, điều tra, thống kê, báo cáo tai nạn lao động, bệnh nghề nghiệp, sự cố kỹ thuật gây mất an toàn, vệ sinh lao động nghiêm trọng; thống kê, báo cáo tình hình thực hiện công tác an toàn, vệ sinh lao động; chấp hành quyết định của thanh tra chuyên ngành về an toàn, vệ sinh lao động. [C3]
*   Lấy ý kiến Ban chấp hành công đoàn cơ sở khi xây dựng kế hoạch, nội quy, quy trình, biện pháp bảo đảm an toàn, vệ sinh lao động. [C3]",15.96626299988202,2143.1351209998866,"[""chunk:bo-luat-45-2019-qh14:dieu-bo-luat-45-2019-qh14-6:article:2049"", ""chunk:bo-luat-45-2019-qh14:khoan-bo-luat-45-2019-qh14-6-2:clause:2056""]","[""chunk:bo-luat-45-2019-qh14:khoan-bo-luat-45-2019-qh14-6-2:clause:2056"", ""chunk:bo-luat-45-2019-qh14:dieu-bo-luat-45-2019-qh14-6:article:2049"", ""chunk:luat-84-2015-qh13:khoan-luat-84-2015-qh13-7-2:clause:17691"", ""chunk:luat-84-2015-qh13:dieu-luat-84-2015-qh13-7:article:17685""]","RuntimeError: Judge không trả được JSON hợp lệ: 1 validation error for NLIStatementOutput
statements
  Field required [type=missing, input_value={'statement': 'Người s...ộng"".', 'verdict': 1}, input_type=dict]
    For further information visit https://errors.pydantic.dev/2.12/v/missing",0.7716944793723086
q0059,rag,multi_hop_specific,Tòa án ra quyết định thông báo tìm kiếm người vắng mặt tại nơi cư trú trong trường hợp nào?,0.5,0.25,0.8333333333333334,0.9777944709046937,0.9999999999,0.5,0.29,"Bộ Luật Tố Tụng Dân Sự (92/2015/QH13) > Chương XXV. THỦ TỤC GIẢI QUYẾT YÊU CẦU THÔNG BÁO TÌM KIẾM NGƯỜI VẮNG MẶT TẠI NƠI CƯ TRÚ > Điều 382. Chuẩn bị xét đơn yêu cầu thông báo tìm kiếm người vắng mặt tại nơi cư trú:
Điều 382. Chuẩn bị xét đơn yêu cầu thông báo tìm kiếm người vắng mặt tại nơi cư trú
Trong thời hạn chuẩn bị xét đơn yêu cầu, Tòa án ra quyết định đình chỉ xét đơn yêu cầu thông báo tìm kiếm người vắng mặt tại nơi cư trú, nếu người bị yêu cầu thông báo tìm kiếm trở về và yêu cầu Tòa án đình chỉ việc xét đơn yêu cầu.

Bộ Luật Tố Tụng Dân Sự (92/2015/QH13) > Chương XXV. THỦ TỤC GIẢI QUYẾT YÊU CẦU THÔNG BÁO TÌM KIẾM NGƯỜI VẮNG MẶT TẠI NƠI CƯ TRÚ > Điều 383. Quyết định thông báo tìm kiếm người vắng mặt tại nơi cư trú:
Điều 383. Quyết định thông báo tìm kiếm người vắng mặt tại nơi cư trú
Trường hợp chấp nhận đơn yêu cầu thì Tòa án ra quyết định thông báo tìm kiếm người vắng mặt tại nơi cư trú; trường hợp có yêu cầu Tòa án áp dụng biện pháp quản lý tài sản của người vắng mặt đó tại nơi cư trú và được chấp nhận thì trong quyết định, Tòa án còn phải quyết định áp dụng biện pháp quản lý tài sản của người đó theo quy định của Bộ luật dân sự.","Tòa án ra quyết định thông báo tìm kiếm người vắng mặt tại nơi cư trú trong trường hợp chấp nhận đơn yêu cầu thông báo tìm kiếm người vắng mặt tại nơi cư trú [C1].

Đơn yêu cầu này được nộp bởi người có quyền, lợi ích liên quan khi người cần tìm kiếm đã biệt tích 06 tháng liền trở lên [C3]. Kèm theo đơn yêu cầu, người yêu cầu phải gửi tài liệu, chứng cứ để chứng minh người bị yêu cầu đã biệt tích 06 tháng liền trở lên [C3].",14.7336400000313,26889.623136500177,"[""chunk:bo-luat-92-2015-qh13:dieu-bo-luat-92-2015-qh13-382:article:5255"", ""chunk:bo-luat-92-2015-qh13:dieu-bo-luat-92-2015-qh13-383:article:5256""]","[""chunk:bo-luat-92-2015-qh13:dieu-bo-luat-92-2015-qh13-383:article:5256"", ""chunk:bo-luat-92-2015-qh13:dieu-bo-luat-92-2015-qh13-384:article:5257"", ""chunk:bo-luat-92-2015-qh13:dieu-bo-luat-92-2015-qh13-381:article:5252"", ""chunk:bo-luat-92-2015-qh13:dieu-bo-luat-92-2015-qh13-385:article:5264""]",,0.7202255608276055
q0060,rag,multi_hop_specific,"Người phải chấp hành quyết định nhưng chưa đưa vào trường giáo dưỡng, cơ sở giáo dục bắt buộc được miễn chấp hành quyết định trong các trường hợp nào theo Luật Xử lý vi phạm hành chính số 15/2012/QH13?",0.5,0.25,1.0,0.9929250114066475,0.999999999975,0.5,0.27,"LUẬT XỬ LÝ VI PHẠM HÀNH CHÍNH Luật Xử lý vi phạm hành chính số 15/2012/QH13 ngày 20 tháng 6 năm 2012 của Quốc hội, có hiệu lực kể từ ngày 01 tháng 7 năm 2013, được sửa đổi, bổ sung bởi: (90/VBHN-VPQH) > Chương IV. THI HÀNH QUYẾT ĐỊNH ÁP DỤNG BIỆN PHÁP XỬ LÝ HÀNH CHÍNH > Điều 109. Thi hành quyết định áp dụng biện pháp giáo dục tại xã, phường, đặc khu[170] > Khoản 1:
1. Sau khi nhận được quyết định áp dụng biện pháp giáo dục tại xã, phường, đặc khu[171], cơ quan, tổ chức được giao giáo dục, quản lý có trách nhiệm:
a) Tổ chức việc thực hiện biện pháp giáo dục tại xã, phường, đặc khu[172] đối với người được giáo dục;
b) Phân công người trực tiếp giúp đỡ người được giáo dục;
c) Ghi sổ theo dõi và định kỳ báo cáo Chủ tịch Ủy ban nhân dân cấp xã về việc thực hiện quyết định giáo dục tại xã, phường, đặc khu[173];
d) Giúp đỡ, động viên người được giáo dục, đề xuất với Ủy ban nhân dân cấp xã tạo điều kiện cho họ tìm kiếm việc làm.

LUẬT XỬ LÝ VI PHẠM HÀNH CHÍNH Luật Xử lý vi phạm hành chính số 15/2012/QH13 ngày 20 tháng 6 năm 2012 của Quốc hội, có hiệu lực kể từ ngày 01 tháng 7 năm 2013, được sửa đổi, bổ sung bởi: (90/VBHN-VPQH) > Chương IV. THI HÀNH QUYẾT ĐỊNH ÁP DỤNG BIỆN PHÁP XỬ LÝ HÀNH CHÍNH > Điều 111. Hoãn hoặc miễn chấp hành quyết định đưa vào trường giáo dưỡng, cơ sở giáo dục bắt buộc[181]:
Điều 111. Hoãn hoặc miễn chấp hành quyết định đưa vào trường giáo dưỡng, cơ sở giáo dục bắt buộc[181]
1. Người phải chấp hành quyết định nhưng chưa đưa vào trường giáo dưỡng, cơ sở giáo dục bắt buộc[182] được hoãn chấp hành quyết định trong các trường hợp sau đây:
a) Đang ốm nặng có chứng nhận của cơ sở khám bệnh, chữa bệnh từ cấp cơ bản[183] trở lên[184];
b) Gia đình đang có khó khăn đặc biệt được Chủ tịch Ủy ban nhân dân cấp xã nơi người đó cư trú xác nhận.
Khi điều kiện hoãn chấp hành quyết định không còn thì quyết định được tiếp tục thi hành.
2. Người phải chấp hành quyết định nhưng chưa đưa vào trường giáo dưỡng, cơ sở giáo dục bắt buộc[185] được miễn chấp hành quyết định trong các trường hợp sau đây:
a) Mắc bệnh hiểm nghèo có chứng nhận của cơ sở khám bệnh, chữa bệnh từ tuyến huyện trở lên[186];
b) Trong thời gian hoãn chấp hành quyết định quy định tại khoản 1 Điều này mà người đó có tiến bộ rõ rệt trong việc chấp hành pháp luật hoặc lập công hoặc không còn nghiện ma túy;
c) Đang mang thai có chứng nhận của cơ sở khám bệnh, chữa bệnh từ tuyến huyện trở lên[187].
3. Tòa án nhân dân[188] nơi đã ra quyết định áp dụng biện pháp đưa vào trường giáo dưỡng, đưa vào cơ sở giáo dục bắt buộc[189] xem xét, quyết định việc hoãn hoặc miễn chấp hành trên cơ sở đơn đề nghị của người phải chấp hành quyết định hoặc người đại diện hợp pháp của họ; trong trường hợp cần thiết thì đề nghị cơ quan đã gửi hồ sơ đề nghị có ý kiến trước khi quyết định.
Quyết định miễn hoặc hoãn chấp hành phải được gửi cho cơ quan thi hành quyết định, người phải chấp hành quyết định; trường hợp người chưa thành niên được hoãn, miễn chấp hành quyết định đưa vào trường giáo dưỡng thì quyết định được gửi cho cha mẹ hoặc người đại diện hợp pháp của họ.","Theo Luật Xử lý vi phạm hành chính số 15/2012/QH13, người phải chấp hành quyết định nhưng chưa đưa vào trường giáo dưỡng, cơ sở giáo dục bắt buộc được miễn chấp hành quyết định trong các trường hợp sau đây:
* Mắc bệnh hiểm nghèo có chứng nhận của cơ sở khám bệnh, chữa bệnh từ tuyến huyện trở lên [C1], [C4].
* Trong thời gian hoãn chấp hành quyết định mà người đó có tiến bộ rõ rệt trong việc chấp hành pháp luật hoặc lập công hoặc không còn nghiện ma túy [C1], [C4].
* Đang mang thai có chứng nhận của cơ sở khám bệnh, chữa bệnh từ tuyến huyện trở lên [C1], [C4].",15.747029000067414,26889.623136500177,"[""chunk:90-vbhn-vpqh-699548:khoan-90-vbhn-vpqh-699548-109-1:clause:1734"", ""chunk:90-vbhn-vpqh-699548:dieu-90-vbhn-vpqh-699548-111:article:1745""]","[""chunk:90-vbhn-vpqh-699548:dieu-90-vbhn-vpqh-699548-111:article:1745"", ""chunk:luat-15-2012-qh13:dieu-luat-15-2012-qh13-111:article:8694"", ""chunk:luat-15-2012-qh13:khoan-luat-15-2012-qh13-111-2:clause:8698"", ""chunk:90-vbhn-vpqh-699548:khoan-90-vbhn-vpqh-699548-111-2:clause:1749""]",,0.7525850022763294
q0061,rag,multi_hop_specific,Bộ Giáo dục và Đào tạo chủ trì và phối hợp với những bộ nào để thực hiện chương trình giáo dục đặc biệt đối với trẻ em khuyết tật?,0.5,0.25,1.0,0.9794239883262241,0.9166666666361111,0.5,0.38,"Luật Người Khuyết Tật (51/2010/QH12) > Chương IX. TRÁCH NHIỆM CỦA CƠ QUAN > Điều 50. Trách nhiệm của bộ, cơ quan ngang bộ và Ủy ban nhân dân các cấp > Khoản 2:
2. Bộ Y tế có trách nhiệm sau đây:
a) Thực hiện quản lý nhà nước về chăm sóc sức khỏe người khuyết tật;
b) Chủ trì và phối hợp với Bộ Lao động - Thương binh và Xã hội quy định chi tiết hoạt động phục hồi chức năng người khuyết tật; đào tạo về phục hồi chức năng; thực hiện chương trình phòng ngừa khuyết tật; hướng dẫn thực hiện phục hồi chức năng dựa vào cộng đồng đối với người khuyết tật.

Luật Người Khuyết Tật (51/2010/QH12) > Chương IX. TRÁCH NHIỆM CỦA CƠ QUAN > Điều 50. Trách nhiệm của bộ, cơ quan ngang bộ và Ủy ban nhân dân các cấp > Khoản 3:
3. Bộ Giáo dục và Đào tạo có trách nhiệm sau đây:
a) Thực hiện quản lý nhà nước về giáo dục đối với người khuyết tật;
b) Quy định chuẩn quốc gia về ngôn ngữ ký hiệu và chữ nổi Braille cho người khuyết tật;
c) Thực hiện quy hoạch hệ thống các cơ sở giáo dục chuyên biệt đối với người khuyết tật và hệ thống trung tâm hỗ trợ phát triển giáo dục hòa nhập;
d) Đào tạo giáo viên, nhân viên hỗ trợ giáo dục, biên soạn chương trình, tài liệu, giáo trình và sách giáo khoa áp dụng cho người học là người khuyết tật; chỉ đạo nghiên cứu, sản xuất và cung ứng thiết bị dạy học phù hợp với từng dạng tật và mức độ khuyết tật;
đ) Chủ trì và phối hợp với Bộ Lao động - Thương binh và Xã hội, Bộ Y tế thực hiện chương trình giáo dục đặc biệt đối với trẻ em khuyết tật.","Bộ Giáo dục và Đào tạo chủ trì và phối hợp với Bộ Lao động - Thương binh và Xã hội, Bộ Y tế để thực hiện chương trình giáo dục đặc biệt đối với trẻ em khuyết tật. [C1], [C2]",15.525491000062175,767.7292824998858,"[""chunk:luat-51-2010-qh12:khoan-luat-51-2010-qh12-50-2:clause:12846"", ""chunk:luat-51-2010-qh12:khoan-luat-51-2010-qh12-50-3:clause:12849""]","[""chunk:luat-51-2010-qh12:diem-luat-51-2010-qh12-50-3-dd:point:12854"", ""chunk:luat-51-2010-qh12:khoan-luat-51-2010-qh12-50-3:clause:12849"", ""chunk:luat-51-2010-qh12:khoan-luat-51-2010-qh12-27-4:clause:12706"", ""chunk:luat-51-2010-qh12:dieu-luat-51-2010-qh12-50:sliding:12831""]",,0.755218130992467
q0062,rag,multi_hop_specific,Thẻ bảo hiểm y tế của trẻ em dưới 6 tuổi có giá trị sử dụng đến khi nào?,0.5,0.25,1.0,1.0000000000000002,0.999999999975,0.5,0.14,"Luật Bảo Hiểm Y Tế Của Quốc Hội Khóa Xii, Kỳ Họp Thứ Tư (25/2008/QH12) > Chương II. ĐỐI TƯỢNG, MỨC ĐÓNG, TRÁCH NHIỆM > Điều 15. Phương thức đóng bảo hiểm y tế:
Điều 15. Phương thức đóng bảo hiểm y tế
1. Hằng tháng, người sử dụng lao động đóng bảo hiểm y tế cho người lao động và trích tiền đóng bảo hiểm y tế từ tiền lương, tiền công của người lao động để nộp cùng một lúc vào quỹ bảo hiểm y tế.
2. Đối với các doanh nghiệp nông nghiệp, lâm nghiệp, ngư nghiệp, diêm nghiệp không trả lương theo tháng thì 3 tháng hoặc 6 tháng một lần, người sử dụng lao động đóng bảo hiểm y tế cho người lao động và trích tiền đóng bảo hiểm y tế từ tiền lương, tiền công của người lao động để nộp cùng một lúc vào quỹ bảo hiểm y tế.
3. Hằng tháng, tổ chức bảo hiểm xã hội đóng bảo hiểm y tế cho các đối tượng quy định tại các khoản 3, 4, 5, 6 và 8 Điều 12 của Luật này vào quỹ bảo hiểm y tế.
4. Hằng năm, cơ quan, tổ chức quản lý đối tượng quy định tại các khoản 7, 9, 10, 11, 12, 13, 14, 17 và 18 Điều 12 của Luật này đóng bảo hiểm y tế cho các đối tượng này vào quỹ bảo hiểm y tế.
5. Hằng năm, cơ quan, tổ chức quản lý người có công với cách mạng và các đối tượng quy định tại các điểm a, b và c khoản 16 Điều 12 của Luật này đóng bảo hiểm y tế cho thân nhân của họ vào quỹ bảo hiểm y tế.
6. Hằng tháng, cơ quan, tổ chức, đơn vị cấp học bổng đóng bảo hiểm y tế cho đối tượng quy định tại khoản 19 Điều 12 của Luật này vào quỹ bảo hiểm y tế.
7. Chính phủ quy định cụ thể phương thức đóng bảo hiểm y tế của đối tượng quy định tại các khoản 20, 21, 22, 23, 24 và 25 Điều 12 của Luật này.

Luật Bảo Hiểm Y Tế Của Quốc Hội Khóa Xii, Kỳ Họp Thứ Tư (25/2008/QH12) > Chương III. THẺ BẢO HIỂM Y TẾ > Điều 16. Thẻ bảo hiểm y tế > Khoản 3:
3. Thời điểm thẻ bảo hiểm y tế có giá trị sử dụng được quy định như sau:
a) Đối với người tham gia bảo hiểm y tế theo quy định tại khoản 3 Điều 50 của Luật này đóng bảo hiểm y tế liên tục kể từ lần thứ hai trở đi hoặc người tham gia bảo hiểm y tế quy định tại khoản 2 Điều 51 của Luật này thì thẻ bảo hiểm y tế có giá trị sử dụng kể từ ngày đóng bảo hiểm y tế;
b) Đối với người tham gia bảo hiểm y tế theo quy định tại khoản 3 Điều 50 của Luật này đóng bảo hiểm y tế lần đầu hoặc đóng bảo hiểm y tế không liên tục thì thẻ bảo hiểm y tế có giá trị sử dụng sau 30 ngày, kể từ ngày đóng bảo hiểm y tế; riêng đối với quyền lợi về dịch vụ kỹ thuật cao thì thẻ bảo hiểm y tế có giá trị sử dụng sau 180 ngày, kể từ ngày đóng bảo hiểm y tế;
c) Đối với trẻ em dưới 6 tuổi thì thẻ bảo hiểm y tế có giá trị sử dụng đến ngày trẻ đủ 72 tháng tuổi.","Thẻ bảo hiểm y tế của trẻ em dưới 6 tuổi có giá trị sử dụng đến ngày trẻ đủ 72 tháng tuổi [C1], [C3], [C4].",15.781696999965789,767.7292824998858,"[""chunk:luat-25-2008-qh12:dieu-luat-25-2008-qh12-15:article:9448"", ""chunk:luat-25-2008-qh12:khoan-luat-25-2008-qh12-16-3:clause:9460""]","[""chunk:luat-25-2008-qh12:diem-luat-25-2008-qh12-16-3-c:point:9463"", ""chunk:luat-25-2008-qh12:khoan-luat-25-2008-qh12-50-1:clause:9680"", ""chunk:luat-25-2008-qh12:khoan-luat-25-2008-qh12-16-3:clause:9460"", ""chunk:luat-25-2008-qh12:dieu-luat-25-2008-qh12-16:article:9457""]",,0.727999999995
q0063,rag,multi_hop_specific,Người sử dụng lao động bị buộc trả lại số tiền hoặc tài sản đã giữ của người lao động cộng với khoản tiền lãi của số tiền đã giữ theo mức lãi suất tiền gửi không kỳ hạn cao nhất của các ngân hàng thương mại nhà nước tại thời điểm xử phạt khi thử việc quá thời gian thỏa thuận hoặc vượt quá điều kiện quy định tại Điều 25 của Bộ luật Lao động?,0.5,0.25,0.8571428571428571,0.985466321212967,0.0,0.5,0.43,"NGHỊ ĐỊNH Quy định xử phạt vi phạm hành chính trong lĩnh vực lao động, bảo hiểm xã hội, người lao động Việt Nam đi làm việc (283/2026/NĐ-CP) > Chương II. HÀNH VI VI PHẠM, HÌNH THỨC XỬ PHẠT VÀ BIỆN PHÁP KHẮC PHỤC HẬU QUẢ ĐỐI VỚI HÀNH VI VI PHẠM TRONG LĨNH VỰC LAO ĐỘNG > Mục 2. VI PHẠM HÀNH CHÍNH VỀ ĐIỀU KIỆN LAO ĐỘNG VÀ QUAN HỆ LAO ĐỘNG > Điều 15. Vi phạm quy định về giao kết hợp đồng lao động > Khoản 3 > Điểm đ:
đ) Buộc người sử dụng lao động trả lại số tiền hoặc tài sản đã giữ của người lao động cộng với khoản tiền lãi của số tiền đã giữ của người lao động tính theo mức lãi suất tiền gửi không kỳ hạn cao nhất của các ngân hàng thương mại nhà nước công bố tại thời điểm xử phạt đối với hành vi vi phạm quy định tại điểm b khoản 2 Điều này.

NGHỊ ĐỊNH Quy định xử phạt vi phạm hành chính trong lĩnh vực lao động, bảo hiểm xã hội, người lao động Việt Nam đi làm việc (283/2026/NĐ-CP) > Chương II. HÀNH VI VI PHẠM, HÌNH THỨC XỬ PHẠT VÀ BIỆN PHÁP KHẮC PHỤC HẬU QUẢ ĐỐI VỚI HÀNH VI VI PHẠM TRONG LĨNH VỰC LAO ĐỘNG > Mục 2. VI PHẠM HÀNH CHÍNH VỀ ĐIỀU KIỆN LAO ĐỘNG VÀ QUAN HỆ LAO ĐỘNG > Điều 16. Vi phạm quy định về thử việc > Khoản 2:
2. Phạt tiền từ 2.000.000 đồng đến 5.000.000 đồng đối với người sử dụng lao động có một trong các hành vi sau đây:
a) Yêu cầu người lao động thử việc quá 01 lần đối với một công việc;
b) Thử việc quá thời gian thỏa thuận hoặc vượt quá điều kiện quy định tại Điều 25 của Bộ luật Lao động;
c) Trả lương thử việc thấp hơn thỏa thuận hoặc thấp hơn 85% mức lương của công việc đó;
d) Không giao kết hợp đồng lao động khi thử việc đạt yêu cầu đối với trường hợp hai bên có giao kết hợp đồng thử việc.","Ngữ cảnh được cung cấp không đề cập đến việc người sử dụng lao động bị buộc trả lại số tiền hoặc tài sản đã giữ của người lao động cộng với khoản tiền lãi của số tiền đã giữ theo mức lãi suất tiền gửi không kỳ hạn cao nhất của các ngân hàng thương mại nhà nước tại thời điểm xử phạt khi thử việc quá thời gian thỏa thuận hoặc vượt quá điều kiện quy định tại Điều 25 của Bộ luật Lao động.

Tuy nhiên, có các quy định liên quan đến việc buộc trả lại tiền hoặc tài sản và tiền lãi trong các trường hợp khác:
*   Buộc người sử dụng lao động trả lại số tiền hoặc tài sản đã giữ của người lao động cộng với khoản tiền lãi của số tiền đã giữ của người lao động tính theo mức lãi suất tiền gửi không kỳ hạn cao nhất của các ngân hàng thương mại nhà nước công bố tại thời điểm xử phạt đối với hành vi vi phạm quy định tại điểm b khoản 2 Điều này [C1].
*   Buộc trả lại cho người lao động khoản tiền đã thu trái pháp luật và khoản tiền lãi của số tiền này tính theo mức lãi suất tiền gửi không kỳ hạn cao nhất của các ngân hàng thương mại nhà nước công bố tại thời điểm xử phạt đối với hành vi vi phạm quy định tại điểm a khoản 2 Điều này [C2].
*   Buộc người sử dụng lao động trả lại số tiền hoặc tài sản đã giữ của người lao động cộng với khoản tiền lãi của số tiền đã giữ của người lao động [C3].
*   Buộc người sử dụng lao động trả đủ tiền lương cộng với khoản tiền lãi của số tiền lương chậm trả, trả thiếu cho người lao động tính theo mức lãi suất tiền gửi không kỳ hạn cao nhất của các ngân hàng thương mại nhà nước công bố tại thời điểm xử phạt đối với hành vi vi phạm quy định tại khoản 2, khoản 3 Điều này; hoặc buộc người sử dụng lao động trả đủ khoản tiền tương đương với mức đóng bảo hiểm xã hội bắt buộc, bảo hiểm y tế, bảo hiểm thất nghiệp cộng với khoản tiền lãi của số tiền đó tính theo mức lãi suất tiền gửi không kỳ hạn cao nhất của các ngân hàng thương mại nhà nước công bố tại thời điểm xử phạt cho người lao động đối với hành vi vi phạm quy định tại khoản 4 Điều này [C4].",16.15811900001063,1451.5730840000742,"[""chunk:nghi-ddinh-283-2026-ndd-cp:diem-nghi-ddinh-283-2026-ndd-cp-15-3-dd:point:26978"", ""chunk:nghi-ddinh-283-2026-ndd-cp:khoan-nghi-ddinh-283-2026-ndd-cp-16-2:clause:26983""]","[""chunk:nghi-ddinh-283-2026-ndd-cp:diem-nghi-ddinh-283-2026-ndd-cp-15-3-dd:point:26978"", ""chunk:nghi-ddinh-283-2026-ndd-cp:khoan-nghi-ddinh-283-2026-ndd-cp-8-3:clause:26871"", ""chunk:nghi-ddinh-12-2022-ndd-cp:khoan-nghi-ddinh-12-2022-ndd-cp-4-6:clause:22180"", ""chunk:nghi-ddinh-283-2026-ndd-cp:dieu-nghi-ddinh-283-2026-ndd-cp-23:sliding:27108""]",,0.5545218356711648
q0064,rag,multi_hop_specific,"Người sử dụng lao động sẽ bị phạt tiền từ 1.000.000 đồng đến 3.000.000 đồng nếu không thông báo cho Ủy ban nhân dân xã, phường, đặc khu việc sử dụng lao động hoặc chấm dứt việc sử dụng lao động là người giúp việc gia đình theo quy định hoặc đã bị xử phạt cảnh cáo đối với các hành vi vi phạm quy định tại khoản 1 Điều 28 nhưng lại tiếp tục vi phạm?",1.0,0.5,0.8333333333333334,0.922934818629119,0.9166666666361111,1.0,0.14,"NGHỊ ĐỊNH Quy định xử phạt vi phạm hành chính trong lĩnh vực lao động, bảo hiểm xã hội, người lao động Việt Nam đi làm việc (283/2026/NĐ-CP) > Chương II. HÀNH VI VI PHẠM, HÌNH THỨC XỬ PHẠT VÀ BIỆN PHÁP KHẮC PHỤC HẬU QUẢ ĐỐI VỚI HÀNH VI VI PHẠM TRONG LĨNH VỰC LAO ĐỘNG > Mục 2. VI PHẠM HÀNH CHÍNH VỀ ĐIỀU KIỆN LAO ĐỘNG VÀ QUAN HỆ LAO ĐỘNG > Điều 28. Vi phạm quy định về lao động là người giúp việc gia đình:
Điều 28. Vi phạm quy định về lao động là người giúp việc gia đình 1. Phạt cảnh cáo đối với người sử dụng lao động có một trong các hành vi sau đây: a) Không giao kết hợp đồng lao động bằng văn bản với lao động là người giúp việc gia đình; b) Không trả tiền tàu xe đi đường khi lao động là người giúp việc gia đình thôi việc về nơi cư trú, trừ trường hợp lao động là người giúp việc gia đình chấm dứt hợp đồng lao động trước thời hạn. 2. Phạt tiền từ 1.000.000 đồng đến 3.000.000 đồng đối với người sử dụng lao động có một trong các hành vi sau đây: a) Không thông báo cho Ủy ban nhân dân xã, phường, đặc khu việc sử dụng lao động hoặc chấm dứt việc sử dụng lao động là người giúp việc gia đình theo quy định; b) Đã bị xử phạt cảnh cáo đối với các hành vi vi phạm quy định tại khoản 1 Điều này nhưng lại tiếp tục vi phạm. 3. Phạt tiền từ 10.000.000 đồng đến 15.000.000 đồng đối với người sử dụng lao động có một trong các hành vi sau đây: a) Giữ giấy tờ tùy thân của lao động là người giúp việc gia đình; b) Không trả cho lao động là người giúp việc gia đình khoản tiền bảo hiểm xã hội, bảo hiểm y tế theo quy định của pháp luật để người lao động chủ động tham gia bảo hiểm xã hội, bảo hiểm y tế. 4. Phạt tiền từ 50.000.000 đồng đến 75.000.000 đồng đối với người sử dụng lao động có hành vi ngược đãi, quấy rối tình dục, cưỡng bức lao động, hoặc dùng vũ lực đối với người lao động là người giúp việc gia đình nhưng chưa đến mức truy cứu trách nhiệm hình sự. 5. Biện pháp khắc phục hậu quả a) Buộc người sử dụng lao động phải giao kết hợp đồng lao động bằng văn bản với lao động là người giúp việc gia đình khi vi phạm quy định tại điểm

NGHỊ ĐỊNH Quy định xử phạt vi phạm hành chính trong lĩnh vực lao động, bảo hiểm xã hội, người lao động Việt Nam đi làm việc (283/2026/NĐ-CP) > Chương II. HÀNH VI VI PHẠM, HÌNH THỨC XỬ PHẠT VÀ BIỆN PHÁP KHẮC PHỤC HẬU QUẢ ĐỐI VỚI HÀNH VI VI PHẠM TRONG LĨNH VỰC LAO ĐỘNG > Mục 2. VI PHẠM HÀNH CHÍNH VỀ ĐIỀU KIỆN LAO ĐỘNG VÀ QUAN HỆ LAO ĐỘNG > Điều 28. Vi phạm quy định về lao động là người giúp việc gia đình > Khoản 2:
2. Phạt tiền từ 1.000.000 đồng đến 3.000.000 đồng đối với người sử dụng lao động có một trong các hành vi sau đây:
a) Không thông báo cho Ủy ban nhân dân xã, phường, đặc khu việc sử dụng lao động hoặc chấm dứt việc sử dụng lao động là người giúp việc gia đình theo quy định;
b) Đã bị xử phạt cảnh cáo đối với các hành vi vi phạm quy định tại khoản 1 Điều này nhưng lại tiếp tục vi phạm.","Đúng. Người sử dụng lao động sẽ bị phạt tiền từ 1.000.000 đồng đến 3.000.000 đồng nếu có một trong các hành vi sau:
* Không thông báo cho Ủy ban nhân dân xã, phường, đặc khu việc sử dụng lao động hoặc chấm dứt việc sử dụng lao động là người giúp việc gia đình theo quy định. [C1], [C2]
* Đã bị xử phạt cảnh cáo đối với các hành vi vi phạm quy định tại khoản 1 Điều 28 (Nghị định 283/2026/NĐ-CP) hoặc khoản 1 Điều 30 (Nghị định 12/2022/NĐ-CP) nhưng lại tiếp tục vi phạm. [C1], [C2]",15.310718999899109,1451.5730840000742,"[""chunk:nghi-ddinh-283-2026-ndd-cp:dieu-nghi-ddinh-283-2026-ndd-cp-28:article:27208"", ""chunk:nghi-ddinh-283-2026-ndd-cp:khoan-nghi-ddinh-283-2026-ndd-cp-28-2:clause:27213""]","[""chunk:nghi-ddinh-283-2026-ndd-cp:khoan-nghi-ddinh-283-2026-ndd-cp-28-2:clause:27213"", ""chunk:nghi-ddinh-12-2022-ndd-cp:khoan-nghi-ddinh-12-2022-ndd-cp-30-2:clause:22725"", ""chunk:nghi-ddinh-283-2026-ndd-cp:khoan-nghi-ddinh-283-2026-ndd-cp-28-3:clause:27216"", ""chunk:nghi-ddinh-283-2026-ndd-cp:dieu-nghi-ddinh-283-2026-ndd-cp-28:article:27208""]",,0.7625869637197127
q0065,rag,multi_hop_specific,Hồ sơ dự tuyển hòa giải viên lao động có cần giấy chứng nhận sức khỏe do cơ quan y tế có thẩm quyền cấp theo quy định của Bộ Y tế không?,0.5,0.25,1.0,0.9819746181125352,0.249999999975,0.5,0.67,"NGHỊ ĐỊNH Quy định chi tiết và hướng dẫn thi hành một số điều của Bộ luật Lao động về điều kiện lao động và quan hệ lao động (145/2020/NĐ-CP) > Chương XI. GIẢI QUYẾT TRANH CHẤP LAO ĐỘNG > Mục 1. HÒA GIẢI VIÊN LAO ĐỘNG > Điều 93. Trình tự và thủ tục bổ nhiệm hòa giải viên lao động > Khoản 2 > Điểm a:
a) Căn cứ kế hoạch tuyển chọn, bổ nhiệm hòa giải viên lao động được Chủ tịch Ủy ban nhân dân cấp tỉnh phê duyệt, Sở Lao động - Thương binh và Xã hội có văn bản thông báo công khai việc tuyển chọn hòa giải viên lao động trên địa bàn thông qua Cổng thông tin điện tử của cơ quan, đơn vị và trên phương tiện thông tin đại chúng, đồng thời gửi Phòng Lao động - Thương binh và Xã hội để phối hợp thực hiện;

NGHỊ ĐỊNH Quy định chi tiết và hướng dẫn thi hành một số điều của Bộ luật Lao động về điều kiện lao động và quan hệ lao động (145/2020/NĐ-CP) > Chương XI. GIẢI QUYẾT TRANH CHẤP LAO ĐỘNG > Mục 1. HÒA GIẢI VIÊN LAO ĐỘNG > Điều 93. Trình tự và thủ tục bổ nhiệm hòa giải viên lao động > Khoản 2 > Điểm b:
b) Trong thời hạn đăng ký ghi trong thông báo tuyển chọn hòa giải viên lao động của Sở Lao động - Thương binh và Xã hội, cá nhân trực tiếp đăng ký hoặc được các cơ quan, đơn vị của nhà nước, tổ chức chính trị, tổ chức chính trị xã hội và các tổ chức khác giới thiệu tham gia dự tuyển hòa giải viên lao động với Sở Lao động - Thương binh và Xã hội hoặc Phòng Lao động - Thương binh và Xã hội.
Hồ sơ dự tuyển gồm: Đơn dự tuyển hòa giải viên lao động; sơ yếu lý lịch có xác nhận của cấp có thẩm quyền; giấy chứng nhận sức khỏe do cơ quan y tế có thẩm quyền cấp theo quy định của Bộ Y tế; bản sao từ sổ gốc, bản sao có chứng thực hoặc bản sao xuất trình kèm bản chính để đối chiếu các văn bằng, chứng chỉ liên quan; văn bản giới thiệu tham gia làm hòa giải viên lao động của các cơ quan, tổ chức liên quan (nếu có);","Có, hồ sơ dự tuyển hòa giải viên lao động cần có giấy chứng nhận sức khỏe do cơ quan y tế có thẩm quyền cấp theo quy định của Bộ Y tế [C4].",15.507373999753327,814.7151279999889,"[""chunk:nghi-ddinh-145-2020-ndd-cp:diem-nghi-ddinh-145-2020-ndd-cp-93-2-a:point:24953"", ""chunk:nghi-ddinh-145-2020-ndd-cp:diem-nghi-ddinh-145-2020-ndd-cp-93-2-b:point:24954""]","[""chunk:nghi-ddinh-145-2020-ndd-cp:diem-nghi-ddinh-145-2020-ndd-cp-99-3-d:point:25030"", ""chunk:luat-58-2020-qh14:diem-luat-58-2020-qh14-12-2-b:point:14871"", ""chunk:luat-58-2020-qh14:diem-luat-58-2020-qh14-11-2-c:point:14856"", ""chunk:nghi-ddinh-145-2020-ndd-cp:diem-nghi-ddinh-145-2020-ndd-cp-93-2-b:point:24954""]",,0.680394923617507
q0066,rag,multi_hop_specific,"Trường hợp người lao động bị tạm đình chỉ công việc từ 14 ngày làm việc trở lên trong tháng và được người sử dụng lao động trả đủ tiền lương, thời hạn đóng bù bảo hiểm xã hội bắt buộc chậm nhất là khi nào?",0.5,0.25,1.0,0.9851337654139182,0.99999999995,0.5,0.55,"NGHỊ ĐỊNH Quy định chi tiết và hướng dẫn thi hành một số điều của Luật Bảo hiểm xã hội về bảo hiểm xã hội bắt buộc (158/2025/NĐ-CP) > Chương II. ĐĂNG KÝ THAM GIA VÀ QUẢN LÝ THU, ĐÓNG > Điều 11. Tạm dừng đóng bảo hiểm xã hội bắt buộc theo quy định tại khoản 2 và 3 Điều 37 của Luật Bảo hiểm xã hội > Khoản 2 > Điểm b:
b) Trường hợp sau thời gian tạm đình chỉ công việc từ 14 ngày làm việc trở lên trong tháng mà người lao động được người sử dụng lao động trả đủ tiền lương cho thời gian bị tạm đình chỉ công việc thì thực hiện việc đóng bù bảo hiểm xã hội bắt buộc cho thời gian bị tạm đình chỉ công việc. Thời hạn đóng bù chậm nhất là ngày cuối cùng của tháng tiếp theo tháng kết thúc việc tạm dừng đóng. Số tiền đóng bù của những tháng tạm dừng đóng bằng số tiền phải đóng bảo hiểm xã hội bắt buộc theo quy định tại Điều 33 và Điều 34 của Luật Bảo hiểm xã hội.
Trường hợp sau thời hạn đóng bù chậm nhất, người sử dụng lao động và người lao động mới đóng bù cho những tháng tạm dừng đóng thì thực hiện theo quy định tại Điều 40 và Điều 41 của Luật Bảo hiểm xã hội;

NGHỊ ĐỊNH Quy định chi tiết và hướng dẫn thi hành một số điều của Luật Bảo hiểm xã hội về bảo hiểm xã hội bắt buộc (158/2025/NĐ-CP) > Chương II. ĐĂNG KÝ THAM GIA VÀ QUẢN LÝ THU, ĐÓNG > Điều 11. Tạm dừng đóng bảo hiểm xã hội bắt buộc theo quy định tại khoản 2 và 3 Điều 37 của Luật Bảo hiểm xã hội > Khoản 3:
3. Người lao động quy định tại điểm g khoản 1 Điều 2 của Luật Bảo hiểm xã hội, khi tạm thời bị mất việc làm trong thời gian thực hiện hợp đồng mà được cơ quan, tổ chức, doanh nghiệp làm dịch vụ đưa người lao động đi làm việc ở nước ngoài xác nhận thì thời gian này được tạm dừng đóng bảo hiểm xã hội bắt buộc.
Sau thời gian tạm thời mất việc làm nếu người lao động trở lại làm việc thì tiếp tục đóng bảo hiểm xã hội bắt buộc theo quy định, không thực hiện việc đóng bù bảo hiểm xã hội bắt buộc cho thời gian bị mất việc làm tạm thời.","Trường hợp người lao động bị tạm đình chỉ công việc từ 14 ngày làm việc trở lên trong tháng và được người sử dụng lao động trả đủ tiền lương, thời hạn đóng bù bảo hiểm xã hội bắt buộc chậm nhất là ngày cuối cùng của tháng tiếp theo tháng kết thúc việc tạm dừng đóng [C1], [C2].",15.890112999841222,814.7151279999889,"[""chunk:nghi-ddinh-158-2025-ndd-cp:diem-nghi-ddinh-158-2025-ndd-cp-11-2-b:point:25704"", ""chunk:nghi-ddinh-158-2025-ndd-cp:khoan-nghi-ddinh-158-2025-ndd-cp-11-3:clause:25706""]","[""chunk:nghi-ddinh-158-2025-ndd-cp:khoan-nghi-ddinh-158-2025-ndd-cp-11-2:clause:25702"", ""chunk:nghi-ddinh-158-2025-ndd-cp:diem-nghi-ddinh-158-2025-ndd-cp-11-2-b:point:25704"", ""chunk:nghi-ddinh-158-2025-ndd-cp:diem-nghi-ddinh-158-2025-ndd-cp-11-2-c:point:25705"", ""chunk:nghi-ddinh-158-2025-ndd-cp:khoan-nghi-ddinh-158-2025-ndd-cp-11-1:clause:25698""]",,0.8070267530727836
q0067,rag,multi_hop_specific,"Trong thời gian được hoãn hoặc tạm đình chỉ chấp hành quyết định đưa vào trường giáo dưỡng, cơ sở giáo dục bắt buộc, nếu người đó tiếp tục có hành vi vi phạm đã bị xử lý hoặc có căn cứ cho rằng người đó bỏ trốn thì Tòa án nhân dân cấp huyện đã ra quyết định hoãn hoặc tạm đình chỉ sẽ làm gì?",1.0,0.5,1.0,0.9350315761538788,0.9999999999666667,1.0,0.5,"Luật Xử Lý Vi Phạm Hành Chính (15/2012/QH13) > Chương IV. THI HÀNH QUYẾT ĐỊNH ÁP DỤNG > Điều 113. Quản lý người được hoãn hoặc được tạm đình chỉ chấp hành quyết định áp dụng biện pháp đưa vào trường giáo dưỡng, đưa vào cơ sở giáo dục bắt buộc, đưa vào cơ sở cai nghiện bắt buộc:
Điều 113. Quản lý người được hoãn hoặc được tạm đình chỉ chấp hành quyết định áp dụng biện pháp đưa vào trường giáo dưỡng, đưa vào cơ sở giáo dục bắt buộc, đưa vào cơ sở cai nghiện bắt buộc
1. Người được hoãn hoặc được tạm đình chỉ chấp hành quyết định đưa vào trường giáo dưỡng, đưa vào cơ sở giáo dục bắt buộc, đưa vào cơ sở cai nghiện bắt buộc có trách nhiệm trình diện với Ủy ban nhân dân cấp xã nơi họ cư trú.
2. Trong thời gian được hoãn hoặc được tạm đình chỉ chấp hành quyết định đưa vào trường giáo dưỡng, đưa vào cơ sở giáo dục bắt buộc mà người đó tiếp tục có hành vi vi phạm đã bị xử lý hoặc có căn cứ cho rằng người đó bỏ trốn thì Tòa án nhân dân cấp huyện đã ra quyết định hoãn hoặc tạm đình chỉ hủy bỏ quyết định đó và ra quyết định buộc chấp hành quyết định đưa vào trường giáo dưỡng, quyết định đưa vào cơ sở giáo dục bắt buộc.
Trong thời gian được hoãn hoặc được tạm đình chỉ chấp hành quyết định đưa vào cơ sở cai nghiện bắt buộc mà người đó tiếp tục sử dụng ma túy hoặc có căn cứ cho rằng người đó bỏ trốn thì Tòa án nhân dân cấp huyện đã ra quyết định hoãn hoặc tạm đình chỉ hủy bỏ quyết định đó và ra quyết định buộc chấp hành quyết định đưa vào cơ sở cai nghiện bắt buộc.
3. Quyết định buộc chấp hành quyết định đưa vào trường giáo dưỡng, đưa vào cơ sở giáo dục bắt buộc, đưa vào cơ sở cai nghiện bắt buộc được gửi cho cơ quan Công an cùng cấp nơi Tòa án đã ra quyết định. Ngay sau khi nhận được quyết định, cơ quan Công an phải tổ chức áp giải đối tượng.

Luật Xử Lý Vi Phạm Hành Chính (15/2012/QH13) > Chương IV. THI HÀNH QUYẾT ĐỊNH ÁP DỤNG > Điều 113. Quản lý người được hoãn hoặc được tạm đình chỉ chấp hành quyết định áp dụng biện pháp đưa vào trường giáo dưỡng, đưa vào cơ sở giáo dục bắt buộc, đưa vào cơ sở cai nghiện bắt buộc > Khoản 2:
2. Trong thời gian được hoãn hoặc được tạm đình chỉ chấp hành quyết định đưa vào trường giáo dưỡng, đưa vào cơ sở giáo dục bắt buộc mà người đó tiếp tục có hành vi vi phạm đã bị xử lý hoặc có căn cứ cho rằng người đó bỏ trốn thì Tòa án nhân dân cấp huyện đã ra quyết định hoãn hoặc tạm đình chỉ hủy bỏ quyết định đó và ra quyết định buộc chấp hành quyết định đưa vào trường giáo dưỡng, quyết định đưa vào cơ sở giáo dục bắt buộc.
Trong thời gian được hoãn hoặc được tạm đình chỉ chấp hành quyết định đưa vào cơ sở cai nghiện bắt buộc mà người đó tiếp tục sử dụng ma túy hoặc có căn cứ cho rằng người đó bỏ trốn thì Tòa án nhân dân cấp huyện đã ra quyết định hoãn hoặc tạm đình chỉ hủy bỏ quyết định đó và ra quyết định buộc chấp hành quyết định đưa vào cơ sở cai nghiện bắt buộc.","Trong thời gian được hoãn hoặc tạm đình chỉ chấp hành quyết định đưa vào trường giáo dưỡng, cơ sở giáo dục bắt buộc, nếu người đó tiếp tục có hành vi vi phạm đã bị xử lý hoặc có căn cứ cho rằng người đó bỏ trốn thì Tòa án nhân dân cấp huyện đã ra quyết định hoãn hoặc tạm đình chỉ sẽ hủy bỏ quyết định đó và ra quyết định buộc chấp hành quyết định đưa vào trường giáo dưỡng, quyết định đưa vào cơ sở giáo dục bắt buộc [C1], [C2].",15.685889999986102,1088.6710489999132,"[""chunk:luat-15-2012-qh13:dieu-luat-15-2012-qh13-113:article:8709"", ""chunk:luat-15-2012-qh13:khoan-luat-15-2012-qh13-113-2:clause:8711""]","[""chunk:luat-15-2012-qh13:khoan-luat-15-2012-qh13-113-2:clause:8711"", ""chunk:luat-15-2012-qh13:dieu-luat-15-2012-qh13-113:article:8709"", ""chunk:90-vbhn-vpqh-699548:dieu-90-vbhn-vpqh-699548-113:article:1759"", ""chunk:luat-15-2012-qh13:khoan-luat-15-2012-qh13-111-3:clause:8702""]",,0.8870063152241091
q0068,rag,multi_hop_specific,"Khi doanh nghiệp chia, tách, hợp nhất, sáp nhập, bán, cho thuê, chuyển đổi loại hình hoặc chuyển nhượng quyền sở hữu tài sản, người sử dụng lao động kế tiếp và tổ chức đại diện người lao động có thể lựa chọn tiếp tục thực hiện, sửa đổi, bổ sung thỏa ước lao động tập thể cũ hay thương lượng để ký kết thỏa ước lao động tập thể mới?",1.0,0.5,1.0,0.9854110326326604,0.99999999995,1.0,0.5,"Bộ Luật Lao Động (45/2019/QH14) > Chương V. ĐỐI THOẠI TẠI NƠI LÀM VIỆC, THƯƠNG LƯỢNG TẬP THỂ, > Mục 3. THỎA ƯỚC LAO ĐỘNG TẬP THỂ > Điều 79. Thực hiện thỏa ước lao động tập thể tại doanh nghiệp > Khoản 2:
2. Trường hợp quyền, nghĩa vụ và lợi ích của các bên trong hợp đồng lao động đã giao kết trước ngày thỏa ước lao động tập thể có hiệu lực thấp hơn quy định tương ứng của thỏa ước lao động tập thể thì phải thực hiện theo thỏa ước lao động tập thể. Quy định của người sử dụng lao động chưa phù hợp với thỏa ước lao động tập thể thì phải được sửa đổi cho phù hợp; trong thời gian chưa sửa đổi thì thực hiện theo nội dung tương ứng của thỏa ước lao động tập thể.

Bộ Luật Lao Động (45/2019/QH14) > Chương V. ĐỐI THOẠI TẠI NƠI LÀM VIỆC, THƯƠNG LƯỢNG TẬP THỂ, > Mục 3. THỎA ƯỚC LAO ĐỘNG TẬP THỂ > Điều 80. Thực hiện thỏa ước lao động tập thể doanh nghiệp trong trường hợp chia, tách, hợp nhất, sáp nhập; bán, cho thuê, chuyển đổi loại hình doanh nghiệp; chuyển nhượng quyền sở hữu, quyền sử dụng tài sản của doanh nghiệp:
Điều 80. Thực hiện thỏa ước lao động tập thể doanh nghiệp trong trường hợp chia, tách, hợp nhất, sáp nhập; bán, cho thuê, chuyển đổi loại hình doanh nghiệp; chuyển nhượng quyền sở hữu, quyền sử dụng tài sản của doanh nghiệp
1. Trường hợp chia, tách, hợp nhất, sáp nhập; bán, cho thuê, chuyển đổi loại hình doanh nghiệp; chuyển nhượng quyền sở hữu, quyền sử dụng tài sản của doanh nghiệp thì người sử dụng lao động kế tiếp và tổ chức đại diện người lao động có quyền thương lượng theo quy định tại Điều 68 của Bộ luật này căn cứ vào phương án sử dụng lao động để xem xét lựa chọn việc tiếp tục thực hiện, sửa đổi, bổ sung thỏa ước lao động tập thể doanh nghiệp cũ hoặc thương lượng để ký kết thỏa ước lao động tập thể mới.
2. Trường hợp thỏa ước lao động tập thể doanh nghiệp hết hiệu lực do người sử dụng lao động chấm dứt hoạt động thì quyền lợi của người lao động được giải quyết theo quy định của pháp luật.","Khi doanh nghiệp chia, tách, hợp nhất, sáp nhập, bán, cho thuê, chuyển đổi loại hình hoặc chuyển nhượng quyền sở hữu tài sản, người sử dụng lao động kế tiếp và tổ chức đại diện người lao động có thể lựa chọn tiếp tục thực hiện, sửa đổi, bổ sung thỏa ước lao động tập thể cũ hoặc thương lượng để ký kết thỏa ước lao động tập thể mới. Việc lựa chọn này được thực hiện căn cứ vào phương án sử dụng lao động và theo quy định về thương lượng tại Điều 68 của Bộ luật này [C1].",15.323959999932413,1088.6710489999132,"[""chunk:bo-luat-45-2019-qh14:khoan-bo-luat-45-2019-qh14-79-2:clause:2475"", ""chunk:bo-luat-45-2019-qh14:dieu-bo-luat-45-2019-qh14-80:article:2477""]","[""chunk:bo-luat-45-2019-qh14:khoan-bo-luat-45-2019-qh14-80-1:clause:2478"", ""chunk:bo-luat-45-2019-qh14:dieu-bo-luat-45-2019-qh14-80:article:2477"", ""chunk:bo-luat-45-2019-qh14:khoan-bo-luat-45-2019-qh14-80-2:clause:2479"", ""chunk:bo-luat-45-2019-qh14:khoan-bo-luat-45-2019-qh14-79-2:clause:2475""]",,0.897082206516532
q0069,rag,multi_hop_specific,Việc xác minh thực tế theo Khoản 2 Điều 23 Nghị định 124/2020/NĐ-CP được lập theo mẫu nào?,0.5,0.25,1.0,0.9999999999999999,0.99999999995,0.5,0.44,"NGHỊ ĐỊNH Quy định chi tiết một số điều và biện pháp thi hành Luật Khiếu nại (124/2020/NĐ-CP) > Chương IV. TRÌNH TỰ, THỦ TỤC GIẢI QUYẾT KHIẾU NẠI > Mục 2. TIẾN HÀNH XÁC MINH NỘI DUNG KHIẾU NẠI > Điều 22. Tiếp nhận, xử lý thông tin, tài liệu, bằng chứng:
Điều 22. Tiếp nhận, xử lý thông tin, tài liệu, bằng chứng
Người giải quyết khiếu nại hoặc người được giao nhiệm vụ xác minh khi tiếp nhận thông tin, tài liệu, bằng chứng do người khiếu nại hoặc người đại diện, người được ủy quyền, luật sư, trợ giúp viên pháp lý của người khiếu nại, người bị khiếu nại, cơ quan, tổ chức, đơn vị, cá nhân cung cấp trực tiếp phải lập biên bản giao nhận. Biên bản giao nhận được thực hiện theo Mẫu số 08 ban hành kèm theo Nghị định này.

NGHỊ ĐỊNH Quy định chi tiết một số điều và biện pháp thi hành Luật Khiếu nại (124/2020/NĐ-CP) > Chương IV. TRÌNH TỰ, THỦ TỤC GIẢI QUYẾT KHIẾU NẠI > Mục 2. TIẾN HÀNH XÁC MINH NỘI DUNG KHIẾU NẠI > Điều 23. Xác minh thực tế:
Điều 23. Xác minh thực tế
1. Khi cần thiết, người giải quyết khiếu nại hoặc người được giao nhiệm vụ xác minh tiến hành xác minh thực tế để thu thập, kiểm tra, xác định tính chính xác, hợp pháp, đầy đủ của các thông tin, tài liệu, bằng chứng liên quan đến nội dung vụ việc khiếu nại.
2. Việc xác minh thực tế phải lập thành biên bản, ghi rõ thời gian, địa điểm, thành phần làm việc, nội dung, kết quả xác minh, ý kiến của những người tham gia xác minh và những người khác có liên quan. Biên bản thực hiện theo Mẫu số 06 ban hành kèm theo Nghị định này.","Việc xác minh thực tế theo Khoản 2 Điều 23 Nghị định 124/2020/NĐ-CP được lập theo Mẫu số 06 ban hành kèm theo Nghị định này [C1], [C2].",15.140903999963484,8170.928742499882,"[""chunk:nghi-ddinh-124-2020-ndd-cp:dieu-nghi-ddinh-124-2020-ndd-cp-22:article:23339"", ""chunk:nghi-ddinh-124-2020-ndd-cp:dieu-nghi-ddinh-124-2020-ndd-cp-23:article:23340""]","[""chunk:nghi-ddinh-124-2020-ndd-cp:khoan-nghi-ddinh-124-2020-ndd-cp-23-2:clause:23342"", ""chunk:nghi-ddinh-124-2020-ndd-cp:dieu-nghi-ddinh-124-2020-ndd-cp-23:article:23340"", ""chunk:nghi-ddinh-124-2020-ndd-cp:khoan-nghi-ddinh-124-2020-ndd-cp-23-1:clause:23341"", ""chunk:nghi-ddinh-124-2020-ndd-cp:khoan-nghi-ddinh-124-2020-ndd-cp-20-3:clause:23337""]",,0.78799999999
q0070,rag,multi_hop_specific,Thời hạn nộp tiền tạm ứng lệ phí sơ thẩm và phúc thẩm trong việc giải quyết việc dân sự là bao lâu?,0.5,0.25,1.0,0.9999999999999998,0.49999999995,0.6666666666666666,0.57,"Nghị Quyết Quy Định Về Mức Thu, Miễn, Giảm, Thu, Nộp, Quản Lý Và Sử Dụng Án Phí Và Lệ Phí Tòa Án Nước Cộng Hòa Xã Hội Chủ Nghĩa Việt Nam (326/2016/UBTVQH14) > Chương I. NHỮNG QUY ĐỊNH CHUNG > Điều 17. Thời hạn nộp tiền tạm ứng án phí, án phí, tạm ứng lệ phí Tòa án, lệ phí Tòa án > Khoản 3:
3. Thời hạn nộp tiền tạm ứng lệ phí Tòa án:
a) Tạm ứng lệ phí giải quyết việc dân sự: Người phải nộp tiền tạm ứng lệ phí có nghĩa vụ nộp tiền tạm ứng lệ phí sơ thẩm, phúc thẩm và nộp cho Tòa án biên lai nộp tiền tạm ứng lệ phí Tòa án trong thời hạn 05 ngày làm việc, kể từ ngày nhận được thông báo của Tòa án về việc nộp tiền tạm ứng lệ phí, trừ trường hợp có lý do chính đáng;
b) Tạm ứng lệ phí Tòa án khác: Người kháng cáo quyết định của Tòa án quy định tại khoản 5 Điều 38, khoản 4 Điều 39 của Nghị quyết này phải nộp tiền tạm ứng lệ phí kháng cáo trong thời hạn 05 ngày làm việc, kể từ ngày nhận được thông báo của Tòa án về việc nộp tiền tạm ứng lệ phí kháng cáo, trừ trường hợp có lý do chính đáng.

Nghị Quyết Quy Định Về Mức Thu, Miễn, Giảm, Thu, Nộp, Quản Lý Và Sử Dụng Án Phí Và Lệ Phí Tòa Án Nước Cộng Hòa Xã Hội Chủ Nghĩa Việt Nam (326/2016/UBTVQH14) > Chương I. NHỮNG QUY ĐỊNH CHUNG > Điều 17. Thời hạn nộp tiền tạm ứng án phí, án phí, tạm ứng lệ phí Tòa án, lệ phí Tòa án > Khoản 3 > Điểm a:
a) Tạm ứng lệ phí giải quyết việc dân sự: Người phải nộp tiền tạm ứng lệ phí có nghĩa vụ nộp tiền tạm ứng lệ phí sơ thẩm, phúc thẩm và nộp cho Tòa án biên lai nộp tiền tạm ứng lệ phí Tòa án trong thời hạn 05 ngày làm việc, kể từ ngày nhận được thông báo của Tòa án về việc nộp tiền tạm ứng lệ phí, trừ trường hợp có lý do chính đáng;","Thời hạn nộp tiền tạm ứng lệ phí sơ thẩm và phúc thẩm trong việc giải quyết việc dân sự là **05 ngày làm việc**, kể từ ngày nhận được thông báo của Tòa án về việc nộp tiền tạm ứng lệ phí, trừ trường hợp có lý do chính đáng [C2].

Người phải nộp tiền tạm ứng lệ phí bao gồm:
*   Người nộp đơn yêu cầu Tòa án giải quyết những việc dân sự [C3].
*   Người kháng cáo quyết định giải quyết việc dân sự phải nộp tiền tạm ứng lệ phí phúc thẩm [C3].",15.69769100024132,8170.928742499882,"[""chunk:nghi-quyet-326-2016-ubtvqh14:khoan-nghi-quyet-326-2016-ubtvqh14-17-3:clause:30333"", ""chunk:nghi-quyet-326-2016-ubtvqh14:diem-nghi-quyet-326-2016-ubtvqh14-17-3-a:point:30334""]","[""chunk:nghi-quyet-326-2016-ubtvqh14:khoan-nghi-quyet-326-2016-ubtvqh14-17-1:clause:30327"", ""chunk:nghi-quyet-326-2016-ubtvqh14:diem-nghi-quyet-326-2016-ubtvqh14-17-3-a:point:30334"", ""chunk:nghi-quyet-326-2016-ubtvqh14:dieu-nghi-quyet-326-2016-ubtvqh14-36:article:30494"", ""chunk:bo-luat-92-2015-qh13:dieu-bo-luat-92-2015-qh13-146:article:4017""]",,0.7473333333233333
q0071,rag,multi_hop_specific,"Người sử dụng lao động có phải xin lỗi công khai người lao động và trả toàn bộ chi phí điều trị, tiền lương trong thời gian điều trị nếu việc xâm phạm gây tổn thương về thân thể người lao động đến mức phải điều trị tại cơ sở y tế khi không báo cáo định kỳ hoặc báo cáo không đầy đủ hoặc báo cáo không chính xác hoặc báo cáo không đúng thời hạn về tai nạn lao động, bệnh nghề nghiệp không?",0.5,0.25,0.5555555555555556,0.0,0.0,1.0,0.4,"NGHỊ ĐỊNH Quy định xử phạt vi phạm hành chính trong lĩnh vực lao động, bảo hiểm xã hội, người lao động Việt Nam đi làm việc ở nước ngoài theo hợp đồng (12/2022/NĐ-CP) > Chương II. HÀNH VI VI PHẠM, HÌNH THỨC XỬ PHẠT VÀ BIỆN PHÁP KHẮC PHỤC HẬU QUẢ ĐỐI VỚI HÀNH VI VI PHẠM TRONG LĨNH VỰC LAO ĐỘNG > Điều 19. Vi phạm quy định về kỷ luật lao động, trách nhiệm vật chất > Khoản 4 > Điểm c:
c) Buộc người sử dụng lao động xin lỗi công khai đối với người lao động và trả toàn bộ chi phí điều trị, tiền lương cho người lao động trong thời gian điều trị nếu việc xâm phạm gây tổn thương về thân thể người lao động đến mức phải điều trị tại cơ sở y tế khi vi phạm quy định tại điểm a khoản 3 Điều này;

NGHỊ ĐỊNH Quy định xử phạt vi phạm hành chính trong lĩnh vực lao động, bảo hiểm xã hội, người lao động Việt Nam đi làm việc ở nước ngoài theo hợp đồng (12/2022/NĐ-CP) > Chương II. HÀNH VI VI PHẠM, HÌNH THỨC XỬ PHẠT VÀ BIỆN PHÁP KHẮC PHỤC HẬU QUẢ ĐỐI VỚI HÀNH VI VI PHẠM TRONG LĨNH VỰC LAO ĐỘNG > Điều 20. Vi phạm quy định về báo cáo công tác an toàn, vệ sinh lao động > Khoản 3:
3. Phạt tiền từ 5.000.000 đồng đến 10.000.000 đồng đối với người sử dụng lao động có một trong các hành vi: không thống kê tai nạn lao động; không báo cáo định kỳ hoặc báo cáo không đầy đủ hoặc báo cáo không chính xác hoặc báo cáo không đúng thời hạn về tai nạn lao động, bệnh nghề nghiệp; không báo cáo định kỳ hoặc báo cáo không đầy đủ hoặc báo cáo không chính xác hoặc báo cáo không đúng thời hạn về sự cố kỹ thuật gây mất an toàn, vệ sinh lao động nghiêm trọng theo quy định của pháp luật.","Dựa trên ngữ cảnh được cung cấp, không có quy định nào nêu rõ việc người sử dụng lao động phải xin lỗi công khai người lao động và trả toàn bộ chi phí điều trị, tiền lương trong thời gian điều trị nếu việc xâm phạm gây tổn thương về thân thể người lao động đến mức phải điều trị tại cơ sở y tế khi không báo cáo định kỳ hoặc báo cáo không đầy đủ hoặc báo cáo không chính xác hoặc báo cáo không đúng thời hạn về tai nạn lao động, bệnh nghề nghiệp.

Các biện pháp khắc phục hậu quả được đề cập trong ngữ cảnh liên quan đến tai nạn lao động, bệnh nghề nghiệp bao gồm:
*   Thanh toán phần chi phí đồng chi trả và những chi phí không nằm trong danh mục do bảo hiểm y tế chi trả đối với người lao động bị tai nạn lao động, bệnh nghề nghiệp tham gia bảo hiểm y tế [C4].
*   Thanh toán toàn bộ chi phí y tế từ khi sơ cứu, cấp cứu đến khi điều trị ổn định đối với người lao động bị tai nạn lao động, bệnh nghề nghiệp không tham gia bảo hiểm y tế [C4].
*   Giới thiệu người lao động bị tai nạn lao động, bệnh nghề nghiệp được giám định y khoa, xác định mức độ suy giảm khả năng lao động, được điều trị, điều dưỡng phục hồi chức năng lao động [C4].
*   Trả phí khám giám định mức suy giảm khả năng lao động đối với những trường hợp kết luận suy giảm khả năng lao động dưới 5% [C4].
*   Trả cho người lao động số tiền trợ cấp, bồi thường, cộng với khoản tiền lãi của số tiền đó [C4].

Biện pháp ""Buộc người sử dụng lao động xin lỗi công khai đối với người lao động và trả toàn bộ chi phí điều trị, tiền lương cho người lao động trong thời gian điều trị nếu việc xâm phạm gây tổn thương về thân thể người lao động đến mức phải điều trị tại cơ sở y tế"" được quy định tại Khoản 27 Điều 4 [C1] và Điểm c Khoản 4 Điều 19 [C2] của Nghị định 12/2022/NĐ-CP. Tuy nhiên, Điểm c Khoản 4 Điều 19 [C2] áp dụng cho hành vi vi phạm quy định tại điểm a khoản 3 Điều này (Điều 19), không phải hành vi không báo cáo định kỳ hoặc báo cáo không đầy đủ hoặc báo cáo không chính xác hoặc báo cáo không đúng thời hạn về tai nạn lao động, bệnh nghề nghiệp.

Do đó, ngữ cảnh không đủ để kết luận về trường hợp được hỏi.",16.28632599977209,2012.450876999992,"[""chunk:nghi-ddinh-12-2022-ndd-cp:diem-nghi-ddinh-12-2022-ndd-cp-19-4-c:point:22511"", ""chunk:nghi-ddinh-12-2022-ndd-cp:khoan-nghi-ddinh-12-2022-ndd-cp-20-3:clause:22516""]","[""chunk:nghi-ddinh-12-2022-ndd-cp:khoan-nghi-ddinh-12-2022-ndd-cp-4-27:clause:22201"", ""chunk:nghi-ddinh-12-2022-ndd-cp:diem-nghi-ddinh-12-2022-ndd-cp-19-4-c:point:22511"", ""chunk:nghi-ddinh-12-2022-ndd-cp:dieu-nghi-ddinh-12-2022-ndd-cp-23:sliding:22576"", ""chunk:nghi-ddinh-12-2022-ndd-cp:khoan-nghi-ddinh-12-2022-ndd-cp-23-3:clause:22590""]",,0.39111111111111113
q0072,rag,multi_hop_specific,"Định kỳ hàng tháng, chậm nhất đến ngày 05 của tháng sau, cơ quan thu tạm ứng án phí, tạm ứng lệ phí Tòa án phải nộp bao nhiêu phần trăm tiền tạm ứng án phí, tạm ứng lệ phí Tòa án thu được vào tài khoản tạm thu ngân sách nhà nước tại Kho bạc Nhà nước?",0.5,0.25,1.0,0.9449013703137106,0.8333333332916666,0.5,0.25,"Nghị Quyết Quy Định Về Mức Thu, Miễn, Giảm, Thu, Nộp, Quản Lý Và Sử Dụng Án Phí Và Lệ Phí Tòa Án Nước Cộng Hòa Xã Hội Chủ Nghĩa Việt Nam (326/2016/UBTVQH14) > Chương I. NHỮNG QUY ĐỊNH CHUNG > Điều 18. Xử lý tạm ứng án phí, án phí, tạm ứng lệ phí Tòa án, lệ phí Tòa án > Khoản 7:
7. Trường hợp bản án, quyết định sơ thẩm, phúc thẩm có hiệu lực pháp luật bị Tòa án xét xử giám đốc thẩm, tái thẩm hủy bản án sơ thẩm, phúc thẩm mà tiền tạm ứng án phí, án phí đã được trả lại cho người khởi kiện, người kháng cáo thì khi Tòa án cấp sơ thẩm hoặc phúc thẩm thụ lý lại vụ án phải yêu cầu người khởi kiện, người kháng cáo nộp lại tiền tạm ứng án phí.

Nghị Quyết Quy Định Về Mức Thu, Miễn, Giảm, Thu, Nộp, Quản Lý Và Sử Dụng Án Phí Và Lệ Phí Tòa Án Nước Cộng Hòa Xã Hội Chủ Nghĩa Việt Nam (326/2016/UBTVQH14) > Chương I. NHỮNG QUY ĐỊNH CHUNG > Điều 19. Chế độ thu, nộp, quản lý tiền tạm ứng án phí, tạm ứng lệ phí Tòa án, án phí, lệ phí Tòa án:
Điều 19. Chế độ thu, nộp, quản lý tiền tạm ứng án phí, tạm ứng lệ phí Tòa án, án phí, lệ phí Tòa án
1. Toàn bộ án phí, lệ phí Tòa án thu được phải nộp đầy đủ, kịp thời vào ngân sách nhà nước.
2. Cơ quan có thẩm quyền thu tạm ứng án phí, tạm ứng lệ phí Tòa án, án phí, lệ phí Tòa án sử dụng chứng từ thu theo quy định.
3. Cơ quan thu án phí, lệ phí Tòa án mở tài khoản tạm thu ngân sách nhà nước tại Kho bạc Nhà nước cùng cấp để tổ chức thu tạm ứng án phí, tạm ứng lệ phí Tòa án.
4. Định kỳ hàng tháng, chậm nhất đến ngày 05 của tháng sau, cơ quan thu tạm ứng án phí, tạm ứng lệ phí Tòa án phải nộp 100% tiền tạm ứng án phí, tạm ứng lệ phí Tòa án thu được vào tài khoản tạm thu ngân sách nhà nước tại Kho bạc Nhà nước.
5. Tạm ứng án phí, tạm ứng lệ phí Tòa án được nộp vào ngân sách nhà nước khi bản án, quyết định của Tòa án có hiệu lực pháp luật tuyên người đã nộp tiền tạm ứng phải chịu án phí, lệ phí Tòa án. Cơ quan thu án phí, lệ phí Tòa án thực hiện khai, nộp tiền án phí, lệ phí Tòa án thu được hàng tháng vào ngân sách nhà nước và quyết toán năm theo quy định của Luật quản lý thuế.
6. Trường hợp người đã nộp tiền tạm ứng án phí, tạm ứng lệ phí Tòa án, án phí lệ phí Tòa án được trả lại một phần hoặc toàn bộ số tiền đã nộp theo bản án quyết định của Tòa án đã có hiệu lực pháp luật thì cơ quan thu được trích từ tài khoản tạm thu ngân sách nhà nước tại Kho bạc Nhà nước để trả lại số tiền tạm ứng án phí, tạm ứng lệ phí Tòa án, án phí, lệ phí Tòa án đã thu, thực hiện khai và quyết toán án phí, lệ phí Tòa án với cơ quan quản lý thuế theo quy định của Luật quản lý thuế.","Định kỳ hàng tháng, chậm nhất đến ngày 05 của tháng sau, cơ quan thu tạm ứng án phí, tạm ứng lệ phí Tòa án phải nộp 100% tiền tạm ứng án phí, tạm ứng lệ phí Tòa án thu được vào tài khoản tạm thu ngân sách nhà nước tại Kho bạc Nhà nước [C1].",15.693833000113955,2012.450876999992,"[""chunk:nghi-quyet-326-2016-ubtvqh14:khoan-nghi-quyet-326-2016-ubtvqh14-18-7:clause:30349"", ""chunk:nghi-quyet-326-2016-ubtvqh14:dieu-nghi-quyet-326-2016-ubtvqh14-19:article:30350""]","[""chunk:nghi-quyet-326-2016-ubtvqh14:khoan-nghi-quyet-326-2016-ubtvqh14-19-4:clause:30354"", ""chunk:nghi-quyet-326-2016-ubtvqh14:khoan-nghi-quyet-326-2016-ubtvqh14-19-5:clause:30355"", ""chunk:nghi-quyet-326-2016-ubtvqh14:dieu-nghi-quyet-326-2016-ubtvqh14-19:article:30350"", ""chunk:nghi-quyet-326-2016-ubtvqh14:khoan-nghi-quyet-326-2016-ubtvqh14-19-3:clause:30353""]",,0.7056469407210754
q0073,rag,multi_hop_specific,Phát triển kỹ năng nghề cần dựa trên những cơ sở nào và phải đảm bảo khả năng gì về chứng chỉ kỹ năng nghề quốc gia?,1.0,0.5,1.0,0.9423210035706456,0.8333333332916666,1.0,0.5,"NGHỊ ĐỊNH Quy định chi tiết một số điều của Luật Việc làm về phát triển kỹ năng nghề (138/2026/NĐ-CP) > Chương I. QUY ĐỊNH CHUNG > Điều 4. Nguyên tắc phát triển kỹ năng nghề:
Điều 4. Nguyên tắc phát triển kỹ năng nghề
1. Phát triển kỹ năng nghề phải phù hợp, thống nhất với chiến lược phát triển kinh tế - xã hội, khoa học - công nghệ và nhu cầu của thị trường lao động; gắn với chuyển dịch cơ cấu việc làm, đổi mới sáng tạo, xã hội học tập và học tập suốt đời của người lao động.
2. Bảo đảm cơ chế hữu hiệu để các bên liên quan tham gia thiết thực, hiệu quả trong phát triển kỹ năng nghề; có sự quản lý thống nhất, phối hợp chặt chẽ giữa các bộ, cơ quan ngang bộ, địa phương và các bên liên quan trong phát triển kỹ năng nghề.
3. Phát triển kỹ năng nghề dựa trên Khung trình độ kỹ năng nghề quốc gia, tiêu chuẩn kỹ năng nghề quốc gia và gắn kết với tuyển dụng, sử dụng hiệu quả lao động và nguồn lực cho phát triển kỹ năng nghề; bảo đảm khả năng tham chiếu và việc công nhận, thừa nhận lẫn nhau về chứng chỉ kỹ năng nghề quốc gia giữa Việt Nam và các nước.
4. Bảo đảm tính cập nhật, linh hoạt, liên thông và gắn kết đồng bộ giữa đào tạo - kỹ năng nghề - việc làm phù hợp với thị trường lao động và các tiêu chuẩn khu vực, quốc tế về kỹ năng nghề.
5. Bảo đảm cơ hội tiếp cận bình đẳng, minh bạch của người lao động, nhất là nhóm yếu thế trong phát triển kỹ năng nghề.
6. Huy động, sử dụng hiệu quả nguồn lực của Nhà nước, doanh nghiệp và xã hội; ứng dụng khoa học, công nghệ, chuyển đổi số và khai thác dữ liệu phục vụ các nội dung phát triển kỹ năng nghề và đánh giá, cấp chứng chỉ kỹ năng nghề quốc gia.

NGHỊ ĐỊNH Quy định chi tiết một số điều của Luật Việc làm về phát triển kỹ năng nghề (138/2026/NĐ-CP) > Chương I. QUY ĐỊNH CHUNG > Điều 4. Nguyên tắc phát triển kỹ năng nghề > Khoản 3:
3. Phát triển kỹ năng nghề dựa trên Khung trình độ kỹ năng nghề quốc gia, tiêu chuẩn kỹ năng nghề quốc gia và gắn kết với tuyển dụng, sử dụng hiệu quả lao động và nguồn lực cho phát triển kỹ năng nghề; bảo đảm khả năng tham chiếu và việc công nhận, thừa nhận lẫn nhau về chứng chỉ kỹ năng nghề quốc gia giữa Việt Nam và các nước.","Phát triển kỹ năng nghề cần dựa trên những cơ sở sau:
* Khung trình độ kỹ năng nghề quốc gia [C1], [C3].
* Tiêu chuẩn kỹ năng nghề quốc gia [C1], [C3], [C4].
* Gắn kết với tuyển dụng, sử dụng hiệu quả lao động và nguồn lực cho phát triển kỹ năng nghề [C1], [C3].

Phát triển kỹ năng nghề phải đảm bảo khả năng tham chiếu và việc công nhận, thừa nhận lẫn nhau về chứng chỉ kỹ năng nghề quốc gia giữa Việt Nam và các nước [C1], [C3].",16.015871000035986,32001.24220099997,"[""chunk:nghi-ddinh-138-2026-ndd-cp:dieu-nghi-ddinh-138-2026-ndd-cp-4:article:23559"", ""chunk:nghi-ddinh-138-2026-ndd-cp:khoan-nghi-ddinh-138-2026-ndd-cp-4-3:clause:23562""]","[""chunk:nghi-ddinh-138-2026-ndd-cp:khoan-nghi-ddinh-138-2026-ndd-cp-4-3:clause:23562"", ""chunk:luat-74-2025-qh15:khoan-luat-74-2025-qh15-22-1:clause:17064"", ""chunk:nghi-ddinh-138-2026-ndd-cp:dieu-nghi-ddinh-138-2026-ndd-cp-4:article:23559"", ""chunk:luat-74-2025-qh15:diem-luat-74-2025-qh15-24-3-b:point:17094""]",,0.8551308673724625
q0074,rag,multi_hop_specific,Doanh nghiệp cần báo cáo những gì bằng văn bản cho Bộ Lao động - Thương binh và Xã hội trong thời hạn 15 ngày kể từ ngày Bộ trưởng Bộ Lao động - Thương binh và Xã hội ra quyết định thu hồi Giấy phép?,0.5,0.25,1.0,0.9618784479657476,0.9999999999,0.5,0.77,"NGHỊ ĐỊNH Quy định chi tiết một số điều và biện pháp thi hành Luật Người lao động Việt Nam đi làm việc ở nước ngoài theo hợp đồng (112/2021/NĐ-CP) > Chương II. ĐIỀU KIỆN, HỒ SƠ CẤP GIẤY PHÉP HOẠT ĐỘNG DỊCH VỤ ĐƯA NGƯỜI LAO ĐỘNG VIỆT NAM ĐI LÀM VIỆC Ở NƯỚC NGOÀI THEO HỢP ĐỒNG > Điều 10. Thu hồi Giấy phép > Khoản 4:
4. Trong thời hạn 15 ngày kể từ ngày Bộ trưởng Bộ Lao động - Thương binh và Xã hội ra quyết định thu hồi Giấy phép, doanh nghiệp báo cáo Bộ Lao động - Thương binh và Xã hội bằng văn bản về các hợp đồng cung ứng lao động còn hiệu lực; danh sách người lao động đang làm việc ở nước ngoài; danh sách người lao động đã tuyển chọn, đang tham gia bồi dưỡng kỹ năng nghề, ngoại ngữ, giáo dục định hướng; tiền ký quỹ, các khoản đã thu từ người lao động và việc đóng góp vào Quỹ Hỗ trợ việc làm ngoài nước.

NGHỊ ĐỊNH Quy định chi tiết một số điều và biện pháp thi hành Luật Người lao động Việt Nam đi làm việc ở nước ngoài theo hợp đồng (112/2021/NĐ-CP) > Chương II. ĐIỀU KIỆN, HỒ SƠ CẤP GIẤY PHÉP HOẠT ĐỘNG DỊCH VỤ ĐƯA NGƯỜI LAO ĐỘNG VIỆT NAM ĐI LÀM VIỆC Ở NƯỚC NGOÀI THEO HỢP ĐỒNG > Điều 11. Hồ sơ, thủ tục đổi Giấy phép theo quy định tại điểm b khoản 1 Điều 74 của Luật Người lao động Việt Nam đi làm việc ở nước ngoài theo hợp đồng > Khoản 1:
1. Hồ sơ:
a) Văn bản đề nghị đổi Giấy phép theo Mẫu số 05 Phụ lục I ban hành kèm theo Nghị định này;
b) Báo cáo về việc đáp ứng điều kiện quy định tại các điểm a, b, d, đ và e khoản 1 Điều 10 của Luật Người lao động Việt Nam đi làm việc ở nước ngoài theo hợp đồng theo Mẫu số 06 Phụ lục I ban hành kèm theo Nghị định này;
c) Bản chính Giấy phép còn hiệu lực đã được cấp theo quy định của Luật Người lao động Việt Nam đi làm việc ở nước ngoài theo hợp đồng số 72/2006/QH11.","Trong thời hạn 15 ngày kể từ ngày Bộ trưởng Bộ Lao động - Thương binh và Xã hội ra quyết định thu hồi Giấy phép, doanh nghiệp cần báo cáo bằng văn bản cho Bộ Lao động - Thương binh và Xã hội những nội dung sau:
* Các hợp đồng cung ứng lao động còn hiệu lực [C1].
* Danh sách người lao động đang làm việc ở nước ngoài [C1].
* Danh sách người lao động đã tuyển chọn, đang tham gia bồi dưỡng kỹ năng nghề, ngoại ngữ, giáo dục định hướng [C1].
* Tiền ký quỹ, các khoản đã thu từ người lao động và việc đóng góp vào Quỹ Hỗ trợ việc làm ngoài nước [C1].",15.973308999946312,32001.24220099997,"[""chunk:nghi-ddinh-112-2021-ndd-cp:khoan-nghi-ddinh-112-2021-ndd-cp-10-4:clause:20878"", ""chunk:nghi-ddinh-112-2021-ndd-cp:khoan-nghi-ddinh-112-2021-ndd-cp-11-1:clause:20880""]","[""chunk:nghi-ddinh-112-2021-ndd-cp:khoan-nghi-ddinh-112-2021-ndd-cp-10-4:clause:20878"", ""chunk:nghi-ddinh-112-2021-ndd-cp:dieu-nghi-ddinh-112-2021-ndd-cp-9:article:20870"", ""chunk:nghi-ddinh-145-2020-ndd-cp:diem-nghi-ddinh-145-2020-ndd-cp-28-3-a:point:24460"", ""chunk:luat-69-2020-qh14:khoan-luat-69-2020-qh14-16-3:clause:15868""]",,0.8463756895731496
q0075,rag,multi_hop_specific,"Tiêu chuẩn để bổ nhiệm Chấp hành viên sơ cấp, trung cấp và cao cấp trong quân đội được thực hiện theo quy định nào?",0.5,0.25,1.0,0.9925278122912697,0.9166666666361111,0.5,0.36,"Luật Thi Hành Án Dân Sự (26/2008/QH12-82197) > Chương II. HỆ THỐNG TỔ CHỨC THI HÀNH ÁN DÂN SỰ VÀ CHẤP HÀNH VIÊN > Điều 17. Chấp hành viên:
Điều 17. Chấp hành viên
1. Chấp hành viên là người được Nhà nước giao nhiệm vụ thi hành các bản án, quyết định theo quy định tại Điều 2 của Luật này. Chấp hành viên có ba ngạch là Chấp hành viên sơ cấp, Chấp hành viên trung cấp và Chấp hành viên cao cấp.
2. Chấp hành viên do Bộ trưởng Bộ Tư pháp bổ nhiệm.
3. Chính phủ quy định trình tự, thủ tục thi tuyển, bổ nhiệm Chấp hành viên.

Luật Thi Hành Án Dân Sự (26/2008/QH12-82197) > Chương II. HỆ THỐNG TỔ CHỨC THI HÀNH ÁN DÂN SỰ VÀ CHẤP HÀNH VIÊN > Điều 18. Tiêu chuẩn bổ nhiệm Chấp hành viên > Khoản 5:
5. Người có đủ tiêu chuẩn quy định tại khoản 2 Điều này, là sỹ quan quân đội tại ngũ thì được bổ nhiệm làm Chấp hành viên trong quân đội.
Tiêu chuẩn để được bổ nhiệm Chấp hành viên sơ cấp, Chấp hành viên trung cấp và Chấp hành viên cao cấp trong quân đội được thực hiện theo quy định tại các khoản 2, 3 và 4 Điều này.","Tiêu chuẩn để bổ nhiệm Chấp hành viên sơ cấp, trung cấp và cao cấp trong quân đội được thực hiện theo quy định tại các khoản 2, 3 và 4 Điều 18 của Luật Thi hành án dân sự [C1], [C2].

Cụ thể:
*   **Chấp hành viên sơ cấp trong quân đội:** Người có đủ tiêu chuẩn quy định tại khoản 1 Điều 18 và có đủ các điều kiện sau: có thời gian làm công tác pháp luật từ 03 năm trở lên; đã được đào tạo nghiệp vụ thi hành án dân sự; trúng tuyển kỳ thi tuyển Chấp hành viên sơ cấp [C2].
*   **Chấp hành viên trung cấp trong quân đội:** Người có đủ tiêu chuẩn quy định tại khoản 1 Điều 18 và có đủ các điều kiện sau: có thời gian làm Chấp hành viên sơ cấp từ 05 năm trở lên; trúng tuyển kỳ thi tuyển Chấp hành viên trung cấp [C2], [C3].
*   **Chấp hành viên cao cấp trong quân đội:** Người có đủ tiêu chuẩn quy định tại khoản 1 Điều 18 và có đủ các điều kiện sau: có thời gian làm Chấp hành viên trung cấp từ 05 năm trở lên; trúng tuyển kỳ thi tuyển Chấp hành viên cao cấp [C2].

Ngoài ra, người được bổ nhiệm làm Chấp hành viên trong quân đội phải là sĩ quan quân đội tại ngũ [C1], [C4].",16.443230000277254,13155.211704000067,"[""chunk:26-2008-qh12-82197:dieu-26-2008-qh12-82197-17:article:241"", ""chunk:26-2008-qh12-82197:khoan-26-2008-qh12-82197-18-5:clause:257""]","[""chunk:26-2008-qh12-82197:khoan-26-2008-qh12-82197-18-5:clause:257"", ""chunk:26-2008-qh12-82197:dieu-26-2008-qh12-82197-18:article:245"", ""chunk:26-2008-qh12-82197:khoan-26-2008-qh12-82197-18-3:clause:251"", ""chunk:luat-64-2014-qh13:dieu-luat-64-2014-qh13-10:article:15158""]",,0.7538388957854761
q0076,rag,multi_hop_abstract,"Luật Việc làm số 38/2013/QH13 đã được sửa đổi, bổ sung một số điều theo Luật số 41/2024/QH15 hết hiệu lực kể từ ngày Luật Việc Làm (74/2025/QH15) có hiệu lực thi hành, trừ trường hợp quy định tại các khoản nào của Điều 55 Luật Việc Làm (74/2025/QH15)?",1.0,0.5,1.0,0.9281251432105195,0.7499999999625,1.0,0.5,"Luật Việc Làm (74/2025/QH15) > Chương VIII. ĐIỀU KHOẢN THI HÀNH > Điều 54. Hiệu lực thi hành:
Điều 54. Hiệu lực thi hành
1. Luật này có hiệu lực thi hành từ ngày 01 tháng 01 năm 2026.
2. Luật Việc làm số 38/2013/QH13 đã được sửa đổi, bổ sung một số điều theo Luật số 41/2024/QH15 hết hiệu lực kể từ ngày Luật này có hiệu lực thi hành, trừ trường hợp quy định tại các khoản 1, 2 và 3 Điều 55 của Luật này.

Luật Việc Làm (74/2025/QH15) > Chương VIII. ĐIỀU KHOẢN THI HÀNH > Điều 55. Quy định chuyển tiếp:
Điều 55. Quy định chuyển tiếp
1. Chuyển nguồn Quỹ quốc gia về việc làm thành nguồn ngân sách trung ương cấp cho Ngân hàng Chính sách xã hội để làm nguồn vốn cho vay giải quyết việc làm theo quy định của Chính phủ.
2. Khách hàng vay vốn từ Quỹ quốc gia về việc làm và các nguồn tín dụng ưu đãi khác theo quy định của Luật Việc làm số 38/2013/QH13 đã được sửa đổi, bổ sung một số điều theo Luật số 41/2024/QH15 đã ký kết hợp đồng tín dụng với Ngân hàng Chính sách xã hội trước ngày Luật này có hiệu lực thi hành thì tiếp tục thực hiện đến khi hoàn thành hợp đồng đã ký kết.
3. Tổ chức đánh giá kỹ năng nghề đã được cấp giấy chứng nhận hoạt động đánh giá kỹ năng nghề quốc gia trước ngày Luật này có hiệu lực thi hành thì tiếp tục hoạt động theo giấy chứng nhận đã được cấp.
4. Người lao động và người sử dụng lao động đã nộp hồ sơ đề nghị hưởng chế độ bảo hiểm thất nghiệp trước ngày Luật này có hiệu lực thi hành nhưng chưa có quyết định hưởng chế độ bảo hiểm thất nghiệp thì thực hiện theo quy định tại Luật này.
Luật này được Quốc hội nước Cộng hòa xã hội chủ nghĩa Việt Nam khóa XV, Kỳ họp thứ 9 thông qua ngày 16 tháng 6 năm 2025.
CHỦ TỊCH QUỐC HỘI Trần Thanh Mẫn","Luật Việc làm số 38/2013/QH13 đã được sửa đổi, bổ sung một số điều theo Luật số 41/2024/QH15 hết hiệu lực kể từ ngày Luật Việc Làm (74/2025/QH15) có hiệu lực thi hành, trừ trường hợp quy định tại các khoản 1, 2 và 3 Điều 55 của Luật Việc Làm (74/2025/QH15) [C1], [C4].",14.791880999837304,13155.211704000067,"[""chunk:luat-74-2025-qh15:dieu-luat-74-2025-qh15-54:article:17302"", ""chunk:luat-74-2025-qh15:dieu-luat-74-2025-qh15-55:article:17305""]","[""chunk:luat-74-2025-qh15:khoan-luat-74-2025-qh15-54-2:clause:17304"", ""chunk:luat-74-2025-qh15:dieu-luat-74-2025-qh15-55:article:17305"", ""chunk:luat-74-2025-qh15:khoan-luat-74-2025-qh15-55-2:clause:17307"", ""chunk:luat-74-2025-qh15:dieu-luat-74-2025-qh15-54:article:17302""]",,0.835625028634604
q0077,rag,multi_hop_abstract,Mức lương hưu hằng tháng tối đa của người lao động được tính bằng bao nhiêu phần trăm mức bình quân thu nhập tháng đóng bảo hiểm xã hội quy định tại Điều 79 của Luật này?,1.0,0.5,1.0,0.9392716280122886,0.5833333333041666,1.0,0.5,"Luật Bảo Hiểm Xã Hội (58/2014/QH13) > Chương IV. BẢO HIỂM XÃ HỘI TỰ NGUYỆN > Mục 1. CHẾ ĐỘ HƯU TRÍ > Điều 74. Mức lương hưu hằng tháng > Khoản 1:
1. Từ ngày Luật này có hiệu lực thi hành cho đến trước ngày 01 tháng 01 năm 2018 mức lương hưu hằng tháng của người lao động đủ điều kiện quy định tại Điều 73 của Luật này được tính bằng 45% mức bình quân thu nhập tháng đóng bảo hiểm xã hội quy định tại Điều 79 của Luật này tương ứng với 15 năm đóng bảo hiểm xã hội; sau đó cứ thêm mỗi năm thì tính thêm 2% đối với nam và 3% đối với nữ; mức tối đa bằng 75%.

Luật Bảo Hiểm Xã Hội (58/2014/QH13) > Chương IV. BẢO HIỂM XÃ HỘI TỰ NGUYỆN > Mục 1. CHẾ ĐỘ HƯU TRÍ > Điều 79. Mức bình quân thu nhập tháng đóng bảo hiểm xã hội:
Điều 79. Mức bình quân thu nhập tháng đóng bảo hiểm xã hội
1. Mức bình quân thu nhập tháng đóng bảo hiểm xã hội được tính bằng bình quân các mức thu nhập tháng đóng bảo hiểm xã hội của toàn bộ thời gian đóng.
2. Thu nhập tháng đã đóng bảo hiểm xã hội để làm căn cứ tính mức bình quân thu nhập tháng đóng bảo hiểm xã hội của người lao động được điều chỉnh trên cơ sở chỉ số giá tiêu dùng của từng thời kỳ theo quy định của Chính phủ.","Mức lương hưu hằng tháng tối đa của người lao động được tính bằng 75% mức bình quân thu nhập tháng đóng bảo hiểm xã hội quy định tại Điều 79 của Luật này [C2], [C3].",15.859995000027993,6927.694026000154,"[""chunk:luat-58-2014-qh13:khoan-luat-58-2014-qh13-74-1:clause:14444"", ""chunk:luat-58-2014-qh13:dieu-luat-58-2014-qh13-79:article:14470""]","[""chunk:luat-58-2014-qh13:dieu-luat-58-2014-qh13-79:article:14470"", ""chunk:luat-58-2014-qh13:khoan-luat-58-2014-qh13-74-1:clause:14444"", ""chunk:luat-58-2014-qh13:dieu-luat-58-2014-qh13-74:article:14443"", ""chunk:luat-41-2024-qh15:dieu-luat-41-2024-qh15-99:article:11317""]",,0.804520992263291
q0078,rag,multi_hop_abstract,"Theo Nghị quyết 326/2016/UBTVQH14, nghĩa vụ chịu án phí dân sự sơ thẩm trong vụ án hình sự được thực hiện theo quy định tại Điều 26 và Điều 27 của Nghị quyết này?",0.0,0.0,0.5,0.9175246600614361,0.9999999999,1.0,0.12,"Nghị Quyết Quy Định Về Mức Thu, Miễn, Giảm, Thu, Nộp, Quản Lý Và Sử Dụng Án Phí Và Lệ Phí Tòa Án Nước Cộng Hòa Xã Hội Chủ Nghĩa Việt Nam (326/2016/UBTVQH14) > Chương II. ÁN PHÍ TRONG VỤ ÁN HÌNH SỰ > Điều 23. Nghĩa vụ chịu án phí trong vụ án hình sự:
Điều 23. Nghĩa vụ chịu án phí trong vụ án hình sự 1. Nghĩa vụ chịu án phí sơ thẩm trong vụ án hình sự: a) Người bị kết án phải chịu án phí hình sự sơ thẩm; b) Bị hại đã yêu cầu khởi tố phải chịu án phí hình sự sơ thẩm trong trường hợp vụ án được khởi tố theo yêu cầu của bị hại, mà sau đó Tòa án tuyên bố bị cáo không có tội hoặc vụ án bị đình chỉ do người đã yêu cầu khởi tố rút yêu cầu theo quy định của Bộ luật tố tụng hình sự; c) Nghĩa vụ chịu án phí dân sự sơ thẩm trong vụ án hình sự được thực hiện theo quy định tại Điều 26 và Điều 27 của Nghị quyết này; d) Trường hợp bị hại khai báo tài sản bị xâm hại và có yêu cầu bị cáo bồi thường thiệt hại về tài sản nhưng thực tế chứng minh tài sản bị cáo xâm phạm có giá trị thấp hơn hoặc cao hơn giá trị tài sản khai báo thì bị cáo phải chịu án phí dân sự sơ thẩm được tính đối với phần tài sản chứng minh được bị xâm phạm; đ) Bị hại yêu cầu bồi thường thiệt hại về tài sản theo quy định của pháp luật không yêu cầu một số tiền hoặc tài sản có thể xác định được bằng một số tiền cụ thể thì không phải chịu án phí nếu yêu cầu của họ không được Tòa án chấp nhận; e) Bị hại có yêu cầu bồi thường thiệt hại về những khoản không phù hợp với pháp luật thì Tòa án phải giải thích cho họ việc họ phải chịu án phí nêu yêu cầu bồi thường thiệt hại đó không được Tòa án chấp nhận. Trường hợp họ vẫn yêu cầu Tòa án giải quyết thì họ phải chịu án phí nếu yêu cầu của họ không được Tòa án chấp nhận; f) Trước khi mở phiên tòa, đương sự, bị cáo thỏa thuận được với nhau về việc bồi thường thiệt

Nghị Quyết Quy Định Về Mức Thu, Miễn, Giảm, Thu, Nộp, Quản Lý Và Sử Dụng Án Phí Và Lệ Phí Tòa Án Nước Cộng Hòa Xã Hội Chủ Nghĩa Việt Nam (326/2016/UBTVQH14) > Chương III. ÁN PHÍ TRONG VỤ ÁN DÂN SỰ > Điều 29. Nghĩa vụ chịu án phí dân sự phúc thẩm:
Điều 29. Nghĩa vụ chịu án phí dân sự phúc thẩm 1. Đương sự kháng cáo phải chịu án phí dân sự phúc thẩm, nếu Tòa án cấp phúc thẩm giữ nguyên bản án, quyết định sơ thẩm bị kháng cáo, trừ trường hợp được miễn hoặc không phải chịu án phí phúc thẩm. 2. Trường hợp Tòa án cấp phúc thẩm sửa bản án, quyết định sơ thẩm bị kháng cáo thì đương sự kháng cáo liên quan đến phần bản án, quyết định phải sửa không phải chịu án phí dân sự phúc thẩm; Tòa án cấp phúc thẩm phải xác định lại nghĩa vụ chịu án phí dân sự sơ thẩm theo quy định tại Điều 147 của Bộ luật tố tụng dân sự và Điều 26, Điều 27 của Nghị quyết này. 3. Trường hợp Tòa án cấp phúc thẩm hủy bản án, quyết định sơ thẩm bị kháng cáo để xét xử sơ thẩm lại thì đương sự kháng cáo không phải chịu án phí dân sự phúc thẩm; nghĩa vụ chịu án phí được xác định lại khi giải quyết vụ án theo thủ tục sơ thẩm. 4. Đương sự rút kháng cáo trước khi mở phiên tòa phúc thẩm phải chịu 50% mức án phí dân sự phúc thẩm. Đương sự rút kháng cáo tại phiên tòa phúc thẩm phải chịu toàn bộ án phí dân sự phúc thẩm. 5. Trường hợp các đương sự thỏa thuận được với nhau về việc giải quyết vụ án tại phiên tòa phúc thẩm thì đương sự kháng cáo phải chịu toàn bộ án phí dân sự phúc thẩm, về án phí dân sự sơ thẩm, nếu các đương sự tự thỏa thuận được với nhau thì các đương sự chịu án phí dân sự sơ thẩm theo thỏa thuận; nếu không thỏa thuận được thì Tòa án xác định lại án phí dân sự sơ thẩm theo nội dung thỏa thuận về việc giải quyết vụ án tại phiên tòa phúc thẩm. 6. Trường hợp nguyên đơn rút đơn khởi kiện trước khi mở phiên tòa phúc thẩm hoặc tại phiên tòa phúc thẩm và","Đúng vậy, theo Nghị quyết 326/2016/UBTVQH14, nghĩa vụ chịu án phí dân sự sơ thẩm trong vụ án hình sự được thực hiện theo quy định tại Điều 26 và Điều 27 của Nghị quyết này [C1].",15.20327800017185,6927.694026000154,"[""chunk:nghi-quyet-326-2016-ubtvqh14:dieu-nghi-quyet-326-2016-ubtvqh14-23:article:30368"", ""chunk:nghi-quyet-326-2016-ubtvqh14:dieu-nghi-quyet-326-2016-ubtvqh14-29:article:30450""]","[""chunk:nghi-quyet-326-2016-ubtvqh14:diem-nghi-quyet-326-2016-ubtvqh14-23-1-c:point:30375"", ""chunk:nghi-quyet-326-2016-ubtvqh14:dieu-nghi-quyet-326-2016-ubtvqh14-26:article:30405"", ""chunk:nghi-quyet-326-2016-ubtvqh14:dieu-nghi-quyet-326-2016-ubtvqh14-26:sliding:30406"", ""chunk:nghi-quyet-326-2016-ubtvqh14:khoan-nghi-quyet-326-2016-ubtvqh14-26-2:clause:30408""]",,0.7075049319922873
q0079,rag,multi_hop_abstract,"Trường hợp người khởi kiện rút đơn khởi kiện trước khi mở phiên tòa hoặc tại phiên tòa phúc thẩm và được đương sự đồng ý thì chi phí xem xét, thẩm định tại chỗ được xác định như thế nào?",0.5,0.25,1.0,0.9582098410168879,0.0,0.36363636363636365,0.38,"Luật Tố Tụng Hành Chính (93/2015/QH13) > Chương XXII. ÁN PHÍ, LỆ PHÍ VÀ CÁC CHI PHÍ TỐ TỤNG KHÁC > Mục 2. CÁC CHI PHÍ TỐ TỤNG KHÁC > Điều 358. Nghĩa vụ chịu chi phí xem xét, thẩm định tại chỗ:
Điều 358. Nghĩa vụ chịu chi phí xem xét, thẩm định tại chỗ
Trường hợp các bên đương sự không có thỏa thuận khác hoặc pháp luật không có quy định khác thì nghĩa vụ chịu chi phí xem xét, thẩm định tại chỗ được xác định như sau:
1. Đương sự phải chịu chi phí xem xét, thẩm định tại chỗ nếu yêu cầu của họ không được Tòa án chấp nhận;
2. Trường hợp đình chỉ giải quyết vụ án quy định tại điểm c khoản 1 Điều 143, khoản 1 Điều 234 của Luật này thì đương sự phải chịu chi phí xem xét, thẩm định tại chỗ.
Trường hợp đình chỉ giải quyết việc xét xử phúc thẩm quy định tại điểm a khoản 2 Điều 225, điểm c khoản 1 Điều 229 của Luật này thì người kháng cáo theo thủ tục phúc thẩm phải chịu chi phí xem xét, thẩm định tại chỗ;
3. Đối với các trường hợp đình chỉ giải quyết vụ án khác theo quy định của Luật này thì người yêu cầu xem xét, thẩm định phải chịu chi phí xem xét, thẩm định tại chỗ.

Luật Tố Tụng Hành Chính (93/2015/QH13) > Chương XIII. THỦ TỤC PHÚC THẨM > Mục 2. THỦ TỤC BẮT ĐẦU PHIÊN TÒA PHÚC THẨM > Điều 234. Người khởi kiện rút đơn khởi kiện trước khi mở phiên tòa hoặc tại phiên tòa phúc thẩm > Khoản 1:
1. Trước khi mở phiên tòa hoặc tại phiên tòa phúc thẩm mà người khởi kiện rút đơn khởi kiện thì Hội đồng xét xử phúc thẩm phải hỏi người bị kiện có đồng ý hay không và tùy từng trường hợp mà giải quyết như sau:
a) Người bị kiện không đồng ý thì không chấp nhận việc rút đơn khởi kiện của người khởi kiện;
b) Đương sự đồng ý thì chấp nhận việc rút đơn khởi kiện của người khởi kiện. Hội đồng xét xử phúc thẩm ra quyết định hủy bản án sơ thẩm và đình chỉ giải quyết vụ án. Trường hợp này, đương sự vẫn phải chịu án phí sơ thẩm theo quyết định của Tòa án cấp sơ thẩm và phải chịu một nửa án phí phúc thẩm theo quy định của pháp luật.","Trong trường hợp người khởi kiện rút đơn khởi kiện trước khi mở phiên tòa hoặc tại phiên tòa phúc thẩm và được đương sự đồng ý, Hội đồng xét xử phúc thẩm sẽ ra quyết định hủy bản án sơ thẩm và đình chỉ giải quyết vụ án. Tuy nhiên, các đương sự vẫn phải chịu án phí sơ thẩm theo quyết định của Tòa án cấp sơ thẩm và phải chịu một nửa án phí phúc thẩm theo quy định của pháp luật [C1], [C2], [C3], [C4].

Ngữ cảnh được cung cấp không đề cập cụ thể đến chi phí xem xét, thẩm định tại chỗ. Do đó, không đủ thông tin để xác định chi phí này.",14.628828000240901,17865.702986499855,"[""chunk:luat-93-2015-qh13:dieu-luat-93-2015-qh13-358:article:20722"", ""chunk:luat-93-2015-qh13:khoan-luat-93-2015-qh13-234-1:clause:20119""]","[""chunk:bo-luat-92-2015-qh13:khoan-bo-luat-92-2015-qh13-299-1:clause:4794"", ""chunk:luat-93-2015-qh13:diem-luat-93-2015-qh13-234-1-b:point:20121"", ""chunk:bo-luat-92-2015-qh13:diem-bo-luat-92-2015-qh13-299-1-b:point:4796"", ""chunk:luat-93-2015-qh13:khoan-luat-93-2015-qh13-234-1:clause:20119""]",,0.5403692409306503
q0080,rag,multi_hop_abstract,"Trường hợp lao động nữ mang thai từ đủ 22 tuần tuổi trở lên mà bị sảy thai, phá thai, thai chết trong tử cung, thai chết trong khi chuyển dạ thì hồ sơ đề nghị hưởng chế độ thai sản gồm những giấy tờ gì?",0.0,0.0,0.8333333333333334,0.9933869562678846,0.3333333333,0.0,0.0,"LUẬT Bảo hiểm xã hội (41/2024/QH15) > Chương V. BẢO HIỂM XÃ HỘI BẮT BUỘC > Mục 2. CHẾ ĐỘ THAI SẢN > Điều 61. Hồ sơ đề nghị hưởng chế độ thai sản:
Điều 61. Hồ sơ đề nghị hưởng chế độ thai sản 1. Hồ sơ đề nghị hưởng chế độ thai sản đối với lao động nữ sinh con hoặc lao động nữ mang thai hộ sinh con hoặc lao động nữ nhờ mang thai hộ là bản sao giấy khai sinh hoặc trích lục khai sinh hoặc bản sao giấy chứng sinh của con và giấy tờ khác trong các trường hợp sau đây: a) Giấy tờ chứng minh quá trình điều trị vô sinh của lao động nữ trong trường hợp quy định tại khoản 5 Điều 50 của Luật này; b) Bản sao giấy chứng tử hoặc trích lục khai tử của lao động nữ sinh con, lao động nữ nhờ mang thai hộ trong trường hợp chết sau khi sinh con; c) Bản chính hoặc bản sao văn bản xác nhận của cơ sở khám bệnh, chữa bệnh về tình trạng người mẹ sau khi sinh con mà không còn đủ sức khỏe để chăm sóc con hoặc lao động nữ nhờ mang thai hộ sau khi nhận con mà không còn đủ sức khỏe để chăm sóc con; d) Bản chính hoặc bản sao giấy xác nhận của cơ sở khám bệnh, chữa bệnh về việc lao động nữ phải nghỉ việc để dưỡng thai trong trường hợp quy định tại khoản 3 Điều 50 của Luật này; đ) Bản sao bản thỏa thuận về mang thai hộ vì mục đích nhân đạo theo quy định tại Điều 96 của Luật Hôn nhân và gia đình và bản sao văn bản xác nhận thời điểm giao nhận con giữa bên mang thai hộ và bên nhờ mang thai hộ trong trường hợp lao động nữ mang thai hộ sinh con hoặc lao động nữ nhờ mang thai hộ nhận con. 2. Hồ sơ đề nghị hưởng chế độ thai sản đối với lao động nữ sinh con và lao động nữ mang thai hộ sinh con trong trường hợp con chết ngay sau khi sinh mà chưa được cấp giấy chứng sinh, lao động nữ mang thai từ 22 tuần tuổi trở lên đủ điều kiện

LUẬT Bảo hiểm xã hội (41/2024/QH15) > Chương V. BẢO HIỂM XÃ HỘI BẮT BUỘC > Mục 2. CHẾ ĐỘ THAI SẢN > Điều 52. Thời gian nghỉ việc hưởng chế độ thai sản khi sảy thai, phá thai, thai chết trong tử cung, thai chết trong khi chuyển dạ, thai ngoài tử cung > Khoản 2:
2. Trường hợp lao động nữ mang thai từ đủ 22 tuần tuổi trở lên đủ điều kiện quy định tại khoản 2 hoặc khoản 3 hoặc khoản 5 Điều 50 của Luật này mà bị sảy thai, phá thai, thai chết trong tử cung, thai chết trong khi chuyển dạ thì lao động nữ và người chồng được nghỉ việc hưởng chế độ thai sản như trường hợp lao động nữ sinh con.","Trường hợp lao động nữ mang thai từ đủ 22 tuần tuổi trở lên mà bị sảy thai, phá thai, thai chết trong tử cung, thai chết trong khi chuyển dạ, hồ sơ đề nghị hưởng chế độ thai sản là một trong các giấy tờ sau đây:

*   Bản chính hoặc bản sao giấy ra viện hoặc bản tóm tắt hồ sơ bệnh án hoặc giấy tờ chứng minh quá trình điều trị nội trú của người lao động trong trường hợp điều trị nội trú [C3a].
*   Giấy chứng nhận nghỉ việc hưởng bảo hiểm xã hội trong trường hợp điều trị ngoại trú [C3b].
*   Bản chính hoặc bản sao giấy ra viện có thể hiện thông tin chỉ định về thời gian cần điều trị ngoại trú sau thời gian điều trị nội trú [C3c].",15.123886999845126,17865.702986499855,"[""chunk:luat-41-2024-qh15:dieu-luat-41-2024-qh15-61:article:11032"", ""chunk:luat-41-2024-qh15:khoan-luat-41-2024-qh15-52-2:clause:10978""]","[""chunk:luat-41-2024-qh15:khoan-luat-41-2024-qh15-61-2:clause:11043"", ""chunk:luat-41-2024-qh15:dieu-luat-41-2024-qh15-61:sliding:11033"", ""chunk:luat-41-2024-qh15:khoan-luat-41-2024-qh15-61-3:clause:11048"", ""chunk:luat-41-2024-qh15:khoan-luat-41-2024-qh15-96-2:clause:11307""]",,0.43201072458024364
q0081,rag,multi_hop_abstract,"Người làm việc theo hợp đồng lao động có thời hạn từ đủ 01 tháng đến dưới 03 tháng khi nghỉ việc có đủ 20 năm đóng bảo hiểm xã hội trở lên được hưởng lương hưu với mức thấp hơn so với người đủ điều kiện hưởng lương hưu quy định tại điểm a và điểm b khoản 1 Điều 54 của Luật Bảo hiểm xã hội nếu nam đủ 50 tuổi, nữ đủ 45 tuổi và bị suy giảm khả năng lao động từ 81% trở lên đúng không?",0.5,0.25,0.8,0.9922938192762898,0.3333333333,1.0,0.17,"Luật Bảo Hiểm Xã Hội (58/2014/QH13) > Chương III. BẢO HIỂM XÃ HỘI BẮT BUỘC > Mục 4. CHẾ ĐỘ HƯU TRÍ > Điều 55. Điều kiện hưởng lương hưu khi suy giảm khả năng lao động > Khoản 1:
1. Người lao động quy định tại các điểm a, b, c, d, g, h và i khoản 1 Điều 2 của Luật này khi nghỉ việc có đủ 20 năm đóng bảo hiểm xã hội trở lên được hưởng lương hưu với mức thấp hơn so với người đủ điều kiện hưởng lương hưu quy định tại điểm a và điểm b khoản 1 Điều 54 của Luật này nếu thuộc một trong các trường hợp sau đây:
a) Từ ngày 01 tháng 01 năm 2016, nam đủ 51 tuổi, nữ đủ 46 tuổi và bị suy giảm khả năng lao động từ 61% trở lên thì đủ điều kiện hưởng lương hưu khi suy giảm khả năng lao động. Sau đó mỗi năm tăng thêm một tuổi cho đến năm 2020 trở đi, nam đủ 55 tuổi và nữ đủ 50 tuổi thì mới đủ điều kiện hưởng lương hưu khi suy giảm khả năng lao động từ 61% trở lên;
b) Nam đủ 50 tuổi, nữ đủ 45 tuổi và bị suy giảm khả năng lao động từ 81% trở lên;
c) Bị suy giảm khả năng lao động từ 61% trở lên và có đủ 15 năm trở lên làm nghề hoặc công việc đặc biệt nặng nhọc, độc hại, nguy hiểm thuộc danh mục do Bộ Lao động - Thương binh và Xã hội, Bộ Y tế ban hành.

Luật Bảo Hiểm Xã Hội (58/2014/QH13) > Chương I. NHỮNG QUY ĐỊNH CHUNG > Điều 2. Đối tượng áp dụng > Khoản 1:
1. Người lao động là công dân Việt thuộc đối tượng tham gia bảo hiểm xã hội bắt buộc, bao gồm:
a) Người làm việc theo hợp đồng lao động không xác định thời hạn, hợp đồng lao động xác định thời hạn, hợp đồng lao động theo mùa vụ hoặc theo một công việc nhất định có thời hạn từ đủ 03 tháng đến dưới 12 tháng, kể cả hợp đồng lao động được ký kết giữa người sử dụng lao động với người đại diện theo pháp luật của người dưới 15 tuổi theo quy định của pháp luật về lao động;
b) Người làm việc theo hợp đồng lao động có thời hạn từ đủ 01 tháng đến dưới 03 tháng;
c) Cán bộ, công chức, viên chức;
d) Công nhân quốc phòng, công nhân công an, người làm công tác khác trong tổ chức cơ yếu;
đ) Sĩ quan, quân nhân chuyên nghiệp quân đội nhân dân; sĩ quan, hạ sĩ quan nghiệp vụ, sĩ quan, hạ sĩ quan chuyên môn kỹ thuật công an nhân dân; người làm công tác cơ yếu hưởng lương như đối với quân nhân;
e) Hạ sĩ quan, chiến sĩ quân đội nhân dân; hạ sĩ quan, chiến sĩ công an nhân dân phục vụ có thời hạn; học viên quân đội, công an, cơ yếu đang theo học được hưởng sinh hoạt phí;
g) Người đi làm việc ở nước ngoài theo hợp đồng quy định tại Luật người lao động Việt đi làm việc ở nước ngoài theo hợp đồng;
h) Người quản lý doanh nghiệp, người quản lý điều hành hợp tác xã có hưởng tiền lương;
i) Người hoạt động không chuyên trách ở xã, phường, thị trấn.","Không, người làm việc theo hợp đồng lao động có thời hạn từ đủ 01 tháng đến dưới 03 tháng khi nghỉ việc có đủ 20 năm đóng bảo hiểm xã hội trở lên, nam đủ 50 tuổi, nữ đủ 45 tuổi và bị suy giảm khả năng lao động từ 81% trở lên không được hưởng lương hưu với mức thấp hơn so với người đủ điều kiện hưởng lương hưu quy định tại điểm a và điểm b khoản 1 Điều 54 của Luật Bảo hiểm xã hội.

Theo ngữ cảnh được cung cấp:
*   Điều 55 Khoản 1 quy định về điều kiện hưởng lương hưu khi suy giảm khả năng lao động áp dụng cho người lao động quy định tại các điểm a, b, c, d, g, h và i khoản 1 Điều 2 của Luật này [C3].
*   Điều 55 Khoản 1 Điểm b quy định rằng nam đủ 50 tuổi, nữ đủ 45 tuổi và bị suy giảm khả năng lao động từ 81% trở lên thì được hưởng lương hưu với mức thấp hơn so với người đủ điều kiện hưởng lương hưu quy định tại điểm a và điểm b khoản 1 Điều 54 của Luật này [C3].
*   Tuy nhiên, ngữ cảnh không cung cấp thông tin về việc người làm việc theo hợp đồng lao động có thời hạn từ đủ 01 tháng đến dưới 03 tháng thuộc nhóm đối tượng nào trong các điểm a, b, c, d, g, h và i khoản 1 Điều 2 của Luật này.

Do đó, không thể kết luận rằng người làm việc theo hợp đồng lao động có thời hạn từ đủ 01 tháng đến dưới 03 tháng thuộc đối tượng được hưởng lương hưu theo Điều 55 Khoản 1 Điểm b [C3].",15.003423000052862,1075.1350844998342,"[""chunk:luat-58-2014-qh13:khoan-luat-58-2014-qh13-55-1:clause:14326"", ""chunk:luat-58-2014-qh13:khoan-luat-58-2014-qh13-2-1:clause:13992""]","[""chunk:luat-58-2014-qh13:khoan-luat-58-2014-qh13-55-2:clause:14330"", ""chunk:luat-58-2014-qh13:dieu-luat-58-2014-qh13-55:article:14325"", ""chunk:luat-58-2014-qh13:khoan-luat-58-2014-qh13-55-1:clause:14326"", ""chunk:luat-58-2014-qh13:khoan-luat-58-2014-qh13-54-2:clause:14319""]",,0.659125430515258
q0082,rag,multi_hop_abstract,"Người lao động làm nghề, công việc nặng nhọc, độc hại, nguy hiểm thuộc danh mục do Bộ Lao động - Thương binh và Xã hội ban hành được hưởng lương hưu khi đủ tuổi theo quy định tại khoản 3 Điều 169 của Bộ luật Lao động và có đủ bao nhiêu năm làm nghề?",0.0,0.0,0.25,0.9348213534512376,0.49999999995,0.0,0.0,"Bộ Luật Lao Động (45/2019/QH14) > Chương XVII. ĐIỀU KHOẢN THI HÀNH > Điều 219. Sửa đổi, bổ sung một số điều của các luật có liên quan đến lao động:
Điều 219. Sửa đổi, bổ sung một số điều của các luật có liên quan đến lao động 1. Sửa đổi, bổ sung một số điều của Luật Bảo hiểm xã hội số 58/2014/QH13 đã được sửa đổi, bổ sung theo Luật số 84/2015/QH13 và Luật số 35/2018/QH14: a) Sửa đổi, bổ sung Điều 54 như sau: “Điều 54. Điều kiện hưởng lương hưu 1. Người lao động quy định tại các điểm a, b, c, d, g, h và i khoản 1 Điều 2 của Luật này, trừ trường hợp quy định tại khoản 3 Điều này, khi nghỉ việc có đủ 20 năm đóng bảo hiểm xã hội trở lên thì được hưởng lương hưu nếu thuộc một trong các trường hợp sau đây: a) Đủ tuổi theo quy định tại khoản 2 Điều 169 của Bộ luật Lao động; b) Đủ tuổi theo quy định tại khoản 3 Điều 169 của Bộ luật Lao động và có đủ 15 năm làm nghề, công việc nặng nhọc, độc hại, nguy hiểm hoặc đặc biệt nặng nhọc, độc hại, nguy hiểm thuộc danh mục do Bộ Lao động - Thương binh và Xã hội ban hành hoặc có đủ 15 năm làm việc ở vùng có điều kiện kinh tế - xã hội đặc biệt khó khăn bao gồm cả thời gian làm việc ở nơi có phụ cấp khu vực hệ số 0,7 trở lên trước ngày 01 tháng 01 năm 2021; c) Người lao động có tuổi thấp hơn tối đa 10 tuổi so với tuổi nghỉ hưu của người lao động quy định tại khoản 2 Điều 169 của Bộ luật Lao động và có đủ 15 năm làm công việc khai thác than trong hầm lò; d) Người bị nhiễm HIV do tai nạn rủi ro nghề nghiệp trong khi thực hiện nhiệm vụ được giao. 2. Người lao động quy định tại điểm đ và điểm e khoản 1 Điều 2 của Luật này nghỉ việc có đủ 20 năm đóng bảo hiểm xã hội trở lên được hưởng lương hưu khi thuộc một trong các trường hợp sau đây: a) Có tuổi thấp

Bộ Luật Lao Động (45/2019/QH14) > Chương V. ĐỐI THOẠI TẠI NƠI LÀM VIỆC, THƯƠNG LƯỢNG TẬP THỂ, > Mục 2. THƯƠNG LƯỢNG TẬP THỂ > Điều 73. Thương lượng tập thể có nhiều doanh nghiệp tham gia thông qua Hội đồng thương lượng tập thể > Khoản 1:
1. Trên cơ sở đồng thuận, các bên thương lượng tập thể có nhiều doanh nghiệp tham gia có thể yêu cầu Ủy ban nhân dân cấp tỉnh nơi đặt trụ sở chính của các doanh nghiệp tham gia thương lượng hoặc nơi do các bên lựa chọn trong trường hợp các doanh nghiệp tham gia thương lượng có trụ sở chính tại nhiều tỉnh, thành phố trực thuộc Trung ương thành lập Hội đồng thương lượng tập thể để tiến hành thương lượng tập thể.","Người lao động làm nghề, công việc nặng nhọc, độc hại, nguy hiểm thuộc danh mục do Bộ Lao động - Thương binh và Xã hội ban hành được hưởng lương hưu khi đủ tuổi theo quy định tại khoản 3 Điều 169 của Bộ luật Lao động và có tổng thời gian đóng bảo hiểm xã hội bắt buộc từ đủ 15 năm trở lên khi làm nghề, công việc nặng nhọc, độc hại, nguy hiểm hoặc đặc biệt nặng nhọc, độc hại, nguy hiểm thuộc danh mục nghề, công việc nặng nhọc, độc hại, nguy hiểm hoặc đặc biệt nặng nhọc, độc hại, nguy hiểm do Bộ trưởng Bộ Lao động - Thương binh và Xã hội ban hành hoặc làm việc ở vùng có điều kiện kinh tế - xã hội đặc biệt khó khăn bao gồm cả thời gian làm việc ở nơi có phụ cấp khu vực hệ số 0,7 trở lên trước ngày 01 tháng 01 năm 2021. [C2], [C4]",15.205431999675056,1075.1350844998342,"[""chunk:bo-luat-45-2019-qh14:dieu-bo-luat-45-2019-qh14-219:article:3171"", ""chunk:bo-luat-45-2019-qh14:khoan-bo-luat-45-2019-qh14-73-1:clause:2443""]","[""chunk:bo-luat-45-2019-qh14:khoan-bo-luat-45-2019-qh14-169-3:clause:2888"", ""chunk:luat-41-2024-qh15:diem-luat-41-2024-qh15-64-1-b:point:11074"", ""chunk:luat-41-2024-qh15:diem-luat-41-2024-qh15-64-2-b:point:11079"", ""chunk:luat-41-2024-qh15:khoan-luat-41-2024-qh15-64-1:clause:11072""]",,0.3369642706802475
q0083,rag,multi_hop_abstract,"Doanh nghiệp đã được cấp Giấy phép hoạt động dịch vụ đưa người lao động Việt Nam đi làm việc ở nước ngoài trước ngày Nghị định 112/2021/NĐ-CP có hiệu lực phải rà soát, bổ sung, điều chỉnh để đáp ứng các điều kiện về cơ sở vật chất để tổ chức giáo dục định hướng cho người lao động, bao gồm phòng học có diện tích tối thiểu bao nhiêu mét vuông trên học viên và phòng nội trú có diện tích tối thiểu bao nhiêu mét vuông trên học viên?",0.5,0.25,0.4,0.9052638955410963,0.499999999975,1.0,0.3,"NGHỊ ĐỊNH Quy định chi tiết một số điều và biện pháp thi hành Luật Người lao động Việt Nam đi làm việc ở nước ngoài theo hợp đồng (112/2021/NĐ-CP) > Chương VIII. ĐIỀU KHOẢN THI HÀNH > Điều 46. Quy định chuyển tiếp > Khoản 1:
1. Doanh nghiệp đã được cấp Giấy phép hoạt động dịch vụ đưa người lao động Việt Nam đi làm việc ở nước ngoài trước ngày Nghị định này có hiệu lực có trách nhiệm rà soát, bổ sung, điều chỉnh để đáp ứng các điều kiện quy định tại điểm a, b, d, đ và e khoản 1 Điều 10 của Luật Người lao động Việt Nam đi làm việc ở nước ngoài theo hợp đồng và quy định tại Điều 4, Điều 5 và Điều 6 Nghị định này, báo cáo theo Mẫu số 06 Phụ lục I và xác nhận việc ký quỹ theo Mẫu số 03 Phụ lục I ban hành kèm theo Nghị định này, gửi Bộ Lao động - Thương binh và Xã hội trước ngày 01 tháng 01 năm 2023.

NGHỊ ĐỊNH Quy định chi tiết một số điều và biện pháp thi hành Luật Người lao động Việt Nam đi làm việc ở nước ngoài theo hợp đồng (112/2021/NĐ-CP) > Chương II. ĐIỀU KIỆN, HỒ SƠ CẤP GIẤY PHÉP HOẠT ĐỘNG DỊCH VỤ ĐƯA NGƯỜI LAO ĐỘNG VIỆT NAM ĐI LÀM VIỆC Ở NƯỚC NGOÀI THEO HỢP ĐỒNG > Điều 5. Điều kiện về cơ sở vật chất để tổ chức giáo dục định hướng cho người lao động:
Điều 5. Điều kiện về cơ sở vật chất để tổ chức giáo dục định hướng cho người lao động
1. Cơ sở vật chất để tổ chức giáo dục định hướng phải đảm bảo điều kiện an toàn, vệ sinh và đáp ứng các tiêu chuẩn sau:
a) Có phòng học và phòng nội trú cho ít nhất 100 học viên tại một thời điểm; có nơi sơ cứu, cấp cứu với trang thiết bị, phương tiện sơ cứu, cấp cứu;
b) Phòng học có diện tích tối thiểu 1,4 m2/học viên, có trang thiết bị cơ bản phục vụ học tập;
c) Phòng nội trú có diện tích tối thiểu 3,5 m2/học viên, có trang thiết bị cơ bản đảm bảo phục vụ sinh hoạt nội trú; bố trí không quá 12 học viên/phòng; khu vực nội trú bố trí tách biệt cho học viên nam và nữ, có đủ buồng tắm và nhà vệ sinh.
2. Trường hợp doanh nghiệp thuê cơ sở vật chất để tổ chức giáo dục định hướng thì thời hạn thuê phải còn ít nhất 02 năm tại thời điểm doanh nghiệp nộp hồ sơ đề nghị cấp Giấy phép.
3. Chi nhánh được doanh nghiệp dịch vụ giao tổ chức giáo dục định hướng phải có cơ sở vật chất đảm bảo điều kiện an toàn, vệ sinh, có phòng học và phòng nội trú đáp ứng quy định tại điểm b và điểm c khoản 1 Điều này và thời hạn thuê (nếu chi nhánh thuê cơ sở vật chất) phải tối thiểu là 02 năm.
4. Doanh nghiệp dịch vụ phải duy trì quyền sử dụng hợp pháp cơ sở vật chất để tổ chức giáo dục định hướng trong suốt thời gian hoạt động dịch vụ đưa người lao động Việt Nam đi làm việc ở nước ngoài theo hợp đồng.","Doanh nghiệp đã được cấp Giấy phép hoạt động dịch vụ đưa người lao động Việt Nam đi làm việc ở nước ngoài trước ngày Nghị định 112/2021/NĐ-CP có hiệu lực phải rà soát, bổ sung, điều chỉnh để đáp ứng các điều kiện về cơ sở vật chất để tổ chức giáo dục định hướng cho người lao động như sau:
*   Phòng học có diện tích tối thiểu 1,4 m2/học viên [C2], [C3].
*   Phòng nội trú có diện tích tối thiểu 3,5 m2/học viên [C1], [C2].",15.666655000131868,1153.198707499996,"[""chunk:nghi-ddinh-112-2021-ndd-cp:khoan-nghi-ddinh-112-2021-ndd-cp-46-1:clause:21095"", ""chunk:nghi-ddinh-112-2021-ndd-cp:dieu-nghi-ddinh-112-2021-ndd-cp-5:article:20844""]","[""chunk:nghi-ddinh-112-2021-ndd-cp:diem-nghi-ddinh-112-2021-ndd-cp-5-1-c:point:20848"", ""chunk:nghi-ddinh-112-2021-ndd-cp:khoan-nghi-ddinh-112-2021-ndd-cp-5-1:clause:20845"", ""chunk:nghi-ddinh-112-2021-ndd-cp:diem-nghi-ddinh-112-2021-ndd-cp-5-1-b:point:20847"", ""chunk:nghi-ddinh-112-2021-ndd-cp:dieu-nghi-ddinh-112-2021-ndd-cp-5:article:20844""]",,0.6210527791032192
q0084,rag,multi_hop_abstract,"Người thực hiện trợ giúp pháp lý có được tiếp tục thực hiện trợ giúp pháp lý khi họ nhận, đòi hỏi bất kỳ một khoản tiền, lợi ích vật chất hoặc lợi ích khác từ người được trợ giúp pháp lý và đã chấp hành xong hình thức xử lý vi phạm không?",0.5,0.25,1.0,0.8772154603489063,0.99999999995,1.0,0.36,"Luật Trợ Giúp Pháp Lý (11/2017/QH14) > Chương IV. NGƯỜI THỰC HIỆN TRỢ GIÚP PHÁP LÝ, QUYỀN, NGHĨA VỤ CỦA NGƯỜI THỰC HIỆN TRỢ GIÚP PHÁP LÝ > Điều 25. Các trường hợp không được tiếp tục thực hiện hoặc phải từ chối thực hiện trợ giúp pháp lý:
Điều 25. Các trường hợp không được tiếp tục thực hiện hoặc phải từ chối thực hiện trợ giúp pháp lý
1. Người thực hiện trợ giúp pháp lý không được tiếp tục thực hiện trợ giúp pháp lý khi thuộc một trong các trường hợp sau đây:
a) Thực hiện hành vi bị nghiêm cấm quy định tại khoản 1 Điều 6 của Luật này, trừ trường hợp đã chấp hành xong hình thức xử lý vi phạm và được thực hiện trợ giúp pháp lý theo quy định của Luật này;
b) Bị thu hồi thẻ trợ giúp viên pháp lý, thẻ cộng tác viên trợ giúp pháp lý, Chứng chỉ hành nghề luật sư, thẻ tư vấn viên pháp luật;
c) Các trường hợp không được tham gia tố tụng theo quy định của pháp luật về tố tụng.
2. Người thực hiện trợ giúp pháp lý phải từ chối thực hiện vụ việc trợ giúp pháp lý khi thuộc một trong các trường hợp sau đây:
a) Đã hoặc đang thực hiện trợ giúp pháp lý cho người được trợ giúp pháp lý là các bên có quyền lợi đối lập nhau trong cùng một vụ việc, trừ trường hợp các bên có thỏa thuận khác đối với vụ việc tư vấn pháp luật, đại diện ngoài tố tụng trong lĩnh vực dân sự;
b) Có căn cứ cho rằng người thực hiện trợ giúp pháp lý có thể không khách quan trong thực hiện trợ giúp pháp lý;
c) Có lý do cho thấy không thể thực hiện vụ việc trợ giúp pháp lý một cách hiệu quả, ảnh hưởng đến quyền và lợi ích hợp pháp của người được trợ giúp pháp lý.
3. Tổ chức thực hiện trợ giúp pháp lý phải thông báo bằng văn bản và nêu rõ lý do cho người được trợ giúp pháp lý và cử người khác thực hiện trợ giúp pháp lý trong trường hợp quy định tại khoản 1 và khoản 2 Điều này.

Luật Trợ Giúp Pháp Lý (11/2017/QH14) > Chương I. NHỮNG QUY ĐỊNH CHUNG > Điều 6. Các hành vi bị nghiêm cấm trong hoạt động trợ giúp pháp lý > Khoản 1:
1. Nghiêm cấm tổ chức thực hiện trợ giúp pháp lý và người thực hiện trợ giúp pháp lý có hành vi sau đây:
a) Xâm phạm danh dự, nhân phẩm, quyền và lợi ích hợp pháp của người được trợ giúp pháp lý; phân biệt đối xử người được trợ giúp pháp lý;
b) Nhận, đòi hỏi bất kỳ một khoản tiền, lợi ích vật chất hoặc lợi ích khác từ người được trợ giúp pháp lý; sách nhiễu người được trợ giúp pháp lý;
c) Tiết lộ thông tin về vụ việc trợ giúp pháp lý, về người được trợ giúp pháp lý, trừ trường hợp người được trợ giúp pháp lý đồng ý bằng văn bản hoặc luật có quy định khác;
d) Từ chối hoặc không tiếp tục thực hiện trợ giúp pháp lý, trừ trường hợp quy định tại Luật này và quy định của pháp luật về tố tụng;
đ) Lợi dụng hoạt động trợ giúp pháp lý để trục lợi, xâm phạm quốc phòng, an ninh quốc gia, gây mất trật tự, an toàn xã hội, ảnh hưởng xấu đến đạo đức xã hội;
e) Xúi giục, kích động người được trợ giúp pháp lý cung cấp thông tin, tài liệu sai sự thật, khiếu nại, tố cáo, khởi kiện trái pháp luật.","Người thực hiện trợ giúp pháp lý **không được tiếp tục thực hiện trợ giúp pháp lý** khi họ nhận, đòi hỏi bất kỳ một khoản tiền, lợi ích vật chất hoặc lợi ích khác từ người được trợ giúp pháp lý, **trừ trường hợp đã chấp hành xong hình thức xử lý vi phạm và được thực hiện trợ giúp pháp lý theo quy định của Luật này** [C2].

Việc nhận, đòi hỏi bất kỳ một khoản tiền, lợi ích vật chất hoặc lợi ích khác từ người được trợ giúp pháp lý là một hành vi bị nghiêm cấm trong hoạt động trợ giúp pháp lý [C3], và hoạt động trợ giúp pháp lý phải tuân thủ nguyên tắc không thu tiền, lợi ích vật chất hoặc lợi ích khác từ người được trợ giúp pháp lý [C1].

Tuy nhiên, người thực hiện trợ giúp pháp lý (luật sư, cộng tác viên trợ giúp pháp lý) ký kết hợp đồng với Trung tâm trợ giúp pháp lý nhà nước được hưởng thù lao và chi phí thực hiện vụ việc trợ giúp pháp lý theo quy định [C4].",14.854113000183133,1153.198707499996,"[""chunk:luat-11-2017-qh14:dieu-luat-11-2017-qh14-25:article:6714"", ""chunk:luat-11-2017-qh14:khoan-luat-11-2017-qh14-6-1:clause:6532""]","[""chunk:luat-11-2017-qh14:khoan-luat-11-2017-qh14-3-4:clause:6521"", ""chunk:luat-11-2017-qh14:dieu-luat-11-2017-qh14-25:article:6714"", ""chunk:luat-11-2017-qh14:diem-luat-11-2017-qh14-6-1-b:point:6534"", ""chunk:luat-11-2017-qh14:khoan-luat-11-2017-qh14-18-3:clause:6663""]",,0.8474430920597813
q0085,rag,multi_hop_abstract,"Trợ cấp thai sản một ngày đối với trường hợp lao động nữ mang thai hộ khi sảy thai, phá thai hoặc có thai chết trong tử cung, thai chết trong khi chuyển dạ, thai ngoài tử cung được tính như thế nào?",1.0,0.5,1.0,0.9914080423761605,0.0,1.0,0.27,"LUẬT Bảo hiểm xã hội (41/2024/QH15) > Chương V. BẢO HIỂM XÃ HỘI BẮT BUỘC > Mục 2. CHẾ ĐỘ THAI SẢN > Điều 59. Trợ cấp thai sản:
Điều 59. Trợ cấp thai sản
1. Trợ cấp thai sản một tháng của người lao động quy định tại các điều 51, 52, 53, 54, 55, 56 và 57 của Luật này bằng 100% mức bình quân tiền lương làm căn cứ đóng bảo hiểm xã hội bắt buộc của 06 tháng gần nhất trước khi nghỉ việc hưởng chế độ thai sản.
Đối với người lao động đóng bảo hiểm xã hội bắt buộc chưa đủ 06 tháng thì trợ cấp thai sản của người lao động quy định tại Điều 51, Điều 52, các khoản 2, 5, 6 và 7 Điều 53, các khoản 1, 2 và 4 Điều 54, khoản 2 Điều 55 và Điều 57 của Luật này là mức bình quân tiền lương làm căn cứ đóng bảo hiểm xã hội bắt buộc của các tháng đã đóng.
2. Trợ cấp thai sản một ngày đối với trường hợp quy định tại Điều 51 và khoản 2 Điều 53 của Luật này được tính bằng trợ cấp thai sản một tháng chia cho 24 ngày.
3. Trợ cấp thai sản khi sinh con, nhận con khi nhờ mang thai hộ hoặc nhận nuôi con nuôi dưới 06 tháng tuổi được tính theo mức trợ cấp thai sản quy định tại khoản 1 Điều này, trường hợp có ngày lẻ hoặc trường hợp quy định tại Điều 52 và Điều 57 của Luật này thì mức trợ cấp mỗi ngày được tính bằng mức trợ cấp thai sản một tháng chia cho 30 ngày.
4. Trợ cấp thai sản của lao động nữ mang thai hộ, lao động nữ nhờ mang thai hộ được thực hiện theo quy định tại các khoản 1, 2 và 3 Điều này và được tính trên cơ sở mức bình quân tiền lương làm căn cứ đóng bảo hiểm xã hội bắt buộc theo quy định tại Điều này trước khi nghỉ việc hưởng chế độ thai sản của lao động nữ mang thai hộ, lao động nữ nhờ mang thai hộ.
5. Bộ trưởng Bộ Lao động - Thương binh và Xã hội quy định việc tính, việc xác định điều kiện đối với từng trường hợp hưởng chế độ thai sản.

LUẬT Bảo hiểm xã hội (41/2024/QH15) > Chương V. BẢO HIỂM XÃ HỘI BẮT BUỘC > Mục 2. CHẾ ĐỘ THAI SẢN > Điều 54. Chế độ thai sản của lao động nữ mang thai hộ:
Điều 54. Chế độ thai sản của lao động nữ mang thai hộ
1. Lao động nữ mang thai hộ được nghỉ việc hưởng chế độ thai sản khi khám thai theo quy định tại Điều 51 của Luật này.
2. Lao động nữ mang thai hộ khi sảy thai, phá thai hoặc có thai chết trong tử cung, thai chết trong khi chuyển dạ, thai ngoài tử cung được nghỉ việc hưởng chế độ thai sản theo quy định tại Điều 52 của Luật này.
3. Lao động nữ mang thai hộ khi sinh con mà có đủ điều kiện quy định tại khoản 2 hoặc khoản 3 Điều 50 của Luật này được:
a) Nghỉ việc hưởng chế độ thai sản cho đến thời điểm giao đứa trẻ cho bên nhờ mang thai hộ nhưng không vượt quá thời gian quy định tại khoản 1 Điều 53 của Luật này.
Trong trường hợp kể từ ngày sinh đến thời điểm giao đứa trẻ mà thời gian hưởng chế độ thai sản chưa đủ 60 ngày thì lao động nữ mang thai hộ vẫn được hưởng chế độ thai sản cho đến khi đủ 60 ngày tính cả ngày nghỉ lễ, tết, ngày nghỉ hằng tuần. Thời điểm giao đứa trẻ cho bên nhờ mang thai hộ là thời điểm ghi trong văn bản xác nhận thời điểm giao đứa trẻ của bên nhờ mang thai hộ và bên mang thai hộ.
Trường hợp trước thời điểm giao nếu đứa trẻ chết mà thời gian hưởng chế độ thai sản chưa đủ 60 ngày thì lao động nữ mang thai hộ vẫn được hưởng chế độ thai sản cho đến khi đủ 60 ngày tính cả ngày nghỉ lễ, tết, ngày nghỉ hằng tuần;
b) Trong khoảng thời gian 30 ngày đầu kể từ ngày hết thời hạn hưởng chế độ thai sản quy định tại khoản 2 Điều này và điểm a khoản này mà sức khỏe chưa phục hồi thì lao động nữ mang thai hộ được nghỉ dưỡng sức, phục hồi sức khỏe theo quy định tại Điều 60 của Luật này, trừ trường hợp lao động nữ mang thai hộ chấm dứt hợp đồng lao động, hợp đồng làm việc hoặc thôi việc trước thời điểm sinh con.
4. Khi lao động nữ mang thai hộ sinh con thì người chồng đang tham gia bảo hiểm xã hội bắt buộc được nghỉ việc hưởng chế độ thai sản theo quy định tại khoản 2 và khoản 3 Điều 53 của Luật này.","Trợ cấp thai sản một ngày đối với trường hợp lao động nữ mang thai hộ khi sảy thai, phá thai hoặc có thai chết trong tử cung, thai chết trong khi chuyển dạ, thai ngoài tử cung được tính như sau:

Mức trợ cấp mỗi ngày được tính bằng mức trợ cấp thai sản một tháng chia cho 30 ngày [C4].

Mức trợ cấp thai sản một tháng của người lao động bằng 100% mức bình quân tiền lương làm căn cứ đóng bảo hiểm xã hội bắt buộc của 06 tháng gần nhất trước khi nghỉ việc hưởng chế độ thai sản [C4].

Đối với người lao động đóng bảo hiểm xã hội bắt buộc chưa đủ 06 tháng thì trợ cấp thai sản là mức bình quân tiền lương làm căn cứ đóng bảo hiểm xã hội bắt buộc của các tháng đã đóng [C4].",14.789238000048499,850.218496000025,"[""chunk:luat-41-2024-qh15:dieu-luat-41-2024-qh15-59:article:11017"", ""chunk:luat-41-2024-qh15:dieu-luat-41-2024-qh15-54:article:10996""]","[""chunk:luat-41-2024-qh15:khoan-luat-41-2024-qh15-54-2:clause:10998"", ""chunk:luat-41-2024-qh15:dieu-luat-41-2024-qh15-52:article:10972"", ""chunk:luat-41-2024-qh15:dieu-luat-41-2024-qh15-54:article:10996"", ""chunk:luat-41-2024-qh15:dieu-luat-41-2024-qh15-59:article:11017""]",,0.6522816084752321
q0086,rag,multi_hop_abstract,"Bộ Y tế có trách nhiệm hướng dẫn triển khai phòng vắt, trữ sữa mẹ trong trường hợp người sử dụng lao động sử dụng từ bao nhiêu lao động nữ trở lên thì phải lắp đặt phòng vắt, trữ sữa mẹ tại nơi làm việc?",0.5,0.25,0.6666666666666666,0.9294110344933356,0.9999999999666667,1.0,0.21,"NGHỊ ĐỊNH Quy định chi tiết và hướng dẫn thi hành một số điều của Bộ luật Lao động về điều kiện lao động và quan hệ lao động (145/2020/NĐ-CP) > Chương IX. LAO ĐỘNG NỮ VÀ BẢO ĐẢM BÌNH ĐẲNG GIỚI > Mục 4. TRÁCH NHIỆM TỔ CHỨC THỰC HIỆN CHÍNH SÁCH ĐỐI VỚI LAO ĐỘNG NỮ VÀ BÌNH ĐẲNG GIỚI > Điều 87. Tổ chức thực hiện chính sách đối với lao động nữ và bảo đảm bình đẳng giới:
Điều 87. Tổ chức thực hiện chính sách đối với lao động nữ và bảo đảm bình đẳng giới
1. Bộ Lao động - Thương binh và Xã hội chủ trì, phối hợp với các cơ quan liên quan tuyên truyền, phổ biến các chính sách đối với lao động nữ, bảo đảm bình đẳng giới và phòng, chống quấy rối tình dục tại nơi làm việc.
2. Bộ Tài chính chủ trì, phối hợp với các cơ quan liên quan hướng dẫn thực hiện quy định tại khoản 2 Điều 83 Nghị định này.
3. Bộ Giáo dục và Đào tạo chủ trì, phối hợp với các cơ quan liên quan hướng dẫn thực hiện quy định tại Điều 81 Nghị định này.
4. Bộ Y tế có trách nhiệm:
a) Hướng dẫn tiêu chuẩn về buồng tắm, buồng vệ sinh quy định tại khoản 1 Điều 79 Nghị định này;
b) Ban hành danh mục khám chuyên khoa phụ sản cho lao động nữ quy định tại khoản 1 Điều 80 Nghị định này;
c) Hướng dẫn triển khai phòng vắt, trữ sữa mẹ quy định tại khoản 5 Điều 80 Nghị định này.
5. Ủy ban nhân dân cấp tỉnh có trách nhiệm:
a) Tuyên truyền, phổ biến, kiểm tra, thanh tra việc thực hiện các chính sách đối với lao động nữ, bảo đảm bình đẳng giới và phòng, chống quấy rối tình dục tại nơi làm việc quy định tại Chương này;
b) Rà soát, xác định nơi có nhiều lao động và tổ chức thực hiện quy định tại Điều 81 Nghị định này.
6. Đề nghị Mặt trận Tổ quốc Việt Nam và các tổ chức thành viên của Mặt trận trong phạm vi nhiệm vụ, quyền hạn của mình giám sát việc thực hiện quy định tại Chương này.

NGHỊ ĐỊNH Quy định chi tiết và hướng dẫn thi hành một số điều của Bộ luật Lao động về điều kiện lao động và quan hệ lao động (145/2020/NĐ-CP) > Chương IX. LAO ĐỘNG NỮ VÀ BẢO ĐẢM BÌNH ĐẲNG GIỚI > Mục 2. BẢO ĐẢM BÌNH ĐẲNG GIỚI VÀ NHỮNG QUY ĐỊNH RIÊNG ĐỐI VỚI LAO ĐỘNG NỮ > Điều 80. Chăm sóc sức khỏe đối với lao động nữ > Khoản 5:
5. Khuyến khích người sử dụng lao động lắp đặt phòng vắt, trữ sữa mẹ phù hợp với điều kiện thực tế tại nơi làm việc, nhu cầu của lao động nữ và khả năng của người sử dụng lao động. Trường hợp người sử dụng lao động sử dụng từ 1.000 người lao động nữ trở lên thì phải lắp đặt phòng vắt, trữ sữa mẹ tại nơi làm việc.","Bộ Y tế có trách nhiệm hướng dẫn triển khai phòng vắt, trữ sữa mẹ trong trường hợp người sử dụng lao động sử dụng từ 1.000 người lao động nữ trở lên thì phải lắp đặt phòng vắt, trữ sữa mẹ tại nơi làm việc [C3], [C1].",14.48219199983214,850.218496000025,"[""chunk:nghi-ddinh-145-2020-ndd-cp:dieu-nghi-ddinh-145-2020-ndd-cp-87:article:24881"", ""chunk:nghi-ddinh-145-2020-ndd-cp:khoan-nghi-ddinh-145-2020-ndd-cp-80-5:clause:24828""]","[""chunk:nghi-ddinh-145-2020-ndd-cp:khoan-nghi-ddinh-145-2020-ndd-cp-80-5:clause:24828"", ""chunk:nghi-ddinh-145-2020-ndd-cp:dieu-nghi-ddinh-145-2020-ndd-cp-76:article:24797"", ""chunk:nghi-ddinh-145-2020-ndd-cp:khoan-nghi-ddinh-145-2020-ndd-cp-87-4:clause:24885"", ""chunk:nghi-ddinh-283-2026-ndd-cp:diem-nghi-ddinh-283-2026-ndd-cp-26-2-l:point:27190""]",,0.7612155402253338
q0087,rag,multi_hop_abstract,"Khi người sử dụng lao động cần tham khảo ý kiến về quy chế thưởng theo Điều 104 của Bộ luật Lao động, các thành viên đại diện tham gia đối thoại của bên người lao động có trách nhiệm gì?",0.5,0.25,1.0,0.9999999999999998,0.3333333333,1.0,0.19,"NGHỊ ĐỊNH Quy định chi tiết và hướng dẫn thi hành một số điều của Bộ luật Lao động về điều kiện lao động và quan hệ lao động (145/2020/NĐ-CP) > Chương V. ĐỐI THOẠI TẠI NƠI LÀM VIỆC > Mục 1. TỔ CHỨC ĐỐI THOẠI TẠI NƠI LÀM VIỆC > Điều 41. Tổ chức đối thoại khi có vụ việc > Khoản 1:
1. Đối với vụ việc người sử dụng lao động phải tham khảo, trao đổi ý kiến với tổ chức đại diện người lao động tại cơ sở về quy chế đánh giá mức độ hoàn thành công việc theo quy định tại điểm a khoản 1 Điều 36; cho thôi việc đối với người lao động theo quy định tại Điều 42; phương án sử dụng lao động theo quy định tại Điều 44; thang lương, bảng lương và định mức lao động theo quy định tại Điều 93; quy chế thưởng theo quy định tại Điều 104 và nội quy lao động theo quy định tại Điều 118 của Bộ luật Lao động được thực hiện như sau: a) Người sử dụng lao động có trách nhiệm gửi văn bản kèm theo nội dung cần tham khảo, trao đổi ý kiến đến các thành viên đại diện tham gia đối thoại của bên người lao động; b) Các thành viên đại diện tham gia đối thoại của bên người lao động có trách nhiệm tổ chức lấy ý kiến người lao động do mình đại diện và tổng hợp thành văn bản của từng tổ chức đại diện người lao động tại cơ sở, nhóm đại diện đối thoại của người lao động để gửi tới người sử dụng lao động; trường hợp nội dung đối thoại liên quan đến quyền, lợi ích của lao động nữ thì cần bảo đảm lấy ý kiến của họ; c) Căn cứ ý kiến của các tổ chức đại diện người lao động tại cơ sở, nhóm đại diện đối thoại của người lao động, người sử dụng lao động tổ chức đối thoại để thảo luận, trao đổi ý kiến, tham vấn, chia sẻ thông tin về những nội dung người sử dụng lao động đưa ra; d) Số lượng, thành phần tham gia, thời gian, địa điểm tổ chức đối thoại do hai bên xác định theo quy chế dân chủ ở cơ sở tại nơi làm việc; đ) Diễn biến đối thoại phải được ghi thành biên bản và có chữ ký của đại diện các bên tham

NGHỊ ĐỊNH Quy định chi tiết và hướng dẫn thi hành một số điều của Bộ luật Lao động về điều kiện lao động và quan hệ lao động (145/2020/NĐ-CP) > Chương V. ĐỐI THOẠI TẠI NƠI LÀM VIỆC > Mục 2. THỰC HIỆN QUY CHẾ DÂN CHỦ Ở CƠ SỞ TẠI NƠI LÀM VIỆC > Điều 44. Nội dung, hình thức người lao động được tham gia ý kiến:
Điều 44. Nội dung, hình thức người lao động được tham gia ý kiến
1. Người lao động được tham gia ý kiến về những nội dung sau:
a) Xây dựng, sửa đổi, bổ sung nội quy, quy chế và các văn bản quy định khác của người sử dụng lao động liên quan đến quyền, nghĩa vụ và lợi ích của người lao động;
b) Xây dựng, sửa đổi, bổ sung thang lương, bảng lương, định mức lao động; đề xuất nội dung thương lượng tập thể;
c) Đề xuất, thực hiện giải pháp tiết kiệm chi phí, nâng cao năng suất lao động, cải thiện điều kiện làm việc, bảo vệ môi trường, phòng chống cháy nổ;
d) Nội dung khác liên quan đến quyền, nghĩa vụ và lợi ích của người lao động theo quy định của pháp luật.
2. Những nội dung quy định tại khoản 1 Điều này mà pháp luật quy định cụ thể hình thức người lao động tham gia ý kiến thì thực hiện theo quy định đó; trường hợp pháp luật không quy định cụ thể hình thức thì người lao động căn cứ vào đặc điểm sản xuất, kinh doanh, tổ chức lao động, nội dung người lao động được tham gia ý kiến và quy chế dân chủ ở cơ sở tại nơi làm việc để lựa chọn hình thức sau đây:
a) Tham gia ý kiến trực tiếp hoặc thông qua tổ chức đại diện người lao động tại cơ sở, nhóm đại diện đối thoại của người lao động tại hội nghị người lao động, đối thoại tại nơi làm việc;
b) Gửi góp ý, kiến nghị trực tiếp;
c) Hình thức khác mà pháp luật không cấm.","Khi người sử dụng lao động cần tham khảo ý kiến về quy chế thưởng theo Điều 104 của Bộ luật Lao động, các thành viên đại diện tham gia đối thoại của bên người lao động có trách nhiệm sau:

*   Tổ chức lấy ý kiến người lao động do mình đại diện. [C3]
*   Tổng hợp ý kiến thành văn bản của từng tổ chức đại diện người lao động tại cơ sở, nhóm đại diện đối thoại của người lao động để gửi tới người sử dụng lao động. [C3]
*   Trường hợp nội dung đối thoại liên quan đến quyền, lợi ích của lao động nữ thì cần bảo đảm lấy ý kiến của họ. [C3]",15.167542000199319,1035.4497124999398,"[""chunk:nghi-ddinh-145-2020-ndd-cp:khoan-nghi-ddinh-145-2020-ndd-cp-41-1:clause:24546"", ""chunk:nghi-ddinh-145-2020-ndd-cp:dieu-nghi-ddinh-145-2020-ndd-cp-44:article:24575""]","[""chunk:bo-luat-45-2019-qh14:khoan-bo-luat-45-2019-qh14-104-2:clause:2566"", ""chunk:bo-luat-45-2019-qh14:dieu-bo-luat-45-2019-qh14-104:article:2564"", ""chunk:nghi-ddinh-145-2020-ndd-cp:khoan-nghi-ddinh-145-2020-ndd-cp-41-1:clause:24546"", ""chunk:bo-luat-45-2019-qh14:khoan-bo-luat-45-2019-qh14-178-3:clause:2942""]",,0.7046666666599999
q0088,rag,multi_hop_abstract,"Theo Khoản 4 Điều 4 của Nghị định 68/2025/NĐ-CP, mục số (4) cần ghi những thông tin gì?",0.5,0.25,1.0,0.9916964136950114,0.99999999995,1.0,0.18,"NGHỊ ĐỊNH Sửa đổi, bổ sung một số điều của Nghị định số 118/2021/NĐ-CP ngày 23 tháng 12 năm 2021 của Chính phủ quy định chi tiết một số điều (68/2025/NĐ-CP) > Điều 4. Trách nhiệm tổ chức thực hiện > Khoản 4:
4. Địa điểm xảy ra vi phạm: 4. Gửi cho (22) ................................... để biết và phối hợp thực hiện. Nơi nhận: - Như Điều 4; - Lưu: Hồ sơ. | CHỨC VỤ CỦA NGƯỜI KÝ(23) (Ký, đóng dấu (nếu có); ghi rõ họ và tên) <In ở mặt sau>(***) Quyết định đã giao trực tiếp cho <cá nhân/người đại diện của tổ chức>(**) bị xử phạt vào hồi.... giờ.... phút, ngày ..../..../….. NGƯỜI NHẬN QUYẾT ĐỊNH (Ký, ghi rõ họ và tên) * Mẫu này được sử dụng để ra quyết định xử phạt vi phạm hành chính theo thủ tục không lập biên bản. (*) Áp dụng đối với trường hợp chuyển hồ sơ vụ vi phạm để xử phạt hành chính. (**) Lưu ý lựa chọn và ghi thông tin cho phù hợp với thực tế của vụ việc. (***) Áp dụng đối với trường hợp quyết định được giao trực tiếp cho cá nhân/người đại diện của tổ chức bị xử phạt. (1) Ghi tên cơ quan của người có thẩm quyền ra quyết định xử phạt vi phạm hành chính theo hướng dẫn về thể thức của Chính phủ. (2) Ghi địa danh theo hướng dẫn về thể thức của Chính phủ. (3) Ghi chức danh và tên cơ quan của người ra quyết định. (4) Ghi đầy đủ tên loại văn bản; số, ký hiệu văn bản; ngày, tháng, năm, ban hành văn bản; tên cơ quan ban hành và tên gọi văn bản (tên của nghị định quy định xử phạt vi phạm hành chính trong lĩnh vực cụ thể). (5) Ghi cụ thể theo từng trường hợp: - Nếu quyết định xử phạt vi phạm hành chính có áp dụng hình thức xử phạt trục xuất thì ghi tên nghị định của Chính phủ quy định hình thức xử phạt trục xuất, biện pháp tạm giữ người, áp giải người vi phạm theo thủ tục hành chính và quản lý người nước ngoài vi phạm pháp luật Việt Nam trong thời gian làm thủ tục trục xuất. - Nếu chuyển hồ sơ vụ vi phạm để xử phạt vi phạm hành chính theo

NGHỊ ĐỊNH Sửa đổi, bổ sung một số điều của Nghị định số 118/2021/NĐ-CP ngày 23 tháng 12 năm 2021 của Chính phủ quy định chi tiết một số điều (68/2025/NĐ-CP) > Điều 1. Sửa đổi, bổ sung một số điều của Nghị định số 118/2021/NĐ-CP ngày 23 tháng 12 năm 2021 của Chính phủ quy định chi tiết một số điều và biện pháp thi hành Luật Xử lý vi phạm hành chính:
Điều 1. Sửa đổi, bổ sung một số điều của Nghị định số 118/2021/NĐ-CP ngày 23 tháng 12 năm 2021 của Chính phủ quy định chi tiết một số điều và biện pháp thi hành Luật Xử lý vi phạm hành chính 1. Sửa đổi, bổ sung một số khoản của Điều 4 như sau: a) Sửa đổi, bổ sung khoản 2 Điều 4 như sau: “2. Việc quy định hành vi vi phạm hành chính được thực hiện như sau: a) Hành vi vi phạm hành chính, hình thức xử phạt, mức xử phạt, biện pháp khắc phục hậu quả phải được quy định tại nghị định xử phạt vi phạm hành chính trong lĩnh vực quản lý nhà nước tương ứng, phù hợp với tính chất vi phạm của hành vi đó; b) Trường hợp hành vi vi phạm hành chính đã được quy định ở lĩnh vực này nhưng có liên quan đến lĩnh vực khác, thì quy định dẫn chiếu hành vi vi phạm, hình thức xử phạt, mức xử phạt, biện pháp khắc phục hậu quả đã quy định, đồng thời quy định thẩm quyền xử phạt đối với hành vi đó. Nếu do tính chất đặc thù liên quan đến lĩnh vực, địa điểm vi phạm, hậu quả của hành vi và các yếu tố, điều kiện khách quan khác thì có thể quy định hành vi vi phạm, hình thức xử phạt, mức xử phạt, biện pháp khắc phục hậu quả gắn với tính chất đặc thù của hành vi đó.”. b) Bổ sung khoản 5a vào sau khoản 5 Điều 4 như sau: “5a. Đối với hành vi vi phạm hành chính có quy định áp dụng hình thức xử phạt tịch thu tang vật, phương tiện vi phạm hành chính, thì nghị định quy định về xử phạt vi phạm hành chính trong lĩnh vực quản lý nhà nước quy định biện pháp khắc phục hậu quả buộc nộp lại số tiền bằng với giá trị tang vật, phương tiện vi phạm hành chính đã bị tiêu thụ, tẩu tán, tiêu hủy trái quy định của pháp luật, bảo đảm phù","Theo Khoản 4 Điều 4 của Nghị định 68/2025/NĐ-CP, mục số (4) cần ghi đầy đủ tên loại văn bản; số, ký hiệu văn bản; ngày, tháng, năm, ban hành văn bản; tên cơ quan ban hành và tên gọi văn bản (tên của nghị định quy định xử phạt vi phạm hành chính trong lĩnh vực cụ thể). [C1]",17.11701800013543,1035.4497124999398,"[""chunk:nghi-ddinh-68-2025-ndd-cp:khoan-nghi-ddinh-68-2025-ndd-cp-4-4:clause:30041"", ""chunk:nghi-ddinh-68-2025-ndd-cp:dieu-nghi-ddinh-68-2025-ndd-cp-1:article:29858""]","[""chunk:nghi-ddinh-68-2025-ndd-cp:khoan-nghi-ddinh-68-2025-ndd-cp-4-4:clause:30041"", ""chunk:nghi-ddinh-68-2025-ndd-cp:khoan-nghi-ddinh-68-2025-ndd-cp-3-4:sliding:30081"", ""chunk:nghi-ddinh-68-2025-ndd-cp:khoan-nghi-ddinh-68-2025-ndd-cp-4-4:sliding:30042"", ""chunk:nghi-ddinh-68-2025-ndd-cp:khoan-nghi-ddinh-68-2025-ndd-cp-3-4:sliding:30078""]",,0.8343392827290023
q0089,rag,multi_hop_abstract,"Trong các trường hợp được hưởng bảo hiểm xã hội một lần, người lao động đủ tuổi nghỉ hưu theo quy định tại khoản 2 Điều 169 của Bộ luật Lao động nhưng có thời gian đóng bảo hiểm xã hội chưa đủ 15 năm và không tiếp tục tham gia bảo hiểm xã hội có thể lựa chọn hưởng trợ cấp hằng tháng theo quy định tại Điều 23 của Luật Bảo hiểm xã hội không?",1.0,0.5,1.0,0.8824085131423909,0.999999999975,1.0,0.13,"LUẬT Bảo hiểm xã hội (41/2024/QH15) > Chương VI. BẢO HIỂM XÃ HỘI TỰ NGUYỆN > Mục 2. CHẾ ĐỘ HƯU TRÍ > Điều 102. Hưởng bảo hiểm xã hội một lần > Khoản 1:
1. Đối tượng quy định tại khoản 4 Điều 2 của Luật này mà có yêu cầu thì được hưởng bảo hiểm xã hội một lần nếu thuộc một trong các trường hợp sau đây:
a) Đủ tuổi nghỉ hưu theo quy định tại khoản 2 Điều 169 của Bộ luật Lao động nhưng có thời gian đóng bảo hiểm xã hội chưa đủ 15 năm mà không tiếp tục tham gia bảo hiểm xã hội.
Trường hợp người lao động không hưởng bảo hiểm xã hội một lần thì có thể lựa chọn hưởng trợ cấp hằng tháng theo quy định tại Điều 23 của Luật này;
b) Ra nước ngoài để định cư;
c) Người đang mắc một trong những bệnh ung thư, bại liệt, xơ gan mất bù, lao nặng, AIDS;
d) Người có mức suy giảm khả năng lao động từ 81% trở lên; người khuyết tật đặc biệt nặng;
đ) Người lao động có thời gian đóng bảo hiểm xã hội trước ngày Luật này có hiệu lực thi hành, sau 12 tháng không tiếp tục đóng bảo hiểm xã hội mà chưa đủ 20 năm đóng bảo hiểm xã hội.

LUẬT Bảo hiểm xã hội (41/2024/QH15) > Chương III. TRỢ CẤP HƯU TRÍ XÃ HỘI > Điều 23. Chế độ đối với người lao động không đủ điều kiện hưởng lương hưu và chưa đủ tuổi hưởng trợ cấp hưu trí xã hội:
Điều 23. Chế độ đối với người lao động không đủ điều kiện hưởng lương hưu và chưa đủ tuổi hưởng trợ cấp hưu trí xã hội 1. Công dân Việt Nam đủ tuổi nghỉ hưu có thời gian đóng bảo hiểm xã hội nhưng không đủ điều kiện hưởng lương hưu theo quy định của pháp luật và chưa đủ điều kiện hưởng trợ cấp hưu trí xã hội theo quy định tại Điều 21 của Luật này, nếu không hưởng bảo hiểm xã hội một lần và không bảo lưu mà có yêu cầu thì được hưởng trợ cấp hằng tháng từ chính khoản đóng của mình theo quy định tại khoản 2 Điều này. 2. Thời gian hưởng, mức hưởng trợ cấp hằng tháng được xác định căn cứ vào thời gian đóng, căn cứ đóng bảo hiểm xã hội của người lao động. 3. Mức trợ cấp hằng tháng thấp nhất bằng mức trợ cấp hưu trí xã hội hằng tháng quy định tại khoản 1 Điều 22 của Luật này. Trường hợp tổng số tiền tính theo thời gian đóng, căn cứ đóng bảo hiểm xã hội của người lao động cao hơn số tiền tính mức trợ cấp hằng tháng bằng mức trợ cấp hưu trí xã hội tại thời điểm giải quyết hưởng cho khoảng thời gian từ khi đủ tuổi nghỉ hưu đến khi đủ tuổi hưởng trợ cấp hưu trí xã hội thì người lao động được tính để hưởng trợ cấp hằng tháng với mức cao hơn. Trường hợp tổng số tiền tính theo thời gian đóng, căn cứ đóng bảo hiểm xã hội không đủ để người lao động hưởng trợ cấp hằng tháng cho đến khi đủ tuổi hưởng trợ cấp hưu trí xã hội, nếu người lao động có nguyện vọng thì được đóng một lần cho phần còn thiếu để hưởng cho đến khi đủ tuổi hưởng trợ cấp hưu trí xã hội. 4. Mức trợ cấp hằng tháng quy định tại khoản 3 Điều này được áp dụng việc điều chỉnh theo quy định tại Điều 67 của Luật này. 5. Trường hợp người đang","Có. Trong các trường hợp được hưởng bảo hiểm xã hội một lần, người lao động đủ tuổi nghỉ hưu theo quy định tại khoản 2 Điều 169 của Bộ luật Lao động nhưng có thời gian đóng bảo hiểm xã hội chưa đủ 15 năm và không tiếp tục tham gia bảo hiểm xã hội có thể lựa chọn hưởng trợ cấp hằng tháng theo quy định tại Điều 23 của Luật Bảo hiểm xã hội [C1], [C3], [C4].",15.24385099992287,20196.866826500125,"[""chunk:luat-41-2024-qh15:khoan-luat-41-2024-qh15-102-1:clause:11333"", ""chunk:luat-41-2024-qh15:dieu-luat-41-2024-qh15-23:article:10746""]","[""chunk:luat-41-2024-qh15:diem-luat-41-2024-qh15-102-1-a:point:11334"", ""chunk:luat-41-2024-qh15:dieu-luat-41-2024-qh15-23:article:10746"", ""chunk:luat-41-2024-qh15:diem-luat-41-2024-qh15-70-1-a:point:11114"", ""chunk:luat-41-2024-qh15:khoan-luat-41-2024-qh15-102-1:clause:11333""]",,0.8024817026234782
q0090,rag,multi_hop_abstract,"Trường hợp người kháng cáo không làm lại đơn kháng cáo hoặc không sửa đổi, bổ sung đơn kháng cáo mặc dù đã có yêu cầu của Tòa án theo quy định tại khoản 3 Điều 207 của Luật Tố tụng hành chính thì Tòa án có trả lại đơn kháng cáo không?",0.5,0.25,0.75,0.9528320269453336,0.6388888888675925,0.5,0.12,"Luật Tố Tụng Hành Chính (93/2015/QH13) > Chương XIII. THỦ TỤC PHÚC THẨM > Mục 1. QUY ĐỊNH CHUNG VỀ THỦ TỤC PHÚC THẨM > Điều 207. Kiểm tra đơn kháng cáo:
Điều 207. Kiểm tra đơn kháng cáo
1. Sau khi nhận được đơn kháng cáo, Tòa án cấp sơ thẩm phải kiểm tra tính hợp lệ của đơn kháng cáo theo quy định tại Điều 205 của Luật này.
2. Trường hợp đơn kháng cáo quá hạn thì Tòa án cấp sơ thẩm yêu cầu người kháng cáo trình bày rõ lý do và xuất trình tài liệu, chứng cứ (nếu có) để chứng minh cho lý do nộp đơn kháng cáo quá hạn là chính đáng.
3. Trường hợp đơn kháng cáo chưa đúng quy định tại Điều 205 của Luật này thì Tòa án cấp sơ thẩm yêu cầu người kháng cáo làm lại đơn kháng cáo hoặc sửa đổi, bổ sung trong thời hạn 05 ngày làm việc kể từ ngày nhận được yêu cầu của Tòa án.
4. Tòa án trả lại đơn kháng cáo trong các trường hợp sau đây:
a) Người kháng cáo không có quyền kháng cáo;
b) Người kháng cáo không làm lại đơn kháng cáo hoặc không sửa đổi, bổ sung đơn kháng cáo mặc dù đã có yêu cầu của Tòa án theo quy định tại khoản 3 Điều này;
c) Trường hợp quy định tại khoản 2 Điều 209 của Luật này.

Luật Tố Tụng Hành Chính (93/2015/QH13) > Chương XIII. THỦ TỤC PHÚC THẨM > Mục 1. QUY ĐỊNH CHUNG VỀ THỦ TỤC PHÚC THẨM > Điều 205. Đơn kháng cáo:
Điều 205. Đơn kháng cáo 1. Khi thực hiện quyền kháng cáo, người kháng cáo phải làm đơn kháng cáo. Đơn kháng cáo phải có các nội dung chính sau đây: a) Ngày, tháng, năm làm đơn kháng cáo; b) Tên, địa chỉ; số điện thoại, fax, địa chỉ thư điện tử (nếu có) của người kháng cáo; c) Kháng cáo toàn bộ hoặc một phần của bản án, quyết định của Tòa án cấp sơ thẩm chưa có hiệu lực pháp luật; d) Lý do của việc kháng cáo và yêu cầu của người kháng cáo; đ) Chữ ký hoặc điểm chỉ của người kháng cáo. 2. Người kháng cáo là cá nhân có năng lực hành vi tố tụng hành chính đầy đủ có thể tự mình làm đơn kháng cáo. Tại mục tên, địa chỉ của người kháng cáo trong đơn phải ghi họ, tên, địa chỉ của đương sự có kháng cáo; đồng thời ở phần cuối đơn kháng cáo, đương sự đó phải ký tên hoặc điểm chỉ. 3. Người kháng cáo quy định tại khoản 2 Điều này nếu không tự mình kháng cáo thì có thể ủy quyền cho người khác đại diện cho mình kháng cáo. Tại mục tên, địa chỉ của người kháng cáo trong đơn phải ghi họ, tên, địa chỉ của người đại diện theo ủy quyền có kháng cáo; họ, tên, địa chỉ của đương sự ủy quyền kháng cáo và văn bản ủy quyền; đồng thời ở phần cuối đơn kháng cáo, người đại diện theo ủy quyền phải ký tên hoặc điểm chỉ. 4. Người đại diện theo pháp luật của đương sự là cơ quan, tổ chức có thể tự mình làm đơn kháng cáo. Tại mục tên, địa chỉ của người kháng cáo trong đơn phải ghi tên, địa chỉ của đương sự là cơ quan, tổ chức; họ, tên, chức vụ của người đại diện theo pháp luật của đương sự là cơ quan, tổ chức; đồng thời ở phần cuối đơn kháng cáo, người đại diện theo pháp luật phải ký tên và đóng dấu của cơ quan, tổ chức đó, trường","Có. Trường hợp người kháng cáo không làm lại đơn kháng cáo hoặc không sửa đổi, bổ sung đơn kháng cáo mặc dù đã có yêu cầu của Tòa án theo quy định tại khoản 3 Điều 207 của Luật Tố tụng hành chính thì Tòa án sẽ trả lại đơn kháng cáo [C2], [C4].",16.296875000080036,20196.866826500125,"[""chunk:luat-93-2015-qh13:dieu-luat-93-2015-qh13-207:article:19991"", ""chunk:luat-93-2015-qh13:dieu-luat-93-2015-qh13-205:article:19972""]","[""chunk:luat-93-2015-qh13:khoan-luat-93-2015-qh13-207-3:clause:19994"", ""chunk:luat-93-2015-qh13:khoan-luat-93-2015-qh13-207-4:clause:19995"", ""chunk:luat-93-2015-qh13:dieu-luat-93-2015-qh13-207:article:19991"", ""chunk:luat-93-2015-qh13:diem-luat-93-2015-qh13-207-4-b:point:19997""]",,0.5923441831625853
q0091,rag,multi_hop_abstract,"Đối tượng bị áp dụng biện pháp đưa vào cơ sở giáo dục bắt buộc là người thực hiện hành vi xâm phạm tài sản của tổ chức trong nước hoặc nước ngoài; tài sản, sức khoẻ, danh dự, nhân phẩm của công dân, của người nước ngoài; vi phạm trật tự, an toàn xã hội 02 lần trở lên trong 06 tháng nhưng chưa đến mức truy cứu trách nhiệm hình sự, đã bị áp dụng biện pháp giáo dục tại xã, phường, thị trấn hoặc chưa bị áp dụng biện pháp này nhưng không có nơi cư trú ổn định có thời hiệu xử phạt vi phạm hành chính là bao lâu?",0.5,0.25,1.0,0.8817664017957474,0.7499999999625,0.0,0.0,"Luật Xử Lý Vi Phạm Hành Chính (15/2012/QH13) > Điều 6. Thời hiệu xử lý vi phạm hành chính:
Điều 6. Thời hiệu xử lý vi phạm hành chính 1. Thời hiệu xử phạt vi phạm hành chính được quy định như sau: a) Thời hiệu xử phạt vi phạm hành chính là 01 năm, trừ các trường hợp sau: Vi phạm hành chính về kế toán; thủ tục thuế; phí, lệ phí; kinh doanh bảo hiểm; quản lý giá; chứng khoán; sở hữu trí tuệ; xây dựng; bảo vệ nguồn lợi thuỷ sản, hải sản; quản lý rừng, lâm sản; điều tra, quy hoạch, thăm dò, khai thác, sử dụng nguồn tài nguyên nước; thăm dò, khai thác dầu khí và các loại khoáng sản khác; bảo vệ môi trường; năng lượng nguyên tử; quản lý, phát triển nhà và công sở; đất đai; đê điều; báo chí; xuất bản; sản xuất, xuất khẩu, nhập khẩu, kinh doanh hàng hóa; sản xuất, buôn bán hàng cấm, hàng giả; quản lý lao động ngoài nước thì thời hiệu xử phạt vi phạm hành chính là 02 năm. Vi phạm hành chính là hành vi trốn thuế, gian lận thuế, nộp chậm tiền thuế, khai thiếu nghĩa vụ thuế thì thời hiệu xử phạt vi phạm hành chính theo quy định của pháp luật về thuế; b) Thời điểm để tính thời hiệu xử phạt vi phạm hành chính quy định tại điểm a khoản 1 Điều này được quy định như sau: Đối với vi phạm hành chính đã kết thúc thì thời hiệu được tính từ thời điểm chấm dứt hành vi vi phạm. Đối với vi phạm hành chính đang được thực hiện thì thời hiệu được tính từ thời điểm phát hiện hành vi vi phạm; c) Trường hợp xử phạt vi phạm hành chính đối với cá nhân do cơ quan tiến hành tố tụng chuyển đến thì thời hiệu được áp dụng theo quy định tại điểm a và điểm b khoản này. Thời gian cơ quan tiến hành tố tụng thụ lý, xem xét được tính vào thời hiệu xử phạt vi phạm hành chính. d) Trong thời hạn được quy định tại điểm a và điểm b khoản này mà cá nhân,

Luật Xử Lý Vi Phạm Hành Chính (15/2012/QH13) > Chương I. CÁC HÌNH THỨC XỬ PHẠT > Điều 94. Đối tượng áp dụng biện pháp đưa vào cơ sở giáo dục bắt buộc > Khoản 1:
1. Đối tượng bị áp dụng biện pháp đưa vào cơ sở giáo dục bắt buộc là người thực hiện hành vi xâm phạm tài sản của tổ chức trong nước hoặc nước ngoài; tài sản, sức khoẻ, danh dự, nhân phẩm của công dân, của người nước ngoài; vi phạm trật tự, an toàn xã hội 02 lần trở lên trong 06 tháng nhưng chưa đến mức truy cứu trách nhiệm hình sự, đã bị áp dụng biện pháp giáo dục tại xã, phường, thị trấn hoặc chưa bị áp dụng biện pháp này nhưng không có nơi cư trú ổn định.","Thời hiệu áp dụng biện pháp đưa vào cơ sở giáo dục bắt buộc đối với đối tượng nêu trên là 01 năm, kể từ ngày cá nhân thực hiện lần cuối một trong các hành vi vi phạm quy định tại khoản 1 Điều 94 của Luật này [C1], [C2].",16.521621999800118,8024.436248500024,"[""chunk:luat-15-2012-qh13:dieu-luat-15-2012-qh13-6:article:7903"", ""chunk:luat-15-2012-qh13:khoan-luat-15-2012-qh13-94-1:clause:8607""]","[""chunk:luat-15-2012-qh13:diem-luat-15-2012-qh13-6-2-c:point:7914"", ""chunk:luat-15-2012-qh13:khoan-luat-15-2012-qh13-94-1:clause:8607"", ""chunk:luat-15-2012-qh13:dieu-luat-15-2012-qh13-94:article:8606"", ""chunk:luat-15-2012-qh13:khoan-luat-15-2012-qh13-6-2:clause:7911""]",,0.5263532803516495
q0092,rag,multi_hop_abstract,Đối tượng nào được điều chỉnh thu nhập tháng đã đóng bảo hiểm xã hội theo Khoản 2 Điều 4 Nghị định số 134/2015/NĐ-CP?,1.0,0.5,1.0,0.9613142933480642,0.999999999975,1.0,0.4,"Thông Tư Quy Định Mức Điều Chỉnh Tiền Lương Và Thu Nhập Tháng Đã Đóng Bảo Hiểm Xã Hội (35/2018/TT-BLĐTBXH) > Điều 3. Điều chỉnh thu nhập tháng đã đóng bảo hiểm xã hội:
Điều 3. Điều chỉnh thu nhập tháng đã đóng bảo hiểm xã hội
1. Thu nhập tháng đã đóng bảo hiểm xã hội đối với đối tượng quy định tại Khoản 2 Điều 1 Thông tư này được điều chỉnh theo công thức sau:
Thu nhập tháng đóng bảo hiểm xã hội tự nguyện sau điều chỉnh của từng năm | = | Tổng thu nhập tháng đóng bảo hiểm xã hội của từng năm | x | Mức điều chỉnh thu nhập tháng đã đóng bảo hiểm xã hội của năm tương ứng
Trong đó, mức điều chỉnh thu nhập tháng đã đóng bảo hiểm xã hội của năm tương ứng được thực hiện theo Bảng 2 dưới đây:
Bảng 2:
Năm | 2008 | 2009 | 2010 | 2011 | 2012 | 2013
Mức điều chỉnh | 1,86 | 1,74 | 1,59 | 1,34 | 1,23 | 1,15
Năm | 2014 | 2015 | 2016 | 2017 | 2018 | 2019
Mức điều chỉnh | 1,11 | 1,10 | 1,07 | 1,04 | 1,00 | 1,00
2. Đối với người lao động vừa có thời gian đóng bảo hiểm xã hội bắt buộc vừa có thời gian đóng bảo hiểm xã hội tự nguyện thì thu nhập tháng đã đóng bảo hiểm xã hội tự nguyện được điều chỉnh theo quy định tại Khoản 1 Điều này, tiền lương tháng đã đóng bảo hiểm xã hội bắt buộc được điều chỉnh theo quy định tại Điều 10 Nghị định số 115/2015/NĐ-CP và Điều 2 Thông tư này. Mức bình quân tiền lương và thu nhập tháng đã đóng bảo hiểm xã hội làm căn cứ tính hưởng lương hưu, trợ cấp một lần khi nghỉ hưu, bảo hiểm xã hội một lần và trợ cấp tuất một lần được tính theo quy định tại Khoản 4 Điều 11 Nghị định số 115/2015/NĐ-CP và Khoản 4 Điều 5 Nghị định số 134/2015/NĐ-CP.

Thông Tư Quy Định Mức Điều Chỉnh Tiền Lương Và Thu Nhập Tháng Đã Đóng Bảo Hiểm Xã Hội (35/2018/TT-BLĐTBXH) > Điều 1. Đối tượng áp dụng > Khoản 2:
2. Đối tượng điều chỉnh thu nhập tháng đã đóng bảo hiểm xã hội theo quy định tại Khoản 2 Điều 4 Nghị định số 134/2015/NĐ-CP là người tham gia bảo hiểm xã hội tự nguyện hưởng lương hưu, trợ cấp một lần khi nghỉ hưu, bảo hiểm xã hội một lần hoặc bị chết mà thân nhân được hưởng trợ cấp tuất một lần trong thời gian từ ngày 01 tháng 01 năm 2019 đến ngày 31 tháng 12 năm 2019.","Đối tượng được điều chỉnh thu nhập tháng đã đóng bảo hiểm xã hội theo Khoản 2 Điều 4 Nghị định số 134/2015/NĐ-CP là người tham gia bảo hiểm xã hội tự nguyện hưởng lương hưu, trợ cấp một lần khi nghỉ hưu, bảo hiểm xã hội một lần hoặc bị chết mà thân nhân được hưởng trợ cấp tuất một lần trong thời gian từ ngày 01 tháng 01 năm 2019 đến ngày 31 tháng 12 năm 2019 [C1], [C4].",16.4032769998812,8024.436248500024,"[""chunk:thong-tu-35-2018-tt-blddtbxh:dieu-thong-tu-35-2018-tt-blddtbxh-3:article:31416"", ""chunk:thong-tu-35-2018-tt-blddtbxh:khoan-thong-tu-35-2018-tt-blddtbxh-1-2:clause:31411""]","[""chunk:thong-tu-35-2018-tt-blddtbxh:khoan-thong-tu-35-2018-tt-blddtbxh-1-2:clause:31411"", ""chunk:thong-tu-35-2018-tt-blddtbxh:khoan-thong-tu-35-2018-tt-blddtbxh-3-2:clause:31419"", ""chunk:thong-tu-35-2018-tt-blddtbxh:dieu-thong-tu-35-2018-tt-blddtbxh-3:article:31416"", ""chunk:thong-tu-35-2018-tt-blddtbxh:dieu-thong-tu-35-2018-tt-blddtbxh-1:article:31407""]",,0.872262858664613
q0093,rag,multi_hop_abstract,"Khi nào thì người giải quyết tố cáo kịp thời quyết định áp dụng biện pháp bảo vệ theo thẩm quyền hoặc đề nghị, yêu cầu cơ quan có thẩm quyền áp dụng biện pháp bảo vệ cần thiết?",1.0,0.5,,0.9382615037665573,0.9166666666361111,1.0,0.67,"Luật Tố Cáo (25/2018/QH14) > Chương VI. BẢO VỆ NGƯỜI TỐ CÁO > Mục 2. TRÌNH TỰ, THỦ TỤC BẢO VỆ > Điều 51. Xem xét, quyết định bảo vệ người tố cáo:
Điều 51. Xem xét, quyết định bảo vệ người tố cáo
1. Khi nhận được đề nghị áp dụng biện pháp bảo vệ và xét thấy đề nghị bảo vệ là có căn cứ, có tính xác thực hoặc trong quá trình giải quyết tố cáo, người giải quyết tố cáo thấy có căn cứ quy định tại khoản 3 Điều 47 của Luật này thì người giải quyết tố cáo kịp thời quyết định áp dụng biện pháp bảo vệ theo thẩm quyền hoặc đề nghị, yêu cầu cơ quan có thẩm quyền áp dụng biện pháp bảo vệ cần thiết.
2. Khi nhận được yêu cầu hoặc đề nghị của người giải quyết tố cáo, cơ quan có thẩm quyền xem xét, quyết định việc áp dụng biện pháp bảo vệ.
3. Trường hợp đề nghị của người tố cáo không có căn cứ hoặc xét thấy không cần thiết áp dụng biện pháp bảo vệ, cơ quan có thẩm quyền áp dụng biện pháp bảo vệ phải thông báo bằng văn bản và nêu rõ lý do cho người tố cáo hoặc gửi thông báo cho người giải quyết tố cáo để giải thích rõ lý do cho người tố cáo.

Luật Tố Cáo (25/2018/QH14) > Chương VI. BẢO VỆ NGƯỜI TỐ CÁO > Mục 1. QUY ĐỊNH CHUNG > Điều 47. Người được bảo vệ, phạm vi bảo vệ > Khoản 3:
3. Khi có căn cứ về việc vị trí công tác, việc làm, tính mạng, sức khỏe, tài sản, danh dự, nhân phẩm của người quy định tại khoản 1 Điều này đang bị xâm hại hoặc có nguy cơ bị xâm hại ngay tức khắc hay họ bị trù dập, phân biệt đối xử do việc tố cáo, người giải quyết tố cáo, cơ quan khác có thẩm quyền tự quyết định hoặc theo đề nghị của người tố cáo quyết định việc áp dụng biện pháp bảo vệ cần thiết.","Người giải quyết tố cáo kịp thời quyết định áp dụng biện pháp bảo vệ theo thẩm quyền hoặc đề nghị, yêu cầu cơ quan có thẩm quyền áp dụng biện pháp bảo vệ cần thiết khi:
* Nhận được đề nghị áp dụng biện pháp bảo vệ và xét thấy đề nghị bảo vệ là có căn cứ, có tính xác thực [C1].
* Trong quá trình giải quyết tố cáo, người giải quyết tố cáo thấy có căn cứ về việc vị trí công tác, việc làm, tính mạng, sức khỏe, tài sản, danh dự, nhân phẩm của người được bảo vệ đang bị xâm hại hoặc có nguy cơ bị xâm hại ngay tức khắc hay họ bị trù dập, phân biệt đối xử do việc tố cáo [C1], [C2].",16.229957999712497,1680.4319064999618,"[""chunk:luat-25-2018-qh14:dieu-luat-25-2018-qh14-51:article:10069"", ""chunk:luat-25-2018-qh14:khoan-luat-25-2018-qh14-47-3:clause:10042""]","[""chunk:luat-25-2018-qh14:khoan-luat-25-2018-qh14-51-1:clause:10070"", ""chunk:luat-25-2018-qh14:khoan-luat-25-2018-qh14-47-3:clause:10042"", ""chunk:luat-25-2018-qh14:khoan-luat-25-2018-qh14-50-3:clause:10068"", ""chunk:luat-25-2018-qh14:dieu-luat-25-2018-qh14-51:article:10069""]","RuntimeError: Judge không trả được JSON hợp lệ: 1 validation error for NLIStatementOutput
statements
  Field required [type=missing, input_value={'statement': 'Người g... nghị.', 'verdict': 0}, input_type=dict]
    For further information visit https://errors.pydantic.dev/2.12/v/missing",0.881232042600667
q0094,rag,multi_hop_abstract,"Việc xác định thời gian công tác liên tục, thời gian công tác thực tế để tính hưởng bảo hiểm xã hội của người lao động có thời gian công tác gián đoạn hoặc đã nghỉ việc trước ngày 01 tháng 01 năm 1995 được thực hiện theo các văn bản quy định trước đây về tính thời gian công tác trước ngày 01 tháng 01 năm 1995 để hưởng bảo hiểm xã hội, trừ các quy định tại Điều 2 của Nghị định số 158/2025/NĐ-CP?",0.5,0.25,1.0,0.9458939802269951,0.3333333333,0.5,0.71,"NGHỊ ĐỊNH Quy định chi tiết và hướng dẫn thi hành một số điều của Luật Bảo hiểm xã hội về bảo hiểm xã hội bắt buộc (158/2025/NĐ-CP) > Chương VI. QUY ĐỊNH CHUYỂN TIẾP > Điều 34. Tính thời gian công tác trước ngày 01 tháng 01 năm 1995 để hưởng bảo hiểm xã hội > Khoản 1 > Điểm b:
b) Người lao động có thời gian công tác gián đoạn hoặc đã nghỉ việc trước ngày 01 tháng 01 năm 1995 thì việc xác định thời gian công tác liên tục, thời gian công tác thực tế để tính hưởng bảo hiểm xã hội được thực hiện theo các văn bản quy định trước đây về tính thời gian công tác trước ngày 01 tháng 01 năm 1995 để hưởng bảo hiểm xã hội, trừ quy định tại Điều 3 của Nghị định số 66/CP ngày 30 tháng 9 năm 1993 của Chính phủ quy định tạm thời chế độ bảo hiểm xã hội đối với lực lượng vũ trang; Điều 3 của Nghị định số 43/CP ngày 22 tháng 6 năm 1993 của Chính phủ quy định tạm thời chế độ bảo hiểm xã hội; Điều 54 của Điều lệ bảo hiểm xã hội ban hành kèm theo Nghị định số 12/CP ngày 26 tháng 01 năm 1995 của Chính phủ; Điều 49 Điều lệ Bảo hiểm xã hội đối với sỹ quan, quân nhân chuyên nghiệp, hạ sỹ quan, binh sỹ Quân đội nhân dân và Công an nhân dân ban hành kèm theo Nghị định số 45/CP ngày 15 tháng 7 năm 1995 của Chính phủ; khoản4Điều 139 của Luật Bảo hiểm xã hội năm 2006; khoản 6 Điều 123 của Luật Bảo hiểm xã hội năm 2014; Điều 23 của Nghị định số 115/2015/NĐ-CP ngày 11 tháng 11 năm 2015 của Chính phủ quy định chi tiết một số điều của Luật Bảo hiểm xã hội về bảo hiểm xã hội bắt buộc; các khoản 7, 8 và 9 Điều 38 của Nghị định số 33/2023/NĐ-CP ngày 10 tháng 6 năm 2023 của Chính phủ quy định về cán bộ, công chức cấp xã và người hoạt động không chuyên trách ở cấp xã, ở thôn, tổ dân phố; khoản 2 và khoản 3 Điều 16 của Nghị định số 92/2009/NĐ-CP ngày 22 tháng 10 năm 2009 của Chính phủ về chức danh, số lượng, một số chế độ, chính sách đối với cán bộ, công chức ở xã, phường, thị trấn và những người

NGHỊ ĐỊNH Quy định chi tiết và hướng dẫn thi hành một số điều của Luật Bảo hiểm xã hội về bảo hiểm xã hội bắt buộc (158/2025/NĐ-CP) > Chương I. NHỮNG QUY ĐỊNH CHUNG > Điều 2. Đối tượng áp dụng:
Điều 2. Đối tượng áp dụng
1. Người lao động quy định tại các điểm a, b, c, g, h, i, k, l, m và n khoản 1 và khoản 2 Điều 2 của Luật Bảo hiểm xã hội.
2. Người thụ hưởng chế độ bảo hiểm xã hội theo quy định của Luật Bảo hiểm xã hội.
3. Người sử dụng lao động quy định tại khoản 3 Điều 2 của Luật Bảo hiểm xã hội.
4. Cơ quan, tổ chức, cá nhân khác có liên quan đến bảo hiểm xã hội bắt buộc.","Việc xác định thời gian công tác liên tục, thời gian công tác thực tế để tính hưởng bảo hiểm xã hội của người lao động có thời gian công tác gián đoạn hoặc đã nghỉ việc trước ngày 01 tháng 01 năm 1995 được thực hiện theo các văn bản quy định trước đây về tính thời gian công tác trước ngày 01 tháng 01 năm 1995 để hưởng bảo hiểm xã hội [C1], [C2], [C3].

Tuy nhiên, có một số quy định bị loại trừ, bao gồm:
*   Điều 3 của Nghị định số 66/CP ngày 30 tháng 9 năm 1993 của Chính phủ quy định tạm thời chế độ bảo hiểm xã hội đối với lực lượng vũ trang [C1], [C2], [C3].
*   Điều 3 của Nghị định số 43/CP ngày 22 tháng 6 năm 1993 của Chính phủ quy định tạm thời chế độ bảo hiểm xã hội [C1], [C2], [C3].
*   Điều 54 của Điều lệ bảo hiểm xã hội ban hành kèm theo Nghị định số 12/CP ngày 26 tháng 01 năm 1995 của Chính phủ [C1], [C2], [C3].
*   Điều 49 Điều lệ Bảo hiểm xã hội đối với sỹ quan, quân nhân chuyên nghiệp, hạ sỹ quan, binh sỹ Quân đội nhân dân và Công an nhân dân ban hành kèm theo Nghị định số 45/CP ngày 15 tháng 7 năm 1995 của Chính phủ [C1], [C3].
*   Khoản 4 Điều 139 của Luật Bảo hiểm xã hội năm 2006 [C1], [C3].
*   Khoản 6 Điều 123 của Luật Bảo hiểm xã hội năm 2014 [C1].
*   Điều 23 của Nghị định số 115/2015/NĐ-CP ngày 11 tháng 11 năm 2015 của Chính phủ quy định chi tiết một số điều của Luật Bảo hiểm xã hội về bảo hiểm xã hội bắt buộc [C1].
*   Các khoản 7, 8 và 9 Điều 38 của Nghị định số 33/2023/NĐ-CP ngày 10 tháng 6 năm 2023 của Chính phủ quy định về cán bộ, công chức cấp xã và người hoạt động không chuyên trách ở cấp xã, ở thôn, tổ dân phố [C1].
*   Khoản 2 và khoản 3 Điều 16 của Nghị định số 92/2009/NĐ-CP ngày 22 tháng 10 năm 2009 của Chính phủ về chức danh, số lượng, một số chế độ, chính sách đối với cán bộ, công chức ở xã, phường, thị trấn và những người [C1].

Ngữ cảnh không đề cập đến việc loại trừ các quy định tại Điều 2 của Nghị định số 158/2025/NĐ-CP.",17.02356099985991,1680.4319064999618,"[""chunk:nghi-ddinh-158-2025-ndd-cp:diem-nghi-ddinh-158-2025-ndd-cp-34-1-b:point:25919"", ""chunk:nghi-ddinh-158-2025-ndd-cp:dieu-nghi-ddinh-158-2025-ndd-cp-2:article:25617""]","[""chunk:nghi-ddinh-158-2025-ndd-cp:diem-nghi-ddinh-158-2025-ndd-cp-34-1-b:point:25919"", ""chunk:nghi-ddinh-158-2025-ndd-cp:dieu-nghi-ddinh-158-2025-ndd-cp-34:article:25908"", ""chunk:nghi-ddinh-158-2025-ndd-cp:khoan-nghi-ddinh-158-2025-ndd-cp-34-1:clause:25915"", ""chunk:nghi-ddinh-158-2025-ndd-cp:dieu-nghi-ddinh-158-2025-ndd-cp-34:sliding:25913""]",,0.697845462705399
q0095,rag,multi_hop_abstract,Hồ sơ đề nghị hưởng trợ cấp mai táng đối với trường hợp chỉ hưởng trợ cấp mai táng theo quy định tại Điều 112 Luật Bảo hiểm xã hội 2024 bao gồm những giấy tờ gì?,0.5,0.25,1.0,0.9778413798983212,0.8333333332916666,1.0,0.15,"LUẬT Bảo hiểm xã hội (41/2024/QH15) > Chương VI. BẢO HIỂM XÃ HỘI TỰ NGUYỆN > Mục 3. CHẾ ĐỘ TỬ TUẤT > Điều 112. Hồ sơ đề nghị và giải quyết hưởng chế độ tử tuất:
Điều 112. Hồ sơ đề nghị và giải quyết hưởng chế độ tử tuất
1. Hồ sơ đề nghị hưởng chế độ tử tuất được quy định như sau:
a) Hồ sơ đề nghị hưởng chế độ tử tuất đối với thân nhân của người đang tham gia bảo hiểm xã hội hoặc đang bảo lưu thời gian đóng bảo hiểm xã hội được thực hiện theo quy định tại các điểm a, b và c khoản 1 Điều 90 của Luật này;
b) Hồ sơ đề nghị hưởng chế độ tử tuất đối với thân nhân của người đang hưởng hoặc đang tạm dừng hưởng lương hưu thực hiện theo quy định tại điểm a và điểm b khoản 2 Điều 90 của Luật này;
c) Hồ sơ đối với trường hợp chỉ hưởng trợ cấp mai táng thực hiện theo quy định tại khoản 3 Điều 90 của Luật này.
2. Việc giải quyết hưởng chế độ tử tuất thực hiện như sau:
a) Trong thời hạn 90 ngày kể từ ngày người đang bảo lưu thời gian đóng bảo hiểm xã hội, người tham gia bảo hiểm xã hội tự nguyện, người đang hưởng lương hưu hoặc đang tạm dừng hưởng lương hưu chết thì thân nhân nộp hồ sơ cho cơ quan bảo hiểm xã hội;
b) Trong thời hạn 10 ngày làm việc kể từ ngày nhận đủ hồ sơ theo quy định, cơ quan bảo hiểm xã hội có trách nhiệm giải quyết; trường hợp không giải quyết thì phải trả lời bằng văn bản và nêu rõ lý do.

LUẬT Bảo hiểm xã hội (41/2024/QH15) > Chương V. BẢO HIỂM XÃ HỘI BẮT BUỘC > Mục 4. CHẾ ĐỘ TỬ TUẤT > Điều 90. Hồ sơ đề nghị hưởng chế độ tử tuất > Khoản 3:
3. Hồ sơ đề nghị hưởng trợ cấp mai táng đối với trường hợp chỉ hưởng trợ cấp mai táng bao gồm:
a) Sổ bảo hiểm xã hội, trừ trường hợp người đang hưởng lương hưu, trợ cấp hằng tháng;
b) Bản sao giấy chứng tử hoặc trích lục khai tử hoặc bản sao giấy báo tử hoặc bản sao quyết định của Tòa án tuyên bố là đã chết;
c) Tờ khai của tổ chức, cá nhân lo mai táng.","Hồ sơ đề nghị hưởng trợ cấp mai táng đối với trường hợp chỉ hưởng trợ cấp mai táng theo quy định tại Điều 112 Luật Bảo hiểm xã hội 2024 thực hiện theo quy định tại khoản 3 Điều 90 của Luật này [C1], [C2], [C3].

Tuy nhiên, ngữ cảnh được cung cấp không bao gồm nội dung của khoản 3 Điều 90 của Luật Bảo hiểm xã hội 2024. Do đó, không thể xác định cụ thể các giấy tờ có trong hồ sơ này.",16.05394799980786,25534.787964499854,"[""chunk:luat-41-2024-qh15:dieu-luat-41-2024-qh15-112:article:11391"", ""chunk:luat-41-2024-qh15:khoan-luat-41-2024-qh15-90-3:clause:11275""]","[""chunk:luat-41-2024-qh15:diem-luat-41-2024-qh15-112-1-c:point:11395"", ""chunk:luat-41-2024-qh15:khoan-luat-41-2024-qh15-112-1:clause:11392"", ""chunk:luat-41-2024-qh15:dieu-luat-41-2024-qh15-112:article:11391"", ""chunk:luat-58-2014-qh13:dieu-luat-58-2014-qh13-111:article:14679""]",,0.7922349426379975
q0096,rag,multi_hop_abstract,"Việc bảo vệ dữ liệu cá nhân đối với các thông tin sức khỏe và trong hoạt động kinh doanh bảo hiểm có cần sự đồng ý của chủ thể dữ liệu cá nhân trong quá trình thu thập, xử lý dữ liệu cá nhân không?",0.5,0.25,1.0,0.9904362648543493,0.9999999999666667,0.5,0.31,"Luật Bảo Vệ Dữ Liệu Cá Nhân (91/2025/QH15) > Chương II. BẢO VỆ DỮ LIỆU CÁ NHÂN > Mục 2. BẢO VỆ DỮ LIỆU CÁ NHÂN TRONG MỘT SỐ HOẠT ĐỘNG > Điều 26. Bảo vệ dữ liệu cá nhân đối với thông tin sức khỏe và trong hoạt động kinh doanh bảo hiểm > Khoản 1:
1. Việc bảo vệ dữ liệu cá nhân đối với các thông tin sức khỏe và trong hoạt động kinh doanh bảo hiểm được quy định như sau:
a) Phải có sự đồng ý của chủ thể dữ liệu cá nhân trong quá trình thu thập, xử lý dữ liệu cá nhân, trừ trường hợp quy định tại khoản 1 Điều 19 của Luật này;
b) Áp dụng đầy đủ quy định về bảo vệ dữ liệu cá nhân, quy định khác của pháp luật có liên quan.

Luật Bảo Vệ Dữ Liệu Cá Nhân (91/2025/QH15) > Chương II. BẢO VỆ DỮ LIỆU CÁ NHÂN > Mục 1. BẢO VỆ DỮ LIỆU CÁ NHÂN > Điều 19. Xử lý dữ liệu cá nhân trong trường hợp không cần sự đồng ý của chủ thể dữ liệu cá nhân > Khoản 1:
1. Các trường hợp xử lý dữ liệu cá nhân không cần sự đồng ý của chủ thể dữ liệu cá nhân bao gồm:
a) Để bảo vệ tính mạng, sức khỏe, danh dự, nhân phẩm, quyền, lợi ích hợp pháp của chủ thể dữ liệu cá nhân hoặc người khác trong trường hợp cấp bách; bảo vệ quyền hoặc lợi ích chính đáng của mình, của người khác hoặc lợi ích của Nhà nước, của cơ quan tổ chức một cách cần thiết trước hành vi xâm phạm lợi ích nói trên. Bên kiểm soát dữ liệu cá nhân, bên xử lý dữ liệu cá nhân, bên kiểm soát và xử lý dữ liệu cá nhân, bên thứ ba có trách nhiệm chứng minh trường hợp này;
b) Để giải quyết tình trạng khẩn cấp; nguy cơ đe dọa an ninh quốc gia nhưng chưa đến mức ban bố tình trạng khẩn cấp; phòng, chống bạo loạn, khủng bố, phòng, chống tội phạm và vi phạm pháp luật;
c) Phục vụ hoạt động của cơ quan nhà nước, hoạt động quản lý nhà nước theo quy định của pháp luật;
d) Thực hiện thỏa thuận của chủ thể dữ liệu cá nhân với cơ quan, tổ chức, cá nhân có liên quan theo quy định của pháp luật;
đ) Trường hợp khác theo quy định của pháp luật.","Có. Việc bảo vệ dữ liệu cá nhân đối với các thông tin sức khỏe và trong hoạt động kinh doanh bảo hiểm yêu cầu phải có sự đồng ý của chủ thể dữ liệu cá nhân trong quá trình thu thập, xử lý dữ liệu cá nhân, trừ trường hợp quy định tại khoản 1 Điều 19 của Luật này [C1], [C3].",18.12547400004405,25534.787964499854,"[""chunk:luat-91-2025-qh15:khoan-luat-91-2025-qh15-26-1:clause:18712"", ""chunk:luat-91-2025-qh15:khoan-luat-91-2025-qh15-19-1:clause:18638""]","[""chunk:luat-91-2025-qh15:khoan-luat-91-2025-qh15-26-1:clause:18712"", ""chunk:luat-91-2025-qh15:dieu-luat-91-2025-qh15-26:article:18711"", ""chunk:luat-91-2025-qh15:diem-luat-91-2025-qh15-26-1-a:point:18713"", ""chunk:luat-91-2025-qh15:khoan-luat-91-2025-qh15-26-2:clause:18715""]",,0.7600872529642032
q0097,rag,multi_hop_abstract,"Người lao động là công dân nước ngoài làm việc tại Việt Nam được hưởng bảo hiểm xã hội một lần khi chấm dứt hợp đồng lao động hoặc giấy phép lao động, chứng chỉ hành nghề, giấy phép hành nghề hết hiệu lực mà không được gia hạn?",0.5,0.25,1.0,0.9364681770553767,0.3333333333,1.0,0.33,"Nghị Định Quy Định Chi Tiết Luật Bảo Hiểm Xã Hội Và Luật An Toàn, Vệ Sinh Lao Động Về Bảo Hiểm Xã Hội Bắt Buộc Đối Với Người Lao Động Là Công Dân Nước Ngoài Làm Việc Tại Việt Nam (143/2018/NĐ-CP) > Chương II. CÁC CHẾ ĐỘ BẢO HIỂM XÃ HỘI BẮT BUỘC > Điều 9. Chế độ hưu trí > Khoản 6:
6. Các trường hợp hưởng bảo hiểm xã hội một lần
Người lao động quy định tại khoản 1 Điều 2 của Nghị định này mà có yêu cầu thì được hưởng bảo hiểm xã hội một lần nếu thuộc một trong các trường hợp sau đây:
a) Đủ tuổi hưởng lương hưu theo quy định tại khoản 1 Điều này mà chưa đủ 20 năm đóng bảo hiểm xã hội;
b) Người đang bị mắc một trong những bệnh nguy hiểm đến tính mạng như ung thư, bại liệt, xơ gan cổ chướng, phong, lao nặng, nhiễm HIV đã chuyển sang giai đoạn AIDS và những bệnh khác theo quy định của Bộ Y tế;
c) Người lao động đủ điều kiện hưởng lương hưu theo quy định tại khoản 1 Điều này nhưng không tiếp tục cư trú tại Việt Nam;
d) Người lao động khi chấm dứt hợp đồng lao động hoặc giấy phép lao động, chứng chỉ hành nghề, giấy phép hành nghề hết hiệu lực mà không được gia hạn.

Nghị Định Quy Định Chi Tiết Luật Bảo Hiểm Xã Hội Và Luật An Toàn, Vệ Sinh Lao Động Về Bảo Hiểm Xã Hội Bắt Buộc Đối Với Người Lao Động Là Công Dân Nước Ngoài Làm Việc Tại Việt Nam (143/2018/NĐ-CP) > Chương I. QUY ĐỊNH CHUNG > Điều 2. Đối tượng áp dụng > Khoản 1:
1. Người lao động là công dân nước ngoài làm việc tại Việt Nam thuộc đối tượng tham gia bảo hiểm xã hội bắt buộc khi có giấy phép lao động hoặc chứng chỉ hành nghề hoặc giấy phép hành nghề do cơ quan có thẩm quyền của Việt Nam cấp và có hợp đồng lao động không xác định thời hạn, hợp đồng lao động xác định thời hạn từ đủ 01 năm trở lên với người sử dụng lao động tại Việt Nam.","Có, người lao động là công dân nước ngoài làm việc tại Việt Nam được hưởng bảo hiểm xã hội một lần khi chấm dứt hợp đồng lao động hoặc giấy phép lao động, chứng chỉ hành nghề, giấy phép hành nghề hết hiệu lực mà không được gia hạn [C1], [C3].

Cụ thể, trong thời hạn 10 ngày tính đến thời điểm chấm dứt hợp đồng lao động hoặc thời điểm giấy phép lao động, chứng chỉ hành nghề, giấy phép hành nghề hết hiệu lực (tùy thuộc điều kiện nào đến trước) mà người lao động không tiếp tục làm việc theo hợp đồng lao động hoặc không được gia hạn giấy phép, người lao động có yêu cầu hưởng bảo hiểm xã hội một lần nộp hồ sơ theo quy định cho cơ quan bảo hiểm xã hội [C1].",15.530673999819555,1118.7683685000138,"[""chunk:nghi-ddinh-143-2018-ndd-cp:khoan-nghi-ddinh-143-2018-ndd-cp-9-6:clause:24102"", ""chunk:nghi-ddinh-143-2018-ndd-cp:khoan-nghi-ddinh-143-2018-ndd-cp-2-1:clause:24041""]","[""chunk:nghi-ddinh-143-2018-ndd-cp:khoan-nghi-ddinh-143-2018-ndd-cp-15-3:clause:24143"", ""chunk:nghi-ddinh-143-2018-ndd-cp:dieu-nghi-ddinh-143-2018-ndd-cp-15:article:24140"", ""chunk:nghi-ddinh-143-2018-ndd-cp:diem-nghi-ddinh-143-2018-ndd-cp-9-6-d:point:24106"", ""chunk:nghi-ddinh-143-2018-ndd-cp:khoan-nghi-ddinh-143-2018-ndd-cp-2-1:clause:24041""]",,0.7199603020710754
q0098,rag,multi_hop_abstract,Chủ tịch Ủy ban nhân dân cấp xã có quyền phạt tiền tối đa bao nhiêu đối với lĩnh vực hôn nhân và gia đình?,0.5,0.25,0.3333333333333333,0.0,0.499999999975,1.0,0.0,"Luật Xử Lý Vi Phạm Hành Chính (15/2012/QH13) > Chương II. THẨM QUYỀN XỬ PHẠT VI PHẠM HÀNH CHÍNH > Điều 38. Thẩm quyền của Chủ tịch Ủy ban nhân dân > Khoản 1:
1. Chủ tịch Uỷ ban nhân dân cấp xã có quyền:
a) Phạt cảnh cáo;
b) Phạt tiền đến 10% mức tiền phạt tối đa đối với lĩnh vực tương ứng quy định tại Điều 24 của Luật này nhưng không quá 5.000.000 đồng;
c) Tịch thu tang vật, phương tiện vi phạm hành chính có giá trị không vượt quá mức xử phạt tiền được quy định tại điểm b khoản này;
d) Áp dụng biện pháp khắc phục hậu quả quy định tại các điểm a, b, c và đ khoản 1 Điều 28 của Luật này.

Luật Xử Lý Vi Phạm Hành Chính (15/2012/QH13) > Chương I. CÁC HÌNH THỨC XỬ PHẠT > Mục 1. CÁC HÌNH THỨC XỬ PHẠT > Điều 24. Mức phạt tiền tối đa trong các lĩnh vực:
Điều 24. Mức phạt tiền tối đa trong các lĩnh vực 1. Mức phạt tiền tối đa trong các lĩnh vực quản lý nhà nước đối với cá nhân được quy định như sau: a) Phạt tiền đến 30.000.000 đồng: hôn nhân và gia đình; bình đẳng giới; bạo lực gia đình; lưu trữ; tôn giáo; thi đua khen thưởng; hành chính tư pháp; dân số; vệ sinh môi trường; thống kê; b) Phạt tiền đến 40.000.000 đồng: an ninh trật tự, an toàn xã hội; phòng, chống tệ nạn xã hội; thi hành án dân sự; phá sản doanh nghiệp, hợp tác xã; giao thông đường bộ; giao dịch điện tử; bưu chính; c) Phạt tiền đến 50.000.000 đồng: phòng cháy, chữa cháy; cơ yếu; quản lý và bảo vệ biên giới quốc gia; bổ trợ tư pháp; y tế dự phòng; phòng, chống HIV/AIDS; giáo dục; văn hóa; thể thao; du lịch; quản lý khoa học, công nghệ; chuyển giao công nghệ; bảo vệ, chăm sóc trẻ em; bảo trợ, cứu trợ xã hội; phòng chống thiên tai; bảo vệ và kiểm dịch thực vật; quản lý và bảo tồn nguồn gen; sản xuất, kinh doanh giống vật nuôi, cây trồng; thú y; kế toán; kiểm toán độc lập; phí, lệ phí; quản lý tài sản công; hóa đơn; dự trữ quốc gia; điện lực; hóa chất; khí tượng thủy văn; đo đạc bản đồ; đăng ký kinh doanh; d) Phạt tiền đến 75.000.000 đồng: quốc phòng, an ninh quốc gia; lao động; dạy nghề; giao thông đường sắt; giao thông đường thủy nội địa; bảo hiểm y tế; bảo hiểm xã hội; đ) Phạt tiền đến 100.000.000 đồng: quản lý công trình thuỷ lợi; đê điều; khám bệnh, chữa bệnh; mỹ phẩm; dược, trang thiết bị y tế; sản xuất, kinh doanh thức ăn chăn nuôi, phân bón; quảng cáo; đặt cược và trò chơi có thưởng; quản lý lao động ngoài nước; giao thông hàng hải; giao thông hàng không dân dụng; quản lý và bảo vệ công trình giao thông; công nghệ thông tin; viễn thông; tần số vô tuyến điện; báo chí; xuất bản;","Ngữ cảnh được cung cấp không đủ để xác định Chủ tịch Ủy ban nhân dân cấp xã có quyền phạt tiền tối đa bao nhiêu đối với lĩnh vực hôn nhân và gia đình. Các ngữ cảnh [C1], [C2], [C3], [C4] chỉ đề cập đến thẩm quyền xử phạt trong lĩnh vực lao động, bảo hiểm xã hội, người lao động Việt Nam đi làm việc ở nước ngoài theo hợp đồng, hoặc quy định chung về mức phạt tiền tối đa nhưng không nêu cụ thể mức phạt cho lĩnh vực hôn nhân và gia đình.",20.929067999986728,1118.7683685000138,"[""chunk:luat-15-2012-qh13:khoan-luat-15-2012-qh13-38-1:clause:8085"", ""chunk:luat-15-2012-qh13:dieu-luat-15-2012-qh13-24:article:8030""]","[""chunk:nghi-ddinh-283-2026-ndd-cp:dieu-nghi-ddinh-283-2026-ndd-cp-55:article:27842"", ""chunk:luat-15-2012-qh13:khoan-luat-15-2012-qh13-38-1:clause:8085"", ""chunk:nghi-ddinh-283-2026-ndd-cp:khoan-nghi-ddinh-283-2026-ndd-cp-55-1:clause:27843"", ""chunk:luat-15-2012-qh13:dieu-luat-15-2012-qh13-38:article:8084""]",,0.36666666666166664
q0099,rag,multi_hop_abstract,"Cán bộ, công chức không được làm những việc nào liên quan đến đạo đức công vụ ngoài những việc không được làm quy định tại Luật phòng, chống tham nhũng và Luật thực hành tiết kiệm, chống lãng phí?",0.5,0.25,,0.9621437775052516,0.0,0.5,0.47,"Luật Cán Bộ, Công Chức Của Quốc Hội Khóa Xii, Kỳ Họp Thứ Tư (22/2008/QH12) > Chương II. NGHĨA VỤ, QUYỀN CỦA CÁN BỘ, CÔNG CHỨC > Mục 4. NHỮNG VIỆC CÁN BỘ, CÔNG CHỨC KHÔNG ĐƯỢC LÀM > Điều 20. Những việc khác cán bộ, công chức không được làm:
Điều 20. Những việc khác cán bộ, công chức không được làm
Ngoài những việc không được làm quy định tại Điều 18 và Điều 19 của Luật này, cán bộ, công chức còn không được làm những việc liên quan đến sản xuất, kinh doanh, công tác nhân sự quy định tại Luật phòng, chống tham nhũng, Luật thực hành tiết kiệm, chống lãng phí và những việc khác theo quy định của pháp luật và của cơ quan có thẩm quyền.

Luật Cán Bộ, Công Chức Của Quốc Hội Khóa Xii, Kỳ Họp Thứ Tư (22/2008/QH12) > Chương II. NGHĨA VỤ, QUYỀN CỦA CÁN BỘ, CÔNG CHỨC > Mục 4. NHỮNG VIỆC CÁN BỘ, CÔNG CHỨC KHÔNG ĐƯỢC LÀM > Điều 18. Những việc cán bộ, công chức không được làm liên quan đến đạo đức công vụ:
Điều 18. Những việc cán bộ, công chức không được làm liên quan đến đạo đức công vụ
1. Trốn tránh trách nhiệm, thoái thác nhiệm vụ được giao; gây bè phái, mất đoàn kết; tự ý bỏ việc hoặc tham gia đình công.
2. Sử dụng tài sản của Nhà nước và của nhân dân trái pháp luật.
3. Lợi dụng, lạm dụng nhiệm vụ, quyền hạn; sử dụng thông tin liên quan đến công vụ để vụ lợi.
4. Phân biệt đối xử dân tộc, nam nữ, thành phần xã hội, tín ngưỡng, tôn giáo dưới mọi hình thức.","Ngoài những việc không được làm quy định tại Luật phòng, chống tham nhũng và Luật thực hành tiết kiệm, chống lãng phí, cán bộ, công chức không được làm những việc sau đây liên quan đến đạo đức công vụ:

*   Trốn tránh, thoái thác, né tránh, đùn đẩy trong việc thực hiện chức trách, nhiệm vụ được giao; gây bè phái, mất đoàn kết; tự ý nghỉ việc, bỏ việc; tham gia đình công; đăng tải, phát tán, phát ngôn thông tin sai lệch làm ảnh hưởng đến hình ảnh, uy tín của đất nước, địa phương, cơ quan, tổ chức, đơn vị nơi công tác [C3].
*   Có hành vi tham ô, tham nhũng, tiêu cực, lãng phí, trục lợi, nhũng nhiễu và các hành vi khác vi phạm pháp luật đối với người dân, doanh nghiệp, cơ quan, tổ chức, cá nhân khác có liên quan trong quá trình thực hiện nhiệm vụ [C3].
*   Sử dụng tài sản công của Nhà nước và tài sản của Nhân dân trái pháp luật [C3].
*   Lợi dụng, lạm dụng nhiệm vụ, quyền hạn, sử dụng thông tin liên quan đến công vụ để trục lợi [C3].
*   Có hành vi phân biệt đối xử dân tộc, giới tính, độ tuổi, khuyết tật, tôn giáo, tín ngưỡng, thành phần xã hội dưới mọi hình thức trong thi hành công vụ [C3].
*   Những việc không được làm liên quan đến sản xuất, kinh doanh, công tác nhân sự theo quy định của pháp luật về bảo vệ bí mật nhà nước và những việc khác theo quy định của pháp luật và của cấp có thẩm quyền trong thời gian công tác và sau khi thôi việc, nghỉ hưu [C1], [C3].",16.065481000168802,1269.2405469999812,"[""chunk:luat-22-2008-qh12:dieu-luat-22-2008-qh12-20:article:8986"", ""chunk:luat-22-2008-qh12:dieu-luat-22-2008-qh12-18:article:8977""]","[""chunk:luat-80-2025-qh15:khoan-luat-80-2025-qh15-14-6:clause:17407"", ""chunk:luat-22-2008-qh12:dieu-luat-22-2008-qh12-20:article:8986"", ""chunk:luat-80-2025-qh15:dieu-luat-80-2025-qh15-14:article:17401"", ""chunk:luat-58-2010-qh12:khoan-luat-58-2010-qh12-19-6:clause:13731""]","RuntimeError: Judge không trả được JSON hợp lệ: 1 validation error for NLIStatementOutput
statements
  Field required [type=missing, input_value={'statement': 'Cán bộ,...c làm.', 'verdict': 1}, input_type=dict]
    For further information visit https://errors.pydantic.dev/2.12/v/missing",0.48303594437631286
q0100,rag,multi_hop_abstract,Người sử dụng lao động có phải xác định nhu cầu sử dụng người lao động nước ngoài không nếu người lao động nước ngoài đó là người quản lý doanh nghiệp theo quy định tại khoản 24 Điều 4 Luật Doanh nghiệp?,0.5,0.25,1.0,0.0,0.0,0.5,0.14,"NGHỊ ĐỊNH Quy định về người lao động nước ngoài làm việc tại Việt Nam và tuyển dụng, quản lý người lao động Việt Nam làm việc cho tổ chức, cá nhân nước ngoài tại Việt Nam (152/2020/NĐ-CP) > Chương I. NHỮNG QUY ĐỊNH CHUNG > Điều 3. Giải thích từ ngữ:
Điều 3. Giải thích từ ngữ 1. Người lao động nước ngoài di chuyển trong nội bộ doanh nghiệp là nhà quản lý, giám đốc điều hành, chuyên gia và lao động kỹ thuật của một doanh nghiệp nước ngoài đã thành lập hiện diện thương mại trên lãnh thổ Việt Nam, di chuyển tạm thời trong nội bộ doanh nghiệp sang hiện diện thương mại trên lãnh thổ Việt Nam và đã được doanh nghiệp nước ngoài tuyển dụng trước đó ít nhất 12 tháng liên tục. 2. Tình nguyện viên là người lao động nước ngoài làm việc tại Việt Nam theo hình thức tự nguyện và không hưởng lương để thực hiện điều ước quốc tế mà nước Cộng hòa xã hội chủ nghĩa Việt Nam là thành viên và có xác nhận của cơ quan đại diện ngoại giao nước ngoài hoặc tổ chức quốc tế tại Việt Nam. 3. Chuyên gia là người lao động nước ngoài thuộc một trong các trường hợp sau đây: a) Có bằng đại học trở lên hoặc tương đương và có ít nhất 3 năm kinh nghiệm làm việc trong chuyên ngành được đào tạo phù hợp với vị trí công việc mà người lao động nước ngoài dự kiến làm việc tại Việt Nam; b) Có ít nhất 5 năm kinh nghiệm và có chứng chỉ hành nghề phù hợp với vị trí công việc mà người lao động nước ngoài dự kiến làm việc tại Việt Nam; c) Trường hợp đặc biệt do Thủ tướng Chính phủ quyết định theo đề nghị của Bộ Lao động - Thương binh và Xã hội. 4. Nhà quản lý là người quản lý doanh nghiệp theo quy định tại khoản 24 Điều 4 Luật Doanh nghiệp hoặc là người đứng đầu, cấp phó của người đứng đầu của cơ quan, tổ chức. 5. Giám đốc điều hành là người đứng đầu và trực tiếp điều hành đơn vị trực thuộc cơ quan, tổ chức, doanh nghiệp. 6. Lao động kỹ thuật là người lao động nước ngoài thuộc một trong các trường hợp sau đây: a) Được đào tạo chuyên

NGHỊ ĐỊNH Quy định về người lao động nước ngoài làm việc tại Việt Nam và tuyển dụng, quản lý người lao động Việt Nam làm việc cho tổ chức, cá nhân nước ngoài tại Việt Nam (152/2020/NĐ-CP) > Chương II. CHẤP THUẬN NHU CẦU SỬ DỤNG NGƯỜI LAO ĐỘNG NƯỚC NGOÀI; NGƯỜI LAO ĐỘNG NƯỚC NGOÀI KHÔNG THUỘC DIỆN CẤP GIẤY PHÉP LAO ĐỘNG; CẤP, CẤP LẠI, GIA HẠN VÀ THU HỒI GIẤY PHÉP LAO ĐỘNG > Mục 1. CHẤP THUẬN NHU CẦU SỬ DỤNG NGƯỜI LAO ĐỘNG NƯỚC NGOÀI > Điều 4. Sử dụng người lao động nước ngoài:
Điều 4. Sử dụng người lao động nước ngoài 1. Xác định nhu cầu sử dụng người lao động nước ngoài a) Trước ít nhất 30 ngày kể từ ngày dự kiến sử dụng người lao động nước ngoài, người sử dụng lao động (trừ nhà thầu) có trách nhiệm xác định nhu cầu sử dụng người lao động nước ngoài đối với từng vị trí công việc mà người lao động Việt Nam chưa đáp ứng được và báo cáo giải trình với Bộ Lao động - Thương binh và Xã hội hoặc Ủy ban nhân dân tỉnh, thành phố trực thuộc trung ương (sau đây viết tắt là Ủy ban nhân dân cấp tỉnh) nơi người lao động nước ngoài dự kiến làm việc theo Mẫu số 01/PLI Phụ lục I ban hành kèm theo Nghị định này. Trong quá trình thực hiện nếu thay đổi nhu cầu sử dụng người lao động nước ngoài thì người sử dụng lao động phải báo cáo Bộ Lao động - Thương binh và Xã hội hoặc Ủy ban nhân dân cấp tỉnh theo mẫu số 02/PLI Phụ lục I ban hành kèm theo Nghị định này trước ít nhất 30 ngày kể từ ngày dự kiến sử dụng người lao động nước ngoài. b) Trường hợp người lao động nước ngoài quy định tại các khoản 3, 4 và 5 Điều 154 của Bộ luật Lao động và các khoản 1, 2, 8, 9, 10, 11, 12 và 13 Điều 7 Nghị định này thì người sử dụng lao động không phải thực hiện xác định nhu cầu sử dụng người lao động nước ngoài. 2. Bộ Lao động - Thương binh và Xã hội hoặc Ủy ban nhân dân cấp tỉnh có văn bản chấp thuận hoặc không chấp thuận về việc sử dụng người lao động nước ngoài đối với từng vị trí công việc theo Mẫu số 03/PLI Phụ lục I ban hành kèm theo Nghị định này trong thời hạn 10 ngày làm việc kể từ ngày nhận được báo cáo giải trình hoặc báo cáo giải trình thay đổi nhu cầu sử dụng người lao","Người sử dụng lao động **không phải** xác định nhu cầu sử dụng người lao động nước ngoài nếu người lao động nước ngoài đó thuộc các trường hợp được quy định tại khoản 3, 4 và 5 Điều 154 của Bộ luật Lao động và các khoản 1, 2, 8, 9, 10, 11, 12 và 13 Điều 7 Nghị định 152/2020/NĐ-CP [C1], [C2], [C3].

Trong trường hợp người lao động nước ngoài là người quản lý doanh nghiệp theo quy định tại khoản 24 Điều 4 Luật Doanh nghiệp, ngữ cảnh được cung cấp không đủ để xác định liệu người này có thuộc các trường hợp được miễn xác định nhu cầu sử dụng người lao động nước ngoài hay không. Do đó, không thể kết luận chính xác về việc người sử dụng lao động có phải xác định nhu cầu sử dụng người lao động nước ngoài trong trường hợp này hay không.",17.015162000006967,1269.2405469999812,"[""chunk:nghi-ddinh-152-2020-ndd-cp:dieu-nghi-ddinh-152-2020-ndd-cp-3:article:25275"", ""chunk:nghi-ddinh-152-2020-ndd-cp:dieu-nghi-ddinh-152-2020-ndd-cp-4:article:25293""]","[""chunk:nghi-ddinh-152-2020-ndd-cp:dieu-nghi-ddinh-152-2020-ndd-cp-4:article:25293"", ""chunk:nghi-ddinh-152-2020-ndd-cp:khoan-nghi-ddinh-152-2020-ndd-cp-4-1:clause:25304"", ""chunk:nghi-ddinh-152-2020-ndd-cp:diem-nghi-ddinh-152-2020-ndd-cp-4-1-b:point:25306"", ""chunk:nghi-ddinh-152-2020-ndd-cp:diem-nghi-ddinh-152-2020-ndd-cp-4-1-a:point:25305""]",,0.328
q0001,lightrag,single_hop_specific,"Người khiếu nại có quyền yêu cầu cá nhân, cơ quan, tổ chức có liên quan đang lưu giữ, quản lý thông tin, tài liệu liên quan tới nội dung khiếu nại cung cấp nội dung thông tin, tài liệu đó cho mình trong thời hạn bao lâu?",0.0,0.0,1.0,0.9708385682650901,0.4166666666458333,1.0,0.48,"Nghị Định Quy Định Về Giải Quyết Khiếu Nại, Tố Cáo Trong Lĩnh Vực Lao Động, Giáo Dục Nghề Nghiệp, Hoạt Động Đưa Người Lao Động Việt Nam Đi Làm Việc Ở Nước Ngoài Theo Hợp Đồng, Việc Làm, An Toàn, Vệ Sinh Lao Động (24/2018/NĐ-CP) > Chương II. KHIẾU NẠI VÀ GIẢI QUYẾT KHIẾU NẠI > Mục 2. QUYỀN, NGHĨA VỤ CỦA NGƯỜI KHIẾU NẠI, NGƯỜI BỊ KHIẾU NẠI, NGƯỜI GIẢI QUYẾT KHIẾU NẠI, LUẬT SƯ, TRỢ GIÚP VIÊN PHÁP LÝ VÀ NGƯỜI THAM GIA TRỢ GIÚP PHÁP LÝ > Điều 10. Quyền, nghĩa vụ của người khiếu nại > Khoản 1:
1. Người khiếu nại có quyền sau đây:
a) Tự mình khiếu nại hoặc ủy quyền cho người khác khiếu nại;
b) Tham gia đối thoại hoặc ủy quyền cho người đại diện hợp pháp tham gia đối thoại;
c) Được biết, đọc, sao chụp, sao chép tài liệu, chứng cứ do người giải quyết khiếu nại thu thập để giải quyết khiếu nại; trừ thông tin, tài liệu thuộc bí mật nhà nước hoặc bí mật của người bị khiếu nại theo quy định của pháp luật;
d) Yêu cầu cá nhân, cơ quan, tổ chức có liên quan đang lưu giữ, quản lý thông tin, tài liệu liên quan tới nội dung khiếu nại cung cấp nội dung thông tin, tài liệu đó cho mình trong thời hạn 05 ngày làm việc, kể từ ngày có yêu cầu và giao cho người giải quyết khiếu nại để giải quyết khiếu nại; trừ thông tin, tài liệu thuộc bí mật nhà nước hoặc bí mật của người bị khiếu nại theo quy định của pháp luật;
đ) Yêu cầu người giải quyết khiếu nại áp dụng biện pháp khẩn cấp để ngăn chặn hậu quả có thể xảy ra do việc thi hành quyết định, hành vi bị khiếu nại;
e) Đưa ra chứng cứ về việc khiếu nại và giải trình ý kiến của mình về chứng cứ đó;
g) Được khôi phục quyền, lợi ích hợp pháp đã bị xâm hại do việc thi hành quyết định, hành vi bị khiếu nại;
h) Được bồi thường thiệt hại theo quy định của pháp luật;
i) Rút khiếu nại theo quy định tại Điều 8 Nghị định này;
k) Khiếu nại lần hai;
l) Khởi kiện vụ án tại Tòa án theo quy định tại khoản 2 Điều này.","Người khiếu nại có quyền yêu cầu cá nhân, cơ quan, tổ chức có liên quan đang lưu giữ, quản lý thông tin, tài liệu liên quan tới nội dung khiếu nại cung cấp nội dung thông tin, tài liệu đó cho mình trong thời hạn:
*   **07 ngày**, kể từ ngày có yêu cầu để giao nộp cho người giải quyết khiếu nại, trừ thông tin, tài liệu thuộc bí mật nhà nước [C1].
*   Trong lĩnh vực lao động, giáo dục nghề nghiệp, hoạt động đưa người lao động Việt Nam đi làm việc ở nước ngoài theo hợp đồng, việc làm, an toàn, vệ sinh lao động, thời hạn này là **05 ngày làm việc**, kể từ ngày có yêu cầu và giao cho người giải quyết khiếu nại để giải quyết khiếu nại; trừ thông tin, tài liệu thuộc bí mật nhà nước hoặc bí mật của người bị khiếu nại theo quy định của pháp luật [C3].",170.45571900007417,811.8480950001867,"[""chunk:nghi-ddinh-24-2018-ndd-cp:khoan-nghi-ddinh-24-2018-ndd-cp-10-1:clause:26259""]","[""chunk:luat-02-2011-qh13:diem-luat-02-2011-qh13-12-1-dd:point:5993"", ""chunk:luat-02-2011-qh13:diem-luat-02-2011-qh13-13-1-c:point:6010"", ""chunk:nghi-ddinh-24-2018-ndd-cp:diem-nghi-ddinh-24-2018-ndd-cp-10-1-d:point:26263"", ""chunk:nghi-ddinh-24-2018-ndd-cp:diem-nghi-ddinh-24-2018-ndd-cp-11-1-c:point:26283""]",,0.7735010469821847
q0002,lightrag,single_hop_specific,Giáo dục mẫu giáo phải tạo điều kiện cho trẻ em được làm gì?,1.0,0.25,1.0,0.9869684208064551,0.6388888888675925,1.0,0.24,"Luật Giáo Dục (43/2019/QH14) > Chương II. HỆ THỐNG GIÁO DỤC QUỐC DÂN > Mục 1. CÁC CẤP HỌC VÀ TRÌNH ĐỘ ĐÀO TẠO > Điều 24. Yêu cầu về nội dung, phương pháp giáo dục mầm non:
Điều 24. Yêu cầu về nội dung, phương pháp giáo dục mầm non
1. Nội dung giáo dục mầm non phải bảo đảm phù hợp với sự phát triển tâm sinh lý của trẻ em; hài hòa giữa bảo vệ, chăm sóc, nuôi dưỡng với giáo dục trẻ em; phát triển toàn diện về thể chất, tình cảm, kỹ năng xã hội, trí tuệ, thẩm mỹ; tôn trọng sự khác biệt; phù hợp với các độ tuổi và liên thông với giáo dục tiểu học.
2. Phương pháp giáo dục mầm non được quy định như sau:
a) Giáo dục nhà trẻ phải tạo điều kiện thuận lợi cho trẻ em được tích cực hoạt động, vui chơi, tạo sự gắn bó giữa người lớn với trẻ em; kích thích sự phát triển các giác quan, cảm xúc và các chức năng tâm sinh lý;
b) Giáo dục mẫu giáo phải tạo điều kiện cho trẻ em được vui chơi, trải nghiệm, tìm tòi, khám phá môi trường xung quanh bằng nhiều hình thức, đáp ứng nhu cầu, hứng thú của trẻ em.","Giáo dục mẫu giáo phải tạo điều kiện cho trẻ em được vui chơi, trải nghiệm, tìm tòi, khám phá môi trường xung quanh bằng nhiều hình thức, đáp ứng nhu cầu, hứng thú của trẻ em. [C2], [C3], [C4]",94.11425799999051,811.8480950001867,"[""chunk:luat-43-2019-qh14:dieu-luat-43-2019-qh14-24:article:11711""]","[""chunk:nghi-ddinh-145-2020-ndd-cp:dieu-nghi-ddinh-145-2020-ndd-cp-77:article:24798"", ""chunk:luat-43-2019-qh14:khoan-luat-43-2019-qh14-24-2:clause:11713"", ""chunk:luat-43-2019-qh14:diem-luat-43-2019-qh14-24-2-b:point:11715"", ""chunk:luat-43-2019-qh14:dieu-luat-43-2019-qh14-24:article:11711""]",,0.7731714619348095
q0003,lightrag,single_hop_specific,Thông tin đăng ký lao động theo Nghị định 318/2025/NĐ-CP gồm những nhóm thông tin nào?,1.0,0.25,1.0,0.9970119320528535,0.5833333333041666,1.0,1.0,"NGHỊ ĐỊNH Quy định chi tiết một số điều của Luật Việc làm về đăng ký lao động và hệ thống thông tin thị trường lao động (318/2025/NĐ-CP) > Chương II. ĐĂNG KÝ LAO ĐỘNG > Mục 1. HỒ SƠ, TRÌNH TỰ, THỦ TỤC ĐĂNG KÝ, ĐIỀU CHỈNH > Điều 4. Thông tin đăng ký lao động:
Điều 4. Thông tin đăng ký lao động
1. Thông tin cơ bản của người lao động, gồm: Họ, chữ đệm và tên khai sinh; số định danh cá nhân; ngày, tháng, năm sinh; giới tính; dân tộc; nơi ở hiện tại (nơi thường trú hoặc nơi tạm trú).
2. Nhóm thông tin về giáo dục phổ thông, giáo dục nghề nghiệp, giáo dục đại học, chứng chỉ kỹ năng nghề và các chứng chỉ khác, gồm:
a) Thông tin về trình độ giáo dục phổ thông cao nhất đạt được;
b) Thông tin về cấp trình độ, lĩnh vực đào tạo đạt được của giáo dục nghề nghiệp; giáo dục đại học;
c) Thông tin về chứng chỉ kỹ năng nghề quốc gia đã đạt được;
d) Các chứng chỉ khác.
3. Nhóm thông tin về tình trạng việc làm và nhu cầu về việc làm, gồm:
a) Thông tin về việc làm đang làm, gồm: chức vụ, chức danh nghề, nghề nghiệp, loại hợp đồng, địa điểm làm việc;
b) Thông tin về người sử dụng lao động, gồm: tên người sử dụng lao động; mã số; loại hình; địa chỉ trụ sở chính; ngành kinh tế;
c) Thông tin về tình trạng thất nghiệp, gồm: thời gian thất nghiệp; lý do thất nghiệp;
d) Thông tin về nhu cầu việc làm là những thông tin về việc làm mong muốn có được, gồm: nghề nghiệp, loại hợp đồng, mức lương và chế độ phúc lợi, nơi làm việc.
4. Nhóm thông tin về bảo hiểm xã hội, bảo hiểm thất nghiệp, gồm:
a) Thông tin về tình trạng tham gia đóng bảo hiểm xã hội, bảo hiểm thất nghiệp, gồm: mã số bảo hiểm xã hội, loại hình, loại bảo hiểm xã hội.
b) Thông tin về tình trạng hưởng chế độ bảo hiểm xã hội, bảo hiểm thất nghiệp, gồm: chế độ, thời gian hưởng chế độ.
5. Nhóm thông tin về đặc điểm, đặc thù, gồm:
a) Thông tin về người khuyết tật;
b) Thông tin về người thuộc hộ nghèo, hộ cận nghèo, hộ có đất thu hồi;
c) Thông tin về thân nhân của người có công với cách mạng;
d) Thông tin về người hoàn thành nghĩa vụ quân sự, nghĩa vụ tham gia công an nhân dân.","Theo Điều 4 của Nghị định 318/2025/NĐ-CP, thông tin đăng ký lao động gồm các nhóm thông tin sau [C2]:
1.  Thông tin cơ bản của người lao động [C2].
2.  Nhóm thông tin về giáo dục phổ thông, giáo dục nghề nghiệp, giáo dục đại học, chứng chỉ kỹ năng nghề và các chứng chỉ khác [C2].
3.  Nhóm thông tin về tình trạng việc làm và nhu cầu về việc làm [C1], [C2].
4.  Nhóm thông tin về bảo hiểm xã hội, bảo hiểm thất nghiệp [C2].
5.  Nhóm thông tin về đặc điểm, đặc thù [C2], [C3].",120.97717300002842,1501.5016040001683,"[""chunk:nghi-ddinh-318-2025-ndd-cp:dieu-nghi-ddinh-318-2025-ndd-cp-4:article:28172""]","[""chunk:nghi-ddinh-318-2025-ndd-cp:khoan-nghi-ddinh-318-2025-ndd-cp-4-3:clause:28179"", ""chunk:nghi-ddinh-318-2025-ndd-cp:dieu-nghi-ddinh-318-2025-ndd-cp-4:article:28172"", ""chunk:nghi-ddinh-318-2025-ndd-cp:khoan-nghi-ddinh-318-2025-ndd-cp-4-5:clause:28187"", ""chunk:nghi-ddinh-318-2025-ndd-cp:khoan-nghi-ddinh-318-2025-ndd-cp-8-1:clause:28227""]",,0.9160690530714041
q0004,lightrag,single_hop_specific,Phương án đưa người lao động Việt Nam đi làm việc ở nước ngoài bao gồm những nội dung gì?,1.0,0.25,1.0,1.0000000000000002,0.9999999999666667,1.0,0.67,"Luật Người Lao Động Việt Nam Đi Làm Việc Ở Nước Ngoài Theo Hợp Đồng (69/2020/QH14) > Chương II. DOANH NGHIỆP, ĐƠN VỊ SỰ NGHIỆP, TỔ CHỨC, CÁ NHÂN VIỆT NAM ĐƯA NGƯỜI LAO ĐỘNG VIỆT NAM ĐI LÀM VIỆC Ở NƯỚC NGOÀI > Mục 2. DOANH NGHIỆP VIỆT NAM TRÚNG THẦU, NHẬN THẦU CÔNG TRÌNH, DỰ ÁN Ở NƯỚC NGOÀI ĐƯA NGƯỜI LAO ĐỘNG VIỆT NAM ĐI LÀM VIỆC Ở NƯỚC NGOÀI > Điều 31. Báo cáo đưa người lao động Việt Nam đi làm việc ở nước ngoài của doanh nghiệp trúng thầu, nhận thầu công trình, dự án ở nước ngoài > Khoản 2:
2. Nội dung phương án đưa người lao động Việt Nam đi làm việc ở nước ngoài bao gồm:
a) Việc quản lý, sử dụng người lao động ở nước ngoài, trong đó nêu rõ số lượng người lao động đưa đi, giới tính, ngành, nghề, công việc cụ thể, thời hạn làm việc, thời giờ làm việc, thời giờ nghỉ ngơi, làm thêm giờ, tiền lương, điều kiện làm việc, điều kiện sinh hoạt, chế độ khám bệnh, chữa bệnh; xử lý rủi ro, giải quyết quyền lợi, chế độ đối với người lao động trong trường hợp bị tai nạn lao động, bệnh nghề nghiệp và quyền lợi, chế độ khác có liên quan đến người lao động;
b) Việc đưa người lao động về nước trong trường hợp thiên tai, dịch bệnh, chiến tranh, bất ổn chính trị, suy thoái kinh tế, tình trạng khẩn cấp hoặc vì lý do bất khả kháng khác.","Phương án đưa người lao động Việt Nam đi làm việc ở nước ngoài bao gồm các nội dung sau:

1.  **Việc quản lý, sử dụng người lao động ở nước ngoài**, trong đó nêu rõ:
    *   Số lượng người lao động đưa đi [C1a], [C2a].
    *   Giới tính [C1a], [C2a].
    *   Ngành, nghề, công việc cụ thể [C1a], [C2a].
    *   Thời hạn làm việc [C1a], [C2a].
    *   Thời giờ làm việc, thời giờ nghỉ ngơi [C1a], [C2a].
    *   Làm thêm giờ [C1a], [C2a].
    *   Tiền lương [C1a], [C2a].
    *   Điều kiện làm việc, điều kiện sinh hoạt [C1a], [C2a].
    *   Chế độ khám bệnh, chữa bệnh [C1a], [C2a].
    *   Xử lý rủi ro, giải quyết quyền lợi, chế độ đối với người lao động trong trường hợp bị tai nạn lao động, bệnh nghề nghiệp và quyền lợi, chế độ khác có liên quan đến người lao động [C1a], [C2a].

2.  **Việc đưa người lao động về nước** trong trường hợp thiên tai, dịch bệnh, chiến tranh, bất ổn chính trị, suy thoái kinh tế, tình trạng khẩn cấp hoặc vì lý do bất khả kháng khác [C1b], [C2b].",131.28213599975425,1501.5016040001683,"[""chunk:luat-69-2020-qh14:khoan-luat-69-2020-qh14-31-2:clause:16007""]","[""chunk:luat-69-2020-qh14:khoan-luat-69-2020-qh14-31-2:clause:16007"", ""chunk:luat-69-2020-qh14:khoan-luat-69-2020-qh14-34-2:clause:16030"", ""chunk:luat-69-2020-qh14:dieu-luat-69-2020-qh14-31:article:16005"", ""chunk:luat-69-2020-qh14:khoan-luat-69-2020-qh14-35-4:clause:16040""]",,0.9339999999933333
q0005,lightrag,single_hop_specific,"Trong thời hạn 01 năm kể từ ngày Luật Trợ Giúp Pháp Lý có hiệu lực thi hành, Ủy ban nhân dân cấp tỉnh có trách nhiệm gì đối với các Chi nhánh của Trung tâm trợ giúp pháp lý nhà nước đã được thành lập tại địa phương?",1.0,0.25,1.0,0.9648091176755166,0.99999999995,1.0,0.67,"Luật Trợ Giúp Pháp Lý (11/2017/QH14) > Chương VIII. ĐIỀU KHOẢN THI HÀNH > Điều 48. Quy định chuyển tiếp > Khoản 4:
4. Trong thời hạn 01 năm kể từ ngày Luật này có hiệu lực thi hành, Ủy ban nhân dân cấp tỉnh rà soát các Chi nhánh của Trung tâm trợ giúp pháp lý nhà nước đã được thành lập tại địa phương và căn cứ vào nhu cầu trợ giúp pháp lý, nguồn lực thực hiện trợ giúp pháp lý và hiệu quả hoạt động báo cáo Bộ Tư pháp để thống nhất việc duy trì, sáp nhập hoặc giải thể Chi nhánh của Trung tâm trợ giúp pháp lý nhà nước.
Luật này được Quốc hội nước Cộng hòa xã hội chủ nghĩa Việt Nam khóa XIV, kỳ họp thứ 3 thông qua ngày 20 tháng 6 năm 2017.
CHỦ TỊCH QUỐC HỘI Nguyễn Thị Kim Ngân","Trong thời hạn 01 năm kể từ ngày Luật Trợ Giúp Pháp Lý có hiệu lực thi hành, Ủy ban nhân dân cấp tỉnh có trách nhiệm rà soát các Chi nhánh của Trung tâm trợ giúp pháp lý nhà nước đã được thành lập tại địa phương. Sau đó, căn cứ vào nhu cầu trợ giúp pháp lý, nguồn lực thực hiện trợ giúp pháp lý và hiệu quả hoạt động, Ủy ban nhân dân cấp tỉnh báo cáo Bộ Tư pháp để thống nhất việc duy trì, sáp nhập hoặc giải thể Chi nhánh của Trung tâm trợ giúp pháp lý nhà nước [C1], [C2].",166.61633200010328,992.3708829999214,"[""chunk:luat-11-2017-qh14:khoan-luat-11-2017-qh14-48-4:clause:6842""]","[""chunk:luat-11-2017-qh14:khoan-luat-11-2017-qh14-48-4:clause:6842"", ""chunk:luat-11-2017-qh14:dieu-luat-11-2017-qh14-48:article:6838"", ""chunk:luat-11-2017-qh14:khoan-luat-11-2017-qh14-23-5:clause:6708"", ""chunk:luat-11-2017-qh14:dieu-luat-11-2017-qh14-19:article:6665""]",,0.9269618235251034
q0006,lightrag,single_hop_specific,Mặt trận Tổ quốc Việt Nam và các tổ chức thành viên có trách nhiệm gì trong việc thực hiện và bảo đảm bình đẳng giới?,1.0,0.25,1.0,0.9972513338111869,0.9999999999,1.0,0.89,"Luật Bình Đẳng Giới Của Quốc Hội Khóa Xi, Kỳ Họp Thứ 10 (73/2006/QH11) > Chương IV. TRÁCH NHIỆM CỦA CƠ QUAN, TỔ CHỨC, GIA ĐÌNH VÀ CÁ NHÂN TRONG VIỆC THỰC HIỆN VÀ BẢO ĐẢM BÌNH ĐẲNG GIỚI > Điều 29. Trách nhiệm của Mặt trận Tổ quốc Việt Nam và các tổ chức thành viên:
Điều 29. Trách nhiệm của Mặt trận Tổ quốc Việt Nam và các tổ chức thành viên
1. Tham gia xây dựng chính sách, pháp luật và tham gia quản lý nhà nước về bình đẳng giới theo quy định của pháp luật.
2. Bảo đảm bình đẳng giới trong tổ chức.
3. Tham gia giám sát việc thực hiện pháp luật bình đẳng giới.
4. Tuyên truyền, vận động nhân dân, hội viên, đoàn viên thực hiện bình đẳng giới.","Mặt trận Tổ quốc Việt Nam và các tổ chức thành viên có các trách nhiệm sau trong việc thực hiện và bảo đảm bình đẳng giới:
*   Tham gia xây dựng chính sách, pháp luật và tham gia quản lý nhà nước về bình đẳng giới theo quy định của pháp luật [C1].
*   Bảo đảm bình đẳng giới trong tổ chức của mình [C1], [C2].
*   Tham gia giám sát việc thực hiện pháp luật bình đẳng giới [C1], [C3].
*   Tuyên truyền, vận động nhân dân, hội viên, đoàn viên thực hiện bình đẳng giới [C1].",149.05050000015763,992.3708829999214,"[""chunk:luat-73-2006-qh11:dieu-luat-73-2006-qh11-29:article:16483""]","[""chunk:luat-73-2006-qh11:dieu-luat-73-2006-qh11-29:article:16483"", ""chunk:luat-73-2006-qh11:khoan-luat-73-2006-qh11-29-2:clause:16485"", ""chunk:luat-73-2006-qh11:khoan-luat-73-2006-qh11-29-3:clause:16486"", ""chunk:luat-73-2006-qh11:dieu-luat-73-2006-qh11-30:article:16488""]",,0.9774502667422373
q0007,lightrag,single_hop_specific,Người đang hưởng trợ cấp thất nghiệp bị chấm dứt hưởng trợ cấp thất nghiệp khi đi học tập có thời hạn từ bao nhiêu tháng trở lên?,1.0,0.25,1.0,0.9038631566030635,0.6388888888675925,1.0,0.11,"Luật Việc Làm (38/2013/QH13) > Mục 3. CHÍNH SÁCH VIỆC LÀM CÔNG > Điều 53. Tạm dừng, tiếp tục, chấm dứt hưởng trợ cấp thất nghiệp:
Điều 53. Tạm dừng, tiếp tục, chấm dứt hưởng trợ cấp thất nghiệp
1. Người đang hưởng trợ cấp thất nghiệp bị tạm dừng hưởng trợ cấp thất nghiệp khi không thông báo về việc tìm kiếm việc làm hằng tháng theo quy định tại Điều 52 của Luật này.
2. Người lao động bị tạm dừng hưởng trợ cấp thất nghiệp nếu vẫn còn thời gian được hưởng theo quyết định thì tiếp tục hưởng trợ cấp thất nghiệp khi thực hiện thông báo về việc tìm kiếm việc làm hằng tháng theo quy định tại Điều 52 của Luật này.
3. Người đang hưởng trợ cấp thất nghiệp bị chấm dứt hưởng trợ cấp thất nghiệp trong các trường hợp sau đây:
a) Hết thời hạn hưởng trợ cấp thất nghiệp;
b) Tìm được việc làm;
c) Thực hiện nghĩa vụ quân sự, nghĩa vụ công an;
d) Hưởng lương hưu hằng tháng;
đ) Sau 02 lần từ chối nhận việc làm do trung tâm dịch vụ việc làm nơi đang hưởng trợ cấp thất nghiệp giới thiệu mà không có lý do chính đáng;
e) Không thực hiện thông báo tìm kiếm việc làm hằng tháng theo quy định tại Điều 52 của Luật này trong 03 tháng liên tục;
g) Ra nước ngoài để định cư, đi lao động ở nước ngoài theo hợp đồng;
h) Đi học tập có thời hạn từ đủ 12 tháng trở lên;
i) Bị xử phạt vi phạm hành chính về hành vi vi phạm pháp luật bảo hiểm thất nghiệp;
k) Chết;
l) Chấp hành quyết định áp dụng biện pháp đưa vào trường giáo dưỡng, cơ sở giáo dục bắt buộc, cơ sở cai nghiện bắt buộc;
m) Bị tòa án tuyên bố mất tích;
n) Bị tạm giam; chấp hành hình phạt tù.
4. Người lao động bị chấm dứt hưởng trợ cấp thất nghiệp thuộc các trường hợp quy định tại các điểm b, c, h, l, m và n khoản 3 Điều này được bảo lưu thời gian đóng bảo hiểm thất nghiệp làm căn cứ để tính thời gian hưởng trợ cấp thất nghiệp cho lần tiếp theo khi đủ điều kiện quy định tại Điều 49 của Luật này.
Thời gian bảo lưu được tính bằng tổng thời gian đóng bảo hiểm thất nghiệp trừ đi thời gian đóng đã hưởng trợ cấp thất nghiệp, theo nguyên tắc mỗi tháng đã hưởng trợ cấp thất nghiệp tương ứng 12 tháng đã đóng bảo hiểm thất nghiệp.","Người đang hưởng trợ cấp thất nghiệp bị chấm dứt hưởng trợ cấp thất nghiệp khi đi học tập có thời hạn từ đủ 12 tháng trở lên [C3], [C4].",130.88317499978075,27909.53786649993,"[""chunk:luat-38-2013-qh13:dieu-luat-38-2013-qh13-53:article:10431""]","[""chunk:luat-38-2013-qh13:dieu-luat-38-2013-qh13-49:article:10405"", ""chunk:nghi-ddinh-28-2015-ndd-cp:diem-nghi-ddinh-28-2015-ndd-cp-21-1-h:point:26616"", ""chunk:luat-38-2013-qh13:diem-luat-38-2013-qh13-53-3-h:point:10442"", ""chunk:luat-38-2013-qh13:dieu-luat-38-2013-qh13-53:article:10431""]",,0.7305504090941312
q0008,lightrag,single_hop_specific,"Cơ sở sản xuất dụng cụ chỉnh hình, phương tiện, thiết bị phục hồi chức năng, trợ giúp sinh hoạt, học tập và lao động cho người khuyết tật được hưởng chính sách ưu đãi gì?",1.0,0.25,1.0,0.9950281515888886,0.99999999995,1.0,0.75,"Luật Người Khuyết Tật (51/2010/QH12) > Chương III. CHĂM SÓC SỨC KHỎE > Điều 26. Nghiên cứu khoa học, đào tạo chuyên gia, kỹ thuật viên, sản xuất trang thiết bị dành cho người khuyết tật:
Điều 26. Nghiên cứu khoa học, đào tạo chuyên gia, kỹ thuật viên, sản xuất trang thiết bị dành cho người khuyết tật
1. Nhà nước hỗ trợ kinh phí theo dự án cho cơ quan, tổ chức nghiên cứu khoa học về người khuyết tật, đào tạo chuyên gia, kỹ thuật viên về chỉnh hình, phục hồi chức năng.
2. Cơ sở sản xuất dụng cụ chỉnh hình, phương tiện, thiết bị phục hồi chức năng, trợ giúp sinh hoạt, học tập và lao động cho người khuyết tật được vay vốn với lãi suất ưu đãi, được miễn, giảm thuế theo quy định của pháp luật.
3. Dụng cụ chỉnh hình, phương tiện, thiết bị phục hồi chức năng, trợ giúp sinh hoạt, học tập và lao động cho người khuyết tật từ chương trình, dự án viện trợ không hoàn lại hoặc do tổ chức, cá nhân nước ngoài tặng, hỗ trợ được miễn, giảm thuế theo quy định của pháp luật về thuế.","Cơ sở sản xuất dụng cụ chỉnh hình, phương tiện, thiết bị phục hồi chức năng, trợ giúp sinh hoạt, học tập và lao động cho người khuyết tật được hưởng các chính sách ưu đãi sau:
* Được vay vốn với lãi suất ưu đãi [C2].
* Được miễn, giảm thuế theo quy định của pháp luật [C2].",138.11609799995495,27909.53786649993,"[""chunk:luat-51-2010-qh12:dieu-luat-51-2010-qh12-26:article:12697""]","[""chunk:luat-51-2010-qh12:dieu-luat-51-2010-qh12-26:article:12697"", ""chunk:luat-51-2010-qh12:khoan-luat-51-2010-qh12-26-2:clause:12699"", ""chunk:luat-51-2010-qh12:khoan-luat-51-2010-qh12-26-3:clause:12700"", ""chunk:nghi-ddinh-143-2018-ndd-cp:dieu-nghi-ddinh-143-2018-ndd-cp-8:article:24074""]",,0.9490056303077777
q0009,lightrag,single_hop_specific,Người lao động nước ngoài làm việc theo hình thức chào bán dịch vụ có được bán trực tiếp dịch vụ cho công chúng không?,1.0,0.25,1.0,0.9980316562523881,0.99999999995,1.0,0.33,"NGHỊ ĐỊNH Quy định về người lao động nước ngoài làm việc tại Việt Nam và tuyển dụng, quản lý người lao động Việt Nam làm việc cho tổ chức, cá nhân nước ngoài tại Việt Nam (152/2020/NĐ-CP) > Chương I. NHỮNG QUY ĐỊNH CHUNG > Điều 3. Giải thích từ ngữ > Khoản 9:
9. Người lao động nước ngoài làm việc theo hình thức chào bán dịch vụ là người lao động nước ngoài không sống tại Việt Nam và không nhận thù lao từ bất cứ nguồn nào tại Việt Nam, tham gia vào các hoạt động liên quan đến việc đại diện cho một nhà cung cấp dịch vụ để đàm phán tiêu thụ dịch vụ của nhà cung cấp đó, với điều kiện không được bán trực tiếp dịch vụ đó cho công chúng và không trực tiếp tham gia cung cấp dịch vụ.","Người lao động nước ngoài làm việc theo hình thức chào bán dịch vụ không được bán trực tiếp dịch vụ đó cho công chúng [C1], [C2].",163.4068280000065,854.3530460001421,"[""chunk:nghi-ddinh-152-2020-ndd-cp:khoan-nghi-ddinh-152-2020-ndd-cp-3-9:clause:25290""]","[""chunk:he-thong:thuatngu-nguoi-lao-ddong-nuoc-ngoai-lam-viec-theo-hinh-thuc-chao-ban-dich-vu:semantic:31676"", ""chunk:nghi-ddinh-152-2020-ndd-cp:khoan-nghi-ddinh-152-2020-ndd-cp-3-9:clause:25290"", ""chunk:nghi-ddinh-152-2020-ndd-cp:khoan-nghi-ddinh-152-2020-ndd-cp-2-1:clause:25242"", ""chunk:bo-luat-45-2019-qh14:khoan-bo-luat-45-2019-qh14-154-4:clause:2828""]",,0.8656063312404776
q0010,lightrag,single_hop_specific,"Bộ, cơ quan ngang bộ, Ủy ban nhân dân cấp tỉnh thông báo cho Ủy ban nhân dân cấp xã nơi có chương trình, dự án, hoạt động thực hiện chính sách việc làm công về những nội dung gì?",1.0,0.25,1.0,1.0,0.99999999995,1.0,0.6,"NGHỊ ĐỊNH Quy định chi tiết một số điều của Luật Việc làm về chính sách hỗ trợ tạo việc làm (338/2025/NĐ-CP) > Chương IV. CHÍNH SÁCH VIỆC LÀM CÔNG > Điều 18. Thông báo chương trình, dự án, hoạt động thực hiện chính sách việc làm công > Khoản 1:
1. Trong thời hạn 10 ngày làm việc, kể từ ngày quyết định thực hiện chính sách việc làm công, bộ, cơ quan ngang bộ, Ủy ban nhân dân cấp tỉnh thông báo cho Ủy ban nhân dân cấp xã nơi có chương trình, dự án, hoạt động thực hiện chính sách việc làm công về phạm vi, nội dung công việc cần thực hiện; chất lượng, tiến độ công việc cần đạt được và nhu cầu sử dụng lao động tham gia thực hiện chính sách việc làm công.","Bộ, cơ quan ngang bộ, Ủy ban nhân dân cấp tỉnh thông báo cho Ủy ban nhân dân cấp xã nơi có chương trình, dự án, hoạt động thực hiện chính sách việc làm công về những nội dung sau:
* Phạm vi, nội dung công việc cần thực hiện [C1].
* Chất lượng, tiến độ công việc cần đạt được [C1].
* Nhu cầu sử dụng lao động tham gia thực hiện chính sách việc làm công [C1].",179.57250400013436,854.3530460001421,"[""chunk:nghi-ddinh-338-2025-ndd-cp:khoan-nghi-ddinh-338-2025-ndd-cp-18-1:clause:28652""]","[""chunk:nghi-ddinh-338-2025-ndd-cp:khoan-nghi-ddinh-338-2025-ndd-cp-18-1:clause:28652"", ""chunk:nghi-ddinh-338-2025-ndd-cp:dieu-nghi-ddinh-338-2025-ndd-cp-18:article:28651"", ""chunk:nghi-ddinh-318-2025-ndd-cp:dieu-nghi-ddinh-318-2025-ndd-cp-24:article:28347"", ""chunk:nghi-ddinh-338-2025-ndd-cp:khoan-nghi-ddinh-338-2025-ndd-cp-35-8:clause:28807""]",,0.9199999999899999
q0011,lightrag,single_hop_specific,"Trường hợp người bị tố cáo đã chuyển công tác sang cơ quan, tổ chức khác và là người đứng đầu, cấp phó của người đứng đầu cơ quan, tổ chức đó thì ai chủ trì giải quyết?",1.0,0.25,1.0,0.9856226206139281,0.99999999995,1.0,0.5,"Luật Tố Cáo (25/2018/QH14) > Chương III. GIẢI QUYẾT TỐ CÁO ĐỐI VỚI HÀNH VI VI PHẠM PHÁP LUẬT TRONG VIỆC THỰC HIỆN NHIỆM VỤ, CÔNG VỤ > Mục 1. THẨM QUYỀN GIẢI QUYẾT TỐ CÁO > Điều 12. Nguyên tắc xác định thẩm quyền > Khoản 3 > Điểm b:
b) Trường hợp người bị tố cáo đã chuyển công tác sang cơ quan, tổ chức khác và giữ chức vụ cao hơn thì do người đứng đầu cơ quan, tổ chức đang quản lý người bị tố cáo chủ trì giải quyết; người đứng đầu cơ quan, tổ chức quản lý người bị tố cáo tại thời điểm có hành vi vi phạm pháp luật phối hợp giải quyết.
Trường hợp người bị tố cáo đã chuyển công tác sang cơ quan, tổ chức khác và là người đứng đầu, cấp phó của người đứng đầu cơ quan, tổ chức đó thì do người đứng đầu cơ quan, tổ chức cấp trên trực tiếp của cơ quan, tổ chức đó chủ trì giải quyết; người đứng đầu cơ quan, tổ chức đã quản lý người bị tố cáo tại thời điểm có hành vi vi phạm pháp luật phối hợp giải quyết;","Trường hợp người bị tố cáo đã chuyển công tác sang cơ quan, tổ chức khác và là người đứng đầu, cấp phó của người đứng đầu cơ quan, tổ chức đó thì người đứng đầu cơ quan, tổ chức cấp trên trực tiếp của cơ quan, tổ chức đó chủ trì giải quyết. Người đứng đầu cơ quan, tổ chức đã quản lý người bị tố cáo tại thời điểm có hành vi vi phạm pháp luật phối hợp giải quyết [C1], [C2].",161.82540800036804,1080.1947694999399,"[""chunk:luat-25-2018-qh14:diem-luat-25-2018-qh14-12-3-b:point:9794""]","[""chunk:luat-25-2018-qh14:diem-luat-25-2018-qh14-12-3-b:point:9794"", ""chunk:luat-25-2018-qh14:khoan-luat-25-2018-qh14-12-3:clause:9791"", ""chunk:luat-25-2018-qh14:diem-luat-25-2018-qh14-12-3-a:point:9793"", ""chunk:luat-25-2018-qh14:dieu-luat-25-2018-qh14-20:article:9860""]",,0.8971245241127856
q0012,lightrag,single_hop_specific,"Cụm từ ""Chủ tịch Ủy ban nhân dân cấp tỉnh"" tại khoản 1 Điều 5 được thay thế bằng cụm từ nào?",0.0,0.0,1.0,0.9945126159067307,0.49999999995,1.0,0.13,"NGHỊ ĐỊNH Sửa đổi, bổ sung một số điều của Nghị định số 152/2020/NĐ-CP ngày 30 tháng 12 năm 2020 của Chính phủ quy định về người lao động nước ngoài làm việc tại Việt Nam và tuyển dụng, quản lý người lao động Việt Nam làm việc cho tổ chức, cá nhân nước ngoài tại Việt Nam (70/2023/NĐ-CP) > Điều 1. Sửa đổi, bổ sung một số điều của Nghị định số 152/2020/NĐ-CP ngày 30 tháng 12 năm 2020 của Chính phủ quy định về người lao động nước ngoài làm việc tại Việt Nam và tuyển dụng, quản lý người lao động Việt Nam làm việc cho tổ chức, cá nhân nước ngoài tại Việt Nam > Khoản 13:
13. Thay thế, bổ sung một số từ, cụm từ tại các điểm, khoản, điều, phụ lục sau đây: a) Thay thế cụm từ “Chủ tịch Ủy ban nhân dân cấp tỉnh” tại khoản 1 Điều 5 bằng cụm từ “Sở Lao động - Thương binh và Xã hội”; Thay thế cụm từ “Chủ tịch Ủy ban nhân dân cấp tỉnh chỉ đạo” bằng cụm từ “Sở Lao động - Thương binh và Xã hội đề nghị” tại khoản 2 Điều 5; b) Thay thế cụm từ “khoản 4, 6 và 8 Điều 154” bằng cụm từ “khoản 4 và khoản 6 Điều 154” và cụm từ “3 ngày” thành cụm từ “3 ngày làm việc” tại khoản 2 Điều 8; c) Thay thế cụm từ “dịch ra tiếng Việt và có chứng thực” bằng cụm từ “dịch ra tiếng Việt và công chứng hoặc chứng thực” tại điểm e khoản 3 Điều 8; d) Thay thế cụm từ “dịch ra tiếng Việt và chứng thực” bằng cụm từ “dịch ra tiếng Việt và công chứng hoặc chứng thực” tại khoản 10 Điều 9 và khoản 4 Điều 23; đ) Thay thế cụm từ “Giấy tờ quy định tại khoản 3 và 4 Điều này” bằng cụm từ “Giấy tờ quy định tại khoản 3 Điều này” tại khoản 5 Điều 13; e) Thay thế cụm từ “dịch ra tiếng Việt” bằng cụm từ “dịch ra tiếng Việt và công chứng hoặc chứng thực” tại khoản 5 Điều 13 và khoản 8 Điều 17; g) Thay thế cụm từ “Bản sao có chứng thực hộ chiếu” bằng cụm từ “Bản sao có chứng thực hộ chiếu hoặc bản sao hộ chiếu có xác nhận của người sử dụng lao động” tại điểm d khoản 3 Điều 8; khoản 7 Điều 9 và khoản 5 Điều 17; h) Thay thế cụm từ “20. Mức lương:….VNĐ” bằng cụm từ “20. Lương bình quân/tháng:…. triệu đồng” tại Mẫu số 11/PLI Phụ lục I ban hành kèm theo Nghị định số 152/2020/NĐ-CP; i) Thay thế cụm từ “Ủy ban nhân dân tỉnh/thành phố….” bằng cụm từ “Sở Lao động - Thương binh và Xã","Cụm từ ""Chủ tịch Ủy ban nhân dân cấp tỉnh"" tại khoản 1 Điều 5 được thay thế bằng cụm từ “Sở Lao động - Thương binh và Xã hội” [C2].",116.91133500016804,1080.1947694999399,"[""chunk:nghi-ddinh-70-2023-ndd-cp:khoan-nghi-ddinh-70-2023-ndd-cp-1-13:clause:30160""]","[""chunk:luat-88-2025-qh15:diem-luat-88-2025-qh15-1-28-k:point:18458"", ""chunk:nghi-ddinh-70-2023-ndd-cp:diem-nghi-ddinh-70-2023-ndd-cp-1-13-a:point:30162"", ""chunk:luat-88-2025-qh15:khoan-luat-88-2025-qh15-1-28:sliding:18448"", ""chunk:bo-luat-45-2019-qh14:khoan-bo-luat-45-2019-qh14-5-1:clause:2037""]",,0.7249025231713462
q0013,lightrag,single_hop_specific,"Ủy ban nhân dân các tỉnh, thành phố trực thuộc Trung ương có trách nhiệm gì trong việc thực hiện Thông tư 26/2025/TT-BNV?",0.0,0.0,1.0,0.9970174628039336,0.9999999999,0.5,0.12,"THÔNG TƯ Ban hành Danh mục vùng có điều kiện kinh tế - xã hội đặc biệt khó khăn để làm căn cứ xác định các trường hợp có thể nghỉ hưu ở tuổi thấp hơn (26/2025/TT-BNV) > Điều 5. Tổ chức thực hiện > Khoản 1:
1. Ủy ban nhân dân các tỉnh, thành phố trực thuộc Trung ương có trách nhiệm chỉ đạo Sở Nội vụ và các cơ quan có liên quan kiểm tra, đôn đốc việc thực hiện Thông tư này. 1. Đặc khu Thổ Châu. II. Tỉnh Cao Bằng 1. Các xã: Bảo Lạc, Bảo Lâm, Bế Văn Đàn, Cô Ba, Cốc Pàng, Đàm Thủy, Đình Phong, Đoài Dương, Hạ Lang, Hà Quảng, Huy Giáp, Hưng Đạo, Khánh Xuân, Lũng Nặm, Lý Bôn, Lý Quốc, Nam Quang, Phan Thanh, Phục Hòa, Quang Hán, Quảng Lâm, Quang Long, Quang Trung, Sơn Lộ, Tam Kim, Tổng Cọt, Trùng Khánh, Vinh Quý, Xuân Trường, Yên Thổ. III. Tỉnh Đắk Lắk 1. Các xã: Buôn Đôn, Dliê Ya, Ea Hiao, Ia Lốp, Ia Rvê, Krông Nô, Cư Pui, Ea Bung, Ea Rốk, Ea Súp, Yang Mao. IV. Tỉnh Điện Biên 1. Các xã: Chà Tở, Chiềng Sinh, Mường Chà, Mường Luân, Mường Mùn, Mường Nhà, Mường Nhé, Mường Toong, Nà Bủng, Nà Hỳ, Na Son, Nậm Kè, Nậm Nèn, Núa Ngam, Pa Ham, Pu Nhi, Pú Nhung, Phình Giàng, Quảng Lâm, Sam Mứn, Sáng Nhè, Si Pa Phìn, Sín Chải, Sín Thầu, Sính Phình, Tìa Dình, Tủa Chùa, Tủa Thàng, Thanh Yên, Xa Dung. V. Tỉnh Đồng Nai 1. Các xã: Bù Gia Mập, Đak Nhau, Đăk Ơ. VI. Tỉnh Gia Lai 1. Các xã: Đak Rong, Ia Chia, Ia Dom, Ia Mơ, Ia Nan, Ia O, Ia Pnôn, Ia Púch, SRó. VII. Tỉnh Khánh Hòa 1. Đặc khu Trường Sa VIII. Tỉnh Lai Châu 1. Các xã: Bum Nưa, Bum Tở, Dào San, Hồng Thu, Hua Bum, Khoen On, Khổng Lào, Khun Há, Lê Lợi, Mù Cả, Mường Kim, Mường Mô, Mường Tè, Nậm Sỏ, Nậm Cuổi, Nậm Hàng, Nậm Mạ, Nậm Tăm, Pa Tần, Pa Ủ, Pu Sam Cáp, Sì Lở Lầu, Sìn Hồ, Sin Suối Hồ, Tà Tổng, Tủa Sín Chải, Thu Lũm, Tả Lèng. IX. Tỉnh Lạng Sơn 1. Các xã: Ba Sơn, Cao Lộc, Công Sơn, Đoàn Kết, Kiên Mộc, Khuất Xá, Mẫu Sơn, Quốc Việt. X. Tỉnh Lào Cai 1. Các xã: A Mú Sung, Bắc Hà, Bản Hồ, Bản","Ủy ban nhân dân các tỉnh, thành phố trực thuộc Trung ương có các trách nhiệm sau trong việc thực hiện Thông tư 26/2025/TT-BNV:
*   Chỉ đạo Sở Nội vụ và các cơ quan có liên quan kiểm tra, đôn đốc việc thực hiện Thông tư này [C1].
*   Trong quá trình thực hiện, nếu có thay đổi về tên gọi, điều kiện kinh tế - xã hội của các vùng được quy định tại Điều 1 Thông tư này, đề nghị phản ánh về Bộ Nội vụ để kịp thời nghiên cứu, giải quyết [C1], [C4].",137.53429700000197,1130.8938444999512,"[""chunk:thong-tu-26-2025-tt-bnv:khoan-thong-tu-26-2025-tt-bnv-5-1:clause:31028""]","[""chunk:thong-tu-26-2025-tt-bnv:dieu-thong-tu-26-2025-tt-bnv-5:article:31023"", ""chunk:nghi-ddinh-337-2025-ndd-cp:dieu-nghi-ddinh-337-2025-ndd-cp-27:article:28556"", ""chunk:nghi-ddinh-337-2025-ndd-cp:khoan-nghi-ddinh-337-2025-ndd-cp-27-4:clause:28560"", ""chunk:thong-tu-26-2025-tt-bnv:dieu-thong-tu-26-2025-tt-bnv-1:article:31013""]",,0.7234034925407867
q0014,lightrag,single_hop_specific,Mức lương cơ sở dùng làm căn cứ để tính những gì?,1.0,0.25,1.0,1.0,0.249999999975,1.0,1.0,"NGHỊ ĐỊNH Quy định mức lương cơ sở và chế độ tiền thưởng đối với cán bộ, công chức, viên chức và lực lượng vũ trang (161/2026/NĐ-CP) > Điều 3. Mức lương cơ sở > Khoản 1:
1. Mức lương cơ sở dùng làm căn cứ:
a) Tính mức lương trong các bảng lương, mức phụ cấp và thực hiện các chế độ khác theo quy định của pháp luật đối với các đối tượng quy định tại Điều 2 Nghị định này;
b) Tính mức hoạt động phí, sinh hoạt phí theo quy định của pháp luật;
c) Tính các khoản trích và các chế độ được hưởng theo mức lương cơ sở.","Mức lương cơ sở dùng làm căn cứ để tính:
* Mức lương trong các bảng lương, mức phụ cấp và thực hiện các chế độ khác theo quy định của pháp luật đối với các đối tượng quy định tại Điều 2 Nghị định 161/2026/NĐ-CP. [C4]
* Mức hoạt động phí, sinh hoạt phí theo quy định của pháp luật. [C4]
* Các khoản trích và các chế độ được hưởng theo mức lương cơ sở. [C4]",97.97814300009122,1130.8938444999512,"[""chunk:nghi-ddinh-161-2026-ndd-cp:khoan-nghi-ddinh-161-2026-ndd-cp-3-1:clause:26088""]","[""chunk:luat-41-2024-qh15:khoan-luat-41-2024-qh15-72-1:clause:11137"", ""chunk:nghi-ddinh-158-2025-ndd-cp:dieu-nghi-ddinh-158-2025-ndd-cp-15:sliding:25731"", ""chunk:thong-tu-12-2025-tt-bnv:dieu-thong-tu-12-2025-tt-bnv-16:sliding:30951"", ""chunk:nghi-ddinh-161-2026-ndd-cp:khoan-nghi-ddinh-161-2026-ndd-cp-3-1:clause:26088""]",,0.8499999999949999
q0015,lightrag,single_hop_specific,"Từ ngày 01 tháng 01 năm 2021, tuổi nghỉ hưu của lao động nam trong điều kiện bình thường là bao nhiêu?",0.0,0.0,1.0,0.9962398765230597,0.49999999995,1.0,0.4,"NGHỊ ĐỊNH Quy định về tuổi nghỉ hưu (135/2020/NĐ-CP) > Điều 4. Tuổi nghỉ hưu trong điều kiện lao động bình thường > Khoản 1:
1. Kể từ ngày 01 tháng 01 năm 2021, tuổi nghỉ hưu của người lao động trong điều kiện lao động bình thường là đủ 60 tuổi 03 tháng đối với lao động nam và đủ 55 tuổi 04 tháng đối với lao động nữ; sau đó, cứ mỗi năm tăng thêm 03 tháng đối với lao động nam cho đến khi đủ 62 tuổi vào năm 2028 và cứ mỗi năm tăng thêm 04 tháng đối với lao động nữ cho đến khi đủ 60 tuổi vào năm 2035.","Từ ngày 01 tháng 01 năm 2021, tuổi nghỉ hưu của lao động nam trong điều kiện bình thường là đủ 60 tuổi 03 tháng [C2], [C3].",150.39585099975739,983.2379624999703,"[""chunk:nghi-ddinh-135-2020-ndd-cp:khoan-nghi-ddinh-135-2020-ndd-cp-4-1:clause:23463""]","[""chunk:nghi-ddinh-135-2020-ndd-cp:dieu-nghi-ddinh-135-2020-ndd-cp-7:article:23478"", ""chunk:nghi-ddinh-135-2020-ndd-cp:dieu-nghi-ddinh-135-2020-ndd-cp-4:article:23462"", ""chunk:bo-luat-45-2019-qh14:khoan-bo-luat-45-2019-qh14-169-2:clause:2887"", ""chunk:nghi-ddinh-135-2020-ndd-cp:dieu-nghi-ddinh-135-2020-ndd-cp-5:article:23466""]",,0.7792479752946119
q0016,lightrag,single_hop_specific,"Hành vi cố ý báo cáo sai lệch kết quả xác minh nội dung khiếu nại dẫn đến quyết định giải quyết khiếu nại sai gây mất ổn định nghiêm trọng về an ninh, trật tự xã hội hoặc gây hậu quả chết người sẽ bị áp dụng hình thức kỷ luật nào đối với người được giao nhiệm vụ xác minh nội dung khiếu nại?",1.0,0.25,1.0,0.9574147395051023,0.99999999995,1.0,0.4,"NGHỊ ĐỊNH Quy định chi tiết một số điều và biện pháp thi hành Luật Khiếu nại (124/2020/NĐ-CP) > Chương VI. XỬ LÝ VI PHẠM PHÁP LUẬT > Điều 40. Xử lý kỷ luật đối với người được giao nhiệm vụ xác minh nội dung khiếu nại:
Điều 40. Xử lý kỷ luật đối với người được giao nhiệm vụ xác minh nội dung khiếu nại
1. Hình thức kỷ luật khiển trách áp dụng đối với người được giao nhiệm vụ xác minh nội dung khiếu nại khi có một trong những hành vi vi phạm pháp luật sau đây:
a) Sách nhiễu, cản trở, gây khó khăn, phiền hà cho người khiếu nại, người được ủy quyền khiếu nại, người bị khiếu nại.
b) Bao che cho người bị khiếu nại.
c) Đe dọa trả thù, trù dập người khiếu nại, người được ủy quyền khiếu nại, người bị khiếu nại.
2. Hình thức kỷ luật cảnh cáo áp dụng đối với người được giao nhiệm vụ xác minh nội dung khiếu nại khi có một trong những hành vi cố ý bỏ qua các bằng chứng, bỏ lọt các thông tin, tài liệu hoặc làm sai lệch hồ sơ vụ việc trong quá trình xác minh nội dung khiếu nại.
3. Hình thức kỷ luật giáng chức hoặc cách chức áp dụng đối với người được giao nhiệm vụ xác minh nội dung khiếu nại khi có hành vi cố ý báo cáo sai lệch kết quả xác minh nội dung khiếu nại dẫn đến quyết định giải quyết khiếu nại sai gây mất ổn định nghiêm trọng về an ninh, trật tự xã hội hoặc gây hậu quả chết người. Trường hợp người được giao nhiệm vụ xác minh không có chức vụ thì áp dụng hình thức kỷ luật hạ bậc lương.","Đối với người được giao nhiệm vụ xác minh nội dung khiếu nại, hành vi cố ý báo cáo sai lệch kết quả xác minh nội dung khiếu nại dẫn đến quyết định giải quyết khiếu nại sai gây mất ổn định nghiêm trọng về an ninh, trật tự xã hội hoặc gây hậu quả chết người sẽ bị áp dụng hình thức kỷ luật giáng chức hoặc cách chức. Trường hợp người được giao nhiệm vụ xác minh không có chức vụ thì áp dụng hình thức kỷ luật hạ bậc lương [C1], [C2].",139.77427600002557,983.2379624999703,"[""chunk:nghi-ddinh-124-2020-ndd-cp:dieu-nghi-ddinh-124-2020-ndd-cp-40:article:23408""]","[""chunk:nghi-ddinh-124-2020-ndd-cp:khoan-nghi-ddinh-124-2020-ndd-cp-40-3:clause:23414"", ""chunk:nghi-ddinh-124-2020-ndd-cp:dieu-nghi-ddinh-124-2020-ndd-cp-40:article:23408"", ""chunk:nghi-ddinh-124-2020-ndd-cp:khoan-nghi-ddinh-124-2020-ndd-cp-41-3:clause:23424"", ""chunk:nghi-ddinh-124-2020-ndd-cp:khoan-nghi-ddinh-124-2020-ndd-cp-39-1:clause:23406""]",,0.8714829478910205
q0017,lightrag,single_hop_specific,"Trước khi ban hành hoặc sửa đổi, bổ sung nội quy lao động, người sử dụng lao động có phải tham khảo ý kiến của tổ chức đại diện người lao động tại cơ sở đối với nơi có tổ chức đại diện người lao động tại cơ sở không?",1.0,0.25,1.0,0.9859923657494476,0.999999999975,1.0,0.4,"NGHỊ ĐỊNH Quy định chi tiết và hướng dẫn thi hành một số điều của Bộ luật Lao động về điều kiện lao động và quan hệ lao động (145/2020/NĐ-CP) > Chương VIII. KỶ LUẬT LAO ĐỘNG, TRÁCH NHIỆM VẬT CHẤT > Điều 69. Nội quy lao động > Khoản 3:
3. Trước khi ban hành nội quy lao động hoặc sửa đổi, bổ sung nội quy lao động, người sử dụng lao động phải tham khảo ý kiến của tổ chức đại diện người lao động tại cơ sở đối với nơi có tổ chức đại diện người lao động tại cơ sở. Việc tham khảo ý kiến tổ chức đại diện người lao động tại cơ sở thực hiện theo quy định tại khoản 1 Điều 41 Nghị định này.","Có. Trước khi ban hành hoặc sửa đổi, bổ sung nội quy lao động, người sử dụng lao động phải tham khảo ý kiến của tổ chức đại diện người lao động tại cơ sở đối với nơi có tổ chức đại diện người lao động tại cơ sở [C1], [C2].

Việc tham khảo ý kiến này được thực hiện theo quy định tại khoản 1 Điều 41 Nghị định 145/2020/NĐ-CP [C2], cụ thể:
*   Người sử dụng lao động gửi văn bản kèm theo nội dung cần tham khảo, trao đổi ý kiến đến các thành viên đại diện tham gia đối thoại của bên người lao động [C3].
*   Các thành viên đại diện tham gia đối thoại của bên người lao động tổ chức lấy ý kiến người lao động do mình đại diện và tổng hợp thành văn bản để gửi tới người sử dụng lao động. Nếu nội dung liên quan đến quyền, lợi ích của lao động nữ thì cần bảo đảm lấy ý kiến của họ [C3].
*   Căn cứ ý kiến của các tổ chức đại diện người lao động tại cơ sở, người sử dụng lao động tổ chức đối thoại để thảo luận, trao đổi ý kiến, tham vấn, chia sẻ thông tin [C3].
*   Số lượng, thành phần tham gia, thời gian, địa điểm tổ chức đối thoại do hai bên xác định theo quy chế dân chủ ở cơ sở tại nơi làm việc [C3].
*   Diễn biến đối thoại phải được ghi thành biên bản và có chữ ký của đại diện các bên [C3].",192.0746410000902,1178.172797499883,"[""chunk:nghi-ddinh-145-2020-ndd-cp:khoan-nghi-ddinh-145-2020-ndd-cp-69-3:clause:24762""]","[""chunk:bo-luat-45-2019-qh14:khoan-bo-luat-45-2019-qh14-118-3:clause:2646"", ""chunk:nghi-ddinh-145-2020-ndd-cp:khoan-nghi-ddinh-145-2020-ndd-cp-69-3:clause:24762"", ""chunk:nghi-ddinh-145-2020-ndd-cp:khoan-nghi-ddinh-145-2020-ndd-cp-41-1:clause:24546"", ""chunk:bo-luat-45-2019-qh14:dieu-bo-luat-45-2019-qh14-118:article:2634""]",,0.8771984731448896
q0018,lightrag,single_hop_specific,"Ai có thẩm quyền quyết định tạm đình chỉ công tác đối với cán bộ, công chức?",1.0,0.25,1.0,0.9424588731940694,0.49999999995,1.0,0.33,"Luật Cán Bộ, Công Chức (80/2025/QH15) > Chương V. KHEN THƯỞNG, XỬ LÝ KỶ LUẬT > Điều 39. Tạm đình chỉ công tác đối với cán bộ, công chức:
Điều 39. Tạm đình chỉ công tác đối với cán bộ, công chức
Người đứng đầu cơ quan, tổ chức có thẩm quyền có thể quyết định tạm đình chỉ công tác đối với cán bộ, công chức trong trường hợp phát hiện cán bộ, công chức có dấu hiệu vi phạm trong thi hành nhiệm vụ hoặc theo đề nghị của cơ quan, tổ chức có thẩm quyền.
Chính phủ quy định chi tiết Điều này.","Theo ngữ cảnh được cung cấp, thẩm quyền quyết định tạm đình chỉ công tác đối với cán bộ, công chức được quy định như sau:

*   **Theo Luật Cán bộ, công chức năm 2008 (22/2008/QH12):** Cơ quan, tổ chức, đơn vị quản lý cán bộ, công chức có thể ra quyết định tạm đình chỉ công tác [C1], [C4].
*   **Theo Luật Cán bộ, công chức năm 2025 (80/2025/QH15):** Người đứng đầu cơ quan, tổ chức có thẩm quyền có thể quyết định tạm đình chỉ công tác đối với cán bộ, công chức [C2].

Tạm đình chỉ công tác là việc cơ quan, tổ chức có thẩm quyền quyết định việc cán bộ, công chức dừng thực hiện chức trách, nhiệm vụ được giao trong thời hạn nhất định [C3].",128.5704709998754,1178.172797499883,"[""chunk:luat-80-2025-qh15:dieu-luat-80-2025-qh15-39:article:17587""]","[""chunk:luat-22-2008-qh12:dieu-luat-22-2008-qh12-81:article:9314"", ""chunk:luat-80-2025-qh15:dieu-luat-80-2025-qh15-39:article:17587"", ""chunk:luat-80-2025-qh15:khoan-luat-80-2025-qh15-5-13:clause:17349"", ""chunk:luat-22-2008-qh12:khoan-luat-22-2008-qh12-81-1:clause:9315""]",,0.7544917746288139
q0019,lightrag,single_hop_specific,Thông tư 09/2020/TT-BLĐTBXH có hiệu lực thi hành từ ngày nào?,0.0,0.0,1.0,0.9999999999999998,0.7499999999625,0.5,0.29,"THÔNG TƯ Quy định chi tiết và hướng dẫn thi hành một số điều của Bộ luật Lao động về lao động chưa thành niên (09/2020/TT-BLĐTBXH) > Chương V. ĐIỀU KHOẢN THI HÀNH > Điều 13. Hiệu lực thi hành > Khoản 1:
1. Thông tư này có hiệu lực thi hành kể từ ngày 15 tháng 3 năm 2021.
1. Tên doanh nghiệp, cơ quan, tổ chức, hợp tác xã, hộ gia đình, cá nhân (ghi bằng chữ in hoa): …………………..
1. Người chưa đủ 13 tuổi
Họ và tên:
Ngày, tháng, năm sinh:
Nơi đăng ký hộ khẩu thường trú:
Địa chỉ nơi cư trú:
Tình trạng đi học (nếu có): Là học sinh lớp.... Trường
Điện thoại (nếu có):
Số định danh cá nhân/Số hộ chiếu (nếu có): Cấp ngày ..... tại.......
1. Người chưa đủ 13 tuổi
Họ và tên:
Ngày, tháng, năm sinh:
Địa chỉ đăng ký hộ khẩu:
Địa chỉ nơi cư trú:
Tình trạng đi học (nếu có): Là học sinh lớp.... Trường
Điện thoại (nếu có):
Số định danh cá nhân/Số hộ chiếu (nếu có): Cấp ngày .....tại .....
1. Biểu diễn nghệ thuật.
1. Trực tiếp luyện quặng kim loại màu (đồng, chì, thiếc, thuỷ ngân, kẽm, bạc).
1. Tiếp xúc với các yếu tố nguy hiểm, yếu tố có hại có trong môi trường lao động nằm ngoài giới hạn cho phép theo tiêu chuẩn, quy chuẩn kỹ thuật quốc gia về vệ sinh lao động, bao gồm: điện từ trường, rung, ồn, nhiệt độ, bụi silic, bụi không chứa silic, bụi bông, bụi amiăng, bụi than, bụi tale; các loại chất, tia phóng xạ; bức xạ bởi tia X, các chất độc hại và các tia có hại khác.
1. Biểu diễn nghệ thuật.
1. Biểu diễn nghệ thuật.",Thông tư 09/2020/TT-BLĐTBXH có hiệu lực thi hành kể từ ngày 15 tháng 3 năm 2021 [C1].,90.14834599975075,846.380907999901,"[""chunk:thong-tu-09-2020-tt-blddtbxh:khoan-thong-tu-09-2020-tt-blddtbxh-13-1:clause:30623""]","[""chunk:thong-tu-09-2020-tt-blddtbxh:dieu-thong-tu-09-2020-tt-blddtbxh-13:article:30606"", ""chunk:thong-tu-09-2020-tt-blddtbxh:diem-thong-tu-09-2020-tt-blddtbxh-13-2-a:point:30627"", ""chunk:thong-tu-09-2020-tt-blddtbxh:doc-thong-tu-09-2020-tt-blddtbxh:document_intro:30542"", ""chunk:bo-luat-45-2019-qh14:dieu-bo-luat-45-2019-qh14-14:article:2094""]",,0.7079999999925
q0020,lightrag,single_hop_specific,"Ủy ban nhân dân tỉnh, thành phố trực thuộc trung ương có trách nhiệm báo cáo định kỳ hàng năm tới Bộ Lao động - Thương binh và Xã hội về tình hình người lao động Việt Nam đi làm việc ở nước ngoài theo hợp đồng tại địa phương hay không?",1.0,0.25,1.0,0.997660173408524,0.99999999995,1.0,0.29,"NGHỊ ĐỊNH Quy định chi tiết một số điều và biện pháp thi hành Luật Người lao động Việt Nam đi làm việc ở nước ngoài theo hợp đồng (112/2021/NĐ-CP) > Chương VII. TỔ CHỨC THỰC HIỆN > Điều 44. Trách nhiệm của Ủy ban nhân dân tỉnh, thành phố trực thuộc trung ương:
Điều 44. Trách nhiệm của Ủy ban nhân dân tỉnh, thành phố trực thuộc trung ương
1. Thực hiện quản lý nhà nước về người lao động đi làm việc ở nước ngoài tại địa phương.
2. Chỉ đạo các cơ quan chuyên môn trực thuộc và Ủy ban nhân dân cấp dưới:
a) Tuyên truyền, phổ biến chủ trương, chính sách, pháp luật của Nhà nước về người lao động Việt Nam đi làm việc ở nước ngoài theo hợp đồng;
b) Hỗ trợ các doanh nghiệp hoạt động dịch vụ đưa người lao động Việt Nam đi làm việc ở nước ngoài theo hợp đồng, đơn vị sự nghiệp tuyển lao động tại địa phương và quản lý người lao động của địa phương làm việc ở nước ngoài;
c) Giải quyết khiếu nại, tố cáo của tổ chức, cá nhân liên quan đến lĩnh vực người lao động Việt Nam đi làm việc ở nước ngoài theo hợp đồng theo thẩm quyền quy định của pháp luật;
d) Thanh tra, kiểm tra và xử lý kịp thời các vi phạm tại địa phương của các tổ chức và cá nhân đưa người lao động đi làm việc ở nước ngoài;
đ) Tổ chức tiếp nhận đăng ký hợp đồng của người lao động Việt Nam đi làm việc ở nước ngoài theo hợp đồng lao động trực tiếp giao kết với người sử dụng lao động ở nước ngoài và cập nhật trên Hệ thống cơ sở dữ liệu về người lao động Việt Nam đi làm việc ở nước ngoài theo hợp đồng;
e) Tổ chức tiếp nhận đăng ký hợp đồng của doanh nghiệp Việt Nam đưa người lao động đi làm việc ở nước ngoài theo hình thức đào tạo, nâng cao trình độ, kỹ năng nghề có thời gian dưới 90 ngày.
3. Báo cáo định kỳ hàng năm tới Bộ Lao động - Thương binh và Xã hội và báo cáo đột xuất theo yêu cầu về tình hình người lao động Việt Nam đi làm việc ở nước ngoài theo hợp đồng tại địa phương.","Có. Ủy ban nhân dân tỉnh, thành phố trực thuộc trung ương có trách nhiệm báo cáo định kỳ hàng năm tới Bộ Lao động - Thương binh và Xã hội về tình hình người lao động Việt Nam đi làm việc ở nước ngoài theo hợp đồng tại địa phương [C1], [C2].",160.19240700006776,846.380907999901,"[""chunk:nghi-ddinh-112-2021-ndd-cp:dieu-nghi-ddinh-112-2021-ndd-cp-44:article:21080""]","[""chunk:nghi-ddinh-112-2021-ndd-cp:khoan-nghi-ddinh-112-2021-ndd-cp-44-3:clause:21089"", ""chunk:nghi-ddinh-112-2021-ndd-cp:dieu-nghi-ddinh-112-2021-ndd-cp-44:article:21080"", ""chunk:nghi-ddinh-337-2025-ndd-cp:diem-nghi-ddinh-337-2025-ndd-cp-27-4-c:point:28563"", ""chunk:nghi-ddinh-152-2020-ndd-cp:khoan-nghi-ddinh-152-2020-ndd-cp-2-1:clause:25242""]",,0.8575320346717048
q0021,lightrag,single_hop_specific,"Nghị định 162/2026/NĐ-CP điều chỉnh mức lương hưu, trợ cấp bảo hiểm xã hội và trợ cấp hằng tháng đối với các đối tượng hưởng lương hưu, trợ cấp bảo hiểm xã hội và trợ cấp hằng tháng trước ngày nào?",0.0,0.0,1.0,1.0,0.0,0.0,0.22,"NGHỊ ĐỊNH Điều chỉnh lương hưu, trợ cấp bảo hiểm xã hội và trợ cấp hằng tháng (162/2026/NĐ-CP) > Chương I. QUY ĐỊNH CHUNG > Điều 1. Phạm vi áp dụng và đối tượng điều chỉnh > Khoản 1:
1. Nghị định này điều chỉnh mức lương hưu, trợ cấp bảo hiểm xã hội và trợ cấp hằng tháng đối với các đối tượng hưởng lương hưu, trợ cấp bảo hiểm xã hội và trợ cấp hằng tháng trước ngày 01 tháng 7 năm 2026, bao gồm: a) Cán bộ, công chức, công nhân, viên chức và người lao động (kể cả người có thời gian tham gia bảo hiểm xã hội tự nguyện, người nghỉ hưu từ quỹ bảo hiểm xã hội nông dân Nghệ An chuyển sang theo Quyết định số 41/2009/QĐ-TTg về việc chuyển bảo hiểm xã hội nông dân Nghệ An sang bảo hiểm xã hội tự nguyện); quân nhân, công an nhân dân và người làm công tác cơ yếu đang hưởng lương hưu hằng tháng. b) Cán bộ xã, phường, thị trấn quy định tại Nghị định số 33/2023/NĐ-CP quy định về cán bộ, công chức cấp xã và người hoạt động không chuyên trách ở cấp xã, ở thôn, tổ dân phố, Nghị định số 34/2019/NĐ-CP sửa đổi, bổ sung một số quy định về cán bộ, công chức cấp xã và người hoạt động không chuyên trách ở cấp xã, ở thôn, tổ dân phố, Nghị định số 92/2009/NĐ-CP về chức danh, số lượng, một số chế độ, chính sách đối với cán bộ, công chức ở xã, phường, thị trấn và những người hoạt động không chuyên trách ở cấp xã, Nghị định số 121/2003/NĐ-CP về chế độ, chính sách đối với cán bộ, công chức ở xã, phường, thị trấn và Nghị định số 09/1998/NĐ-CP sửa đổi, bổ sung Nghị định số 50/CP ngày 26 tháng 7 năm 1995 của Chính phủ về chế độ sinh hoạt phí đối với cán bộ xã, phường, thị trấn đang hưởng lương hưu, trợ cấp hằng tháng. c) Người đang hưởng trợ cấp mất sức lao động hằng tháng theo quy định của pháp luật; người đang hưởng trợ cấp hằng tháng theo Quyết định số 91/2000/QĐ-TTg về việc trợ cấp cho những người đã hết tuổi lao động tại thời điểm ngừng hưởng trợ cấp mất sức lao động hằng tháng,","Nghị định 162/2026/NĐ-CP điều chỉnh mức lương hưu, trợ cấp bảo hiểm xã hội và trợ cấp hằng tháng đối với các đối tượng hưởng lương hưu, trợ cấp bảo hiểm xã hội và trợ cấp hằng tháng trước ngày **01 tháng 01 năm 1995** [C2].",173.88199700008045,6694.266513000002,"[""chunk:nghi-ddinh-162-2026-ndd-cp:khoan-nghi-ddinh-162-2026-ndd-cp-1-1:clause:26139""]","[""chunk:nghi-ddinh-162-2026-ndd-cp:khoan-nghi-ddinh-162-2026-ndd-cp-2-1:clause:26153"", ""chunk:nghi-ddinh-162-2026-ndd-cp:khoan-nghi-ddinh-162-2026-ndd-cp-1-2:clause:26151"", ""chunk:nghi-ddinh-162-2026-ndd-cp:dieu-nghi-ddinh-162-2026-ndd-cp-2:article:26152"", ""chunk:nghi-ddinh-162-2026-ndd-cp:khoan-nghi-ddinh-162-2026-ndd-cp-3-2:clause:26160""]",,0.44400000000000006
q0022,lightrag,single_hop_specific,Việc xử lý vi phạm hành chính trên môi trường điện tử phải đảm bảo những yêu cầu gì?,1.0,0.25,1.0,0.9992530679773267,0.9999999999666667,1.0,0.5,"LUẬT XỬ LÝ VI PHẠM HÀNH CHÍNH Luật Xử lý vi phạm hành chính số 15/2012/QH13 ngày 20 tháng 6 năm 2012 của Quốc hội, có hiệu lực kể từ ngày 01 tháng 7 năm 2013, được sửa đổi, bổ sung bởi: (90/VBHN-VPQH) > Điều 18a. Xử lý vi phạm hành chính trên môi trường điện tử[24]:
Điều 18a. Xử lý vi phạm hành chính trên môi trường điện tử[24]
1. Việc xử lý vi phạm hành chính trên môi trường điện tử được thực hiện khi bảo đảm điều kiện về cơ sở hạ tầng, kỹ thuật, thông tin.
2. Việc xử lý vi phạm hành chính trên môi trường điện tử phải bảo đảm các yêu cầu sau đây:
a) Tuân thủ quy định của pháp luật về xử lý vi phạm hành chính, pháp luật về giao dịch điện tử và pháp luật có liên quan;
b) Việc thu thập, lưu trữ, khai thác, sử dụng dữ liệu phải bảo đảm tính toàn vẹn, xác thực, an toàn, đúng mục đích, phạm vi theo quy định của pháp luật;
c) Kết nối hệ thống, chia sẻ dữ liệu, cung cấp thông tin chính xác, kịp thời phục vụ quản lý nhà nước và giám sát của cơ quan, tổ chức, cá nhân có thẩm quyền.
3. Chính phủ quy định chi tiết Điều này.","Việc xử lý vi phạm hành chính trên môi trường điện tử phải đảm bảo các yêu cầu sau đây:
*   Tuân thủ quy định của pháp luật về xử lý vi phạm hành chính, pháp luật về giao dịch điện tử và pháp luật có liên quan [C1], [C2], [C3].
*   Việc thu thập, lưu trữ, khai thác, sử dụng dữ liệu phải bảo đảm tính toàn vẹn, xác thực, an toàn, đúng mục đích, phạm vi theo quy định của pháp luật [C1], [C2], [C3].
*   Kết nối hệ thống, chia sẻ dữ liệu, cung cấp thông tin chính xác, kịp thời phục vụ quản lý nhà nước và giám sát của cơ quan, tổ chức, cá nhân có thẩm quyền [C1], [C2], [C3].",128.86957699993218,6694.266513000002,"[""chunk:90-vbhn-vpqh-699548:dieu-90-vbhn-vpqh-699548-18a:article:1309""]","[""chunk:90-vbhn-vpqh-699548:khoan-90-vbhn-vpqh-699548-18a-2:clause:1311"", ""chunk:90-vbhn-vpqh-699548:dieu-90-vbhn-vpqh-699548-18a:article:1309"", ""chunk:luat-88-2025-qh15:khoan-luat-88-2025-qh15-1-2:clause:18373"", ""chunk:luat-15-2012-qh13:dieu-luat-15-2012-qh13-1:article:7861""]",,0.8998506135887986
q0023,lightrag,single_hop_specific,Nếu vợ chồng không thỏa thuận chia được tài sản chung và yêu cầu Tòa án giải quyết thì mỗi người phải chịu án phí dân sự như thế nào?,1.0,0.25,0.5,0.9861755458815763,0.9999999999666667,1.0,0.5,"Nghị Quyết Quy Định Về Mức Thu, Miễn, Giảm, Thu, Nộp, Quản Lý Và Sử Dụng Án Phí Và Lệ Phí Tòa Án Nước Cộng Hòa Xã Hội Chủ Nghĩa Việt Nam (326/2016/UBTVQH14) > Chương III. ÁN PHÍ TRONG VỤ ÁN DÂN SỰ > Điều 27. Nghĩa vụ chịu án phí dân sự sơ thẩm trong một số loại việc cụ thể > Khoản 5 > Điểm c:
c) Trường hợp vợ chồng yêu cầu người khác thực hiện nghĩa vụ về tài sản mà Tòa án chấp nhận yêu cầu của vợ, chồng, thì người có nghĩa vụ về tài sản phải chịu án phí dân sự sơ thẩm đối với giá trị phân tài sản mà họ phải thực hiện; nếu họ không thỏa thuận chia được với nhau mà gộp vào tài sản chung và có yêu cầu Tòa án giải quyết thì mỗi người phải chịu án phí dân sự tương ứng với giá trị phần tài sản mà họ được chia;","Nếu vợ chồng không thỏa thuận chia được tài sản chung và yêu cầu Tòa án giải quyết, thì mỗi người phải chịu án phí dân sự tương ứng với giá trị phần tài sản mà họ được chia [C1], [C2], [C3].",137.7443499995934,9408.181055500108,"[""chunk:nghi-quyet-326-2016-ubtvqh14:diem-nghi-quyet-326-2016-ubtvqh14-27-5-c:point:30436""]","[""chunk:nghi-quyet-326-2016-ubtvqh14:dieu-nghi-quyet-326-2016-ubtvqh14-27:sliding:30421"", ""chunk:nghi-quyet-326-2016-ubtvqh14:khoan-nghi-quyet-326-2016-ubtvqh14-27-5:clause:30432"", ""chunk:nghi-quyet-326-2016-ubtvqh14:diem-nghi-quyet-326-2016-ubtvqh14-27-5-c:point:30436"", ""chunk:nghi-quyet-326-2016-ubtvqh14:dieu-nghi-quyet-326-2016-ubtvqh14-23:article:30368""]",,0.7972351091696486
q0024,lightrag,single_hop_specific,"Tiền bồi thường, trợ cấp phải được thanh toán một lần cho người lao động hoặc thân nhân của họ trong thời hạn bao nhiêu ngày kể từ ngày người sử dụng lao động ra quyết định bồi thường, trợ cấp?",1.0,0.25,1.0,0.9516766101647148,0.99999999995,1.0,0.57,"THÔNG TƯ Quy định chi tiết và hướng dẫn thi hành một số điều của Luật An toàn, vệ sinh lao động về chế độ đối với người lao động bị tai nạn lao động, bệnh nghề nghiệp (28/2021/TT-BLĐTBXH) > Chương II. MỘT SỐ CHẾ ĐỘ ĐỐI VỚI NGƯỜI BỊ TAI NẠN LAO ĐỘNG, BỆNH NGHỀ NGHIỆP THUỘC TRÁCH NHIỆM CỦA NGƯỜI SỬ DỤNG LAO ĐỘNG > Điều 7. Thời hạn thực hiện bồi thường, trợ cấp:
Điều 7. Thời hạn thực hiện bồi thường, trợ cấp
1. Quyết định bồi thường, trợ cấp của người sử dụng lao động đối với người bị tai nạn lao động, bệnh nghề nghiệp phải được hoàn tất trong thời hạn 5 ngày làm việc, kể từ ngày nhận được biên bản giám định của Hội đồng Giám định Y khoa về mức độ suy giảm khả năng lao động đối với những vụ tai nạn lao động nặng hoặc kể từ ngày Đoàn điều tra tai nạn lao động cấp tỉnh hoặc cấp trung ương tổ chức cuộc họp công bố Biên bản điều tra tai nạn lao động tại cơ sở đối với những vụ tai nạn lao động chết người.
2. Tiền bồi thường, trợ cấp phải được thanh toán một lần cho người lao động hoặc thân nhân của họ, trong thời hạn 05 ngày kể từ ngày người sử dụng lao động ra quyết định bồi thường, trợ cấp.","Tiền bồi thường, trợ cấp phải được thanh toán một lần cho người lao động hoặc thân nhân của họ trong thời hạn **05 ngày** kể từ ngày người sử dụng lao động ra quyết định bồi thường, trợ cấp [C1], [C2].",175.4440899999281,9408.181055500108,"[""chunk:thong-tu-28-2021-tt-blddtbxh:dieu-thong-tu-28-2021-tt-blddtbxh-7:article:31273""]","[""chunk:thong-tu-28-2021-tt-blddtbxh:khoan-thong-tu-28-2021-tt-blddtbxh-7-2:clause:31275"", ""chunk:thong-tu-28-2021-tt-blddtbxh:dieu-thong-tu-28-2021-tt-blddtbxh-7:article:31273"", ""chunk:luat-84-2015-qh13:khoan-luat-84-2015-qh13-61-2:clause:18088"", ""chunk:luat-84-2015-qh13:dieu-luat-84-2015-qh13-59:article:18079""]",,0.9043353220229429
q0025,lightrag,single_hop_specific,"Trong trường hợp nào, việc chuyển và bàn giao tang vật, phương tiện vi phạm hành chính đến cơ quan tiếp nhận quyết định xử phạt để thi hành phải lập thành biên bản?",1.0,0.25,0.6666666666666666,0.9841288930584323,0.9999999999,1.0,0.8,"NGHỊ ĐỊNH Quy định chi tiết một số điều và biện pháp thi hành Luật Xử lý vi phạm hành chính (118/2021/NĐ-CP) > Chương III. ÁP DỤNG QUY ĐỊNH VỀ XỬ PHẠT VI PHẠM HÀNH CHÍNH > Điều 22. Chuyển quyết định xử phạt vi phạm hành chính để tổ chức thi hành > Khoản 1:
1. Cơ quan của người đã ra quyết định xử phạt vi phạm hành chính đối với các trường hợp quy định tại khoản 1 và khoản 2 Điều 71 Luật Xử lý vi phạm hành chính có trách nhiệm chuyển toàn bộ bản gốc hồ sơ, giấy tờ liên quan đến cơ quan tiếp nhận quyết định xử phạt để thi hành. Tang vật, phương tiện vi phạm hành chính bị tạm giữ, tịch thu (nếu có) được chuyển đến cơ quan tiếp nhận quyết định xử phạt để thi hành.
Việc chuyển và bàn giao tang vật, phương tiện vi phạm hành chính đến cơ quan tiếp nhận quyết định xử phạt để thi hành phải lập thành biên bản.","Việc chuyển và bàn giao tang vật, phương tiện vi phạm hành chính đến cơ quan tiếp nhận quyết định xử phạt để thi hành phải lập thành biên bản trong trường hợp cơ quan của người đã ra quyết định xử phạt vi phạm hành chính chuyển toàn bộ bản gốc hồ sơ, giấy tờ liên quan đến cơ quan tiếp nhận quyết định xử phạt để thi hành đối với các trường hợp quy định tại khoản 1 và khoản 2 Điều 71 Luật Xử lý vi phạm hành chính [C1].",179.9440369995864,9540.59723399996,"[""chunk:nghi-ddinh-118-2021-ndd-cp:khoan-nghi-ddinh-118-2021-ndd-cp-22-1:clause:21889""]","[""chunk:nghi-ddinh-118-2021-ndd-cp:khoan-nghi-ddinh-118-2021-ndd-cp-22-1:clause:21889"", ""chunk:luat-15-2012-qh13:diem-luat-15-2012-qh13-82-2-a:point:8533"", ""chunk:nghi-ddinh-118-2021-ndd-cp:dieu-nghi-ddinh-118-2021-ndd-cp-1:article:21117"", ""chunk:nghi-ddinh-118-2021-ndd-cp:khoan-nghi-ddinh-118-2021-ndd-cp-3-2:sliding:21382""]",,0.8901591119250197
q0026,lightrag,single_hop_specific,Trường hợp người lao động đang tham gia bảo hiểm xã hội hoặc đang bảo lưu thời gian đóng bảo hiểm xã hội chết thì trợ cấp tuất một lần được tính theo quy định tại văn bản nào?,0.0,0.0,1.0,0.960266132701366,0.49999999995,1.0,0.62,"NGHỊ ĐỊNH Quy định chi tiết và hướng dẫn thi hành một số điều của Luật Bảo hiểm xã hội về bảo hiểm xã hội bắt buộc (158/2025/NĐ-CP) > Chương III. CHẾ ĐỘ BẢO HIỂM XÃ HỘI BẮT BUỘC > Mục 2. CHẾ ĐỘ TỬ TUẤT > Điều 21. Chế độ tử tuất đối với người vừa có thời gian đóng bảo hiểm xã hội tự nguyện vừa có thời gian đóng bảo hiểm xã hội bắt buộc > Khoản 5 > Điểm a:
a) Đối với người lao động đang tham gia bảo hiểm xã hội hoặc đang bảo lưu thời gian đóng bảo hiểm xã hội chết thì trợ cấp tuất một lần được tính theo quy định tại khoản 1 Điều 89 của Luật Bảo hiểm xã hội trên cơ sở mức bình quân thu nhập và tiền lương làm căn cứ đóng bảo hiểm xã hội theo quy định tại khoản 5 Điều 17 của Nghị định này;",Trường hợp người lao động đang tham gia bảo hiểm xã hội hoặc đang bảo lưu thời gian đóng bảo hiểm xã hội chết thì trợ cấp tuất một lần được tính theo quy định tại khoản 1 Điều 89 của Luật Bảo hiểm xã hội trên cơ sở mức bình quân thu nhập và tiền lương làm căn cứ đóng bảo hiểm xã hội theo quy định tại khoản 5 Điều 17 của Nghị định 158/2025/NĐ-CP [C2].,156.57785899975352,9540.59723399996,"[""chunk:nghi-ddinh-158-2025-ndd-cp:diem-nghi-ddinh-158-2025-ndd-cp-21-5-a:point:25796""]","[""chunk:luat-41-2024-qh15:diem-luat-41-2024-qh15-88-1-a:point:11245"", ""chunk:nghi-ddinh-158-2025-ndd-cp:khoan-nghi-ddinh-158-2025-ndd-cp-21-5:clause:25795"", ""chunk:luat-41-2024-qh15:dieu-luat-41-2024-qh15-110:article:11375"", ""chunk:luat-58-2014-qh13:dieu-luat-58-2014-qh13-81:article:14480""]",,0.8160532265302732
q0027,lightrag,single_hop_specific,"Trong trường hợp các bên không có thỏa thuận khác hoặc quy tắc tố tụng của Trung tâm trọng tài không có quy định khác, giấy triệu tập tham dự phiên họp phải được gửi cho các bên chậm nhất bao nhiêu ngày trước ngày mở phiên họp?",1.0,0.25,1.0,0.9744619451110739,0.99999999995,1.0,0.67,"Luật Trọng Tài Thương Mại (54/2010/QH12) > Chương VIII. PHIÊN HỌP GIẢI QUYẾT TRANH CHẤP > Điều 54. Chuẩn bị phiên họp giải quyết tranh chấp:
Điều 54. Chuẩn bị phiên họp giải quyết tranh chấp
1. Trường hợp các bên không có thoả thuận khác hoặc quy tắc tố tụng của Trung tâm trọng tài không có quy định khác, thời gian và địa điểm mở phiên họp do Hội đồng trọng tài quyết định.
2. Trường hợp các bên không có thoả thuận khác hoặc quy tắc tố tụng của Trung tâm trọng tài không có quy định khác, giấy triệu tập tham dự phiên họp phải được gửi cho các bên chậm nhất 30 ngày trước ngày mở phiên họp.","Trong trường hợp các bên không có thỏa thuận khác hoặc quy tắc tố tụng của Trung tâm trọng tài không có quy định khác, giấy triệu tập tham dự phiên họp phải được gửi cho các bên chậm nhất 30 ngày trước ngày mở phiên họp [C1], [C2].",190.2391560001888,788.7250850001237,"[""chunk:luat-54-2010-qh12:dieu-luat-54-2010-qh12-54:article:13493""]","[""chunk:luat-54-2010-qh12:khoan-luat-54-2010-qh12-54-2:clause:13495"", ""chunk:luat-54-2010-qh12:dieu-luat-54-2010-qh12-54:article:13493"", ""chunk:luat-54-2010-qh12:khoan-luat-54-2010-qh12-54-1:clause:13494"", ""chunk:luat-54-2010-qh12:khoan-luat-54-2010-qh12-30-3:clause:13357""]",,0.9288923890122147
q0028,lightrag,single_hop_specific,"Người sử dụng lao động có trách nhiệm gì khi phát hiện dấu hiệu rủi ro về bảo mật, giả mạo, sai lệch thông tin hoặc truy cập trái phép?",0.0,0.0,1.0,0.9768622355688105,0.9999999999,0.38461538461538464,0.42,"NGHỊ ĐỊNH Quy định về hợp đồng lao động điện tử (337/2025/NĐ-CP) > Chương IV. TỔ CHỨC THỰC HIỆN > Điều 19. Quyền và trách nhiệm của người sử dụng lao động:
Điều 19. Quyền và trách nhiệm của người sử dụng lao động
1. Người sử dụng lao động có các quyền sau đây:
a) Đăng ký và sử dụng tài khoản truy cập Nền tảng hợp đồng lao động điện tử để tra cứu, xác minh và quản lý dữ liệu hợp đồng lao động điện tử của mình đã giao kết.
b) Sử dụng eContract để khai trình lao động và báo cáo tình hình sử dụng lao động theo quy định tại Điều 4 Nghị định số 145/2020/NĐ-CP ngày 14 tháng 12 năm 2020 của Chính phủ quy định chi tiết và hướng dẫn thi hành một số điều của Bộ luật Lao động về điều kiện lao động và quan hệ lao động.
c) Chia sẻ, sử dụng dữ liệu hợp đồng lao động điện tử của mình từ Nền tảng hợp đồng lao động điện tử để báo cáo về tình hình sử dụng lao động, thực hiện các thủ tục hành chính, giao dịch điện tử có liên quan theo quy định pháp luật.
2. Người sử dụng lao động có trách nhiệm sau đây:
a) Thực hiện việc giao kết, sửa đổi, bổ sung, tạm hoãn và chấm dứt hợp đồng lao động điện tử theo quy định tại Nghị định này.
b) Lưu trữ và bảo mật dữ liệu hợp đồng lao động điện tử, bảo đảm tính toàn vẹn và khả năng truy xuất khi cần thiết.
c) Phối hợp với Nhà cung cấp eContract và cơ quan quản lý nhà nước trong việc kiểm tra, xác minh thông tin và giải quyết các vấn đề phát sinh liên quan đến hợp đồng lao động điện tử.
d) Tổ chức hướng dẫn, đào tạo, cung cấp các phương tiện, điều kiện để hỗ trợ người lao động giao kết, thực hiện hợp đồng lao động điện tử; sử dụng, truy cập hợp đồng lao động điện tử trên Nền tảng hợp đồng lao động điện tử.
đ) Thông báo ngay cho cơ quan quản lý Nền tảng hợp đồng lao động điện tử khi phát hiện có dấu hiệu rủi ro về bảo mật, giả mạo, sai lệch thông tin hoặc truy cập trái phép.
e) Tuân thủ quy định pháp luật về bảo vệ bí mật nhà nước, bảo vệ dữ liệu cá nhân và quy chế hoạt động của Nền tảng hợp đồng lao động điện tử trong quá trình khai thác, sử dụng dữ liệu hợp đồng lao động điện tử.","Khi phát hiện có dấu hiệu rủi ro về bảo mật, giả mạo, sai lệch thông tin hoặc truy cập trái phép, người sử dụng lao động có trách nhiệm thông báo ngay cho cơ quan quản lý Nền tảng hợp đồng lao động điện tử [C1].",149.23303900013707,788.7250850001237,"[""chunk:nghi-ddinh-337-2025-ndd-cp:dieu-nghi-ddinh-337-2025-ndd-cp-19:article:28505""]","[""chunk:nghi-ddinh-337-2025-ndd-cp:diem-nghi-ddinh-337-2025-ndd-cp-19-2-dd:point:28515"", ""chunk:nghi-ddinh-337-2025-ndd-cp:diem-nghi-ddinh-337-2025-ndd-cp-20-2-d:point:28525"", ""chunk:nghi-ddinh-337-2025-ndd-cp:khoan-nghi-ddinh-337-2025-ndd-cp-20-2:clause:28521"", ""chunk:nghi-ddinh-145-2020-ndd-cp:dieu-nghi-ddinh-145-2020-ndd-cp-4:article:24186""]",,0.756295524016839
q0029,lightrag,single_hop_specific,Mức trợ cấp tuất một lần cho thân nhân của người lao động có thời gian đóng bảo hiểm xã hội chưa đủ một năm tối đa là bao nhiêu?,1.0,0.25,1.0,0.9992855279412977,0.99999999995,1.0,0.18,"Luật Bảo Hiểm Xã Hội (58/2014/QH13) > Chương IV. BẢO HIỂM XÃ HỘI TỰ NGUYỆN > Mục 2. CHẾ ĐỘ TỬ TUẤT > Điều 81. Trợ cấp tuất:
Điều 81. Trợ cấp tuất
1. Người lao động đang đóng bảo hiểm xã hội, người lao động đang bảo lưu thời gian đóng bảo hiểm xã hội, người đang hưởng lương hưu khi chết thì thân nhân được hưởng trợ cấp tuất một lần.
2. Mức trợ cấp tuất một lần đối với thân nhân của người lao động đang đóng bảo hiểm xã hội hoặc đang bảo lưu thời gian đóng bảo hiểm xã hội được tính theo số năm đã đóng bảo hiểm xã hội, cứ mỗi năm tính bằng 1,5 tháng mức bình quân thu nhập tháng đóng bảo hiểm xã hội quy định tại Điều 79 của Luật này cho những năm đóng bảo hiểm xã hội trước năm 2014; bằng 02 tháng mức bình quân thu nhập tháng đóng bảo hiểm xã hội cho các năm đóng từ năm 2014 trở đi.
Trường hợp người lao động có thời gian đóng bảo hiểm xã hội chưa đủ một năm thì mức trợ cấp tuất một lần bằng số tiền đã đóng nhưng mức tối đa bằng 02 tháng mức bình quân thu nhập tháng đóng bảo hiểm xã hội; trường hợp người lao động có cả thời gian đóng bảo hiểm xã hội bắt buộc và tự nguyện thì mức hưởng trợ cấp tuất một lần tối thiểu bằng 03 tháng mức bình quân tiền lương và thu nhập tháng đóng bảo hiểm xã hội.
3. Mức trợ cấp tuất một lần đối với thân nhân của người đang hưởng lương hưu chết được tính theo thời gian đã hưởng lương hưu, nếu chết trong 02 tháng đầu hưởng lương hưu thì tính bằng 48 tháng lương hưu đang hưởng; trường hợp chết vào những tháng sau đó, cứ hưởng thêm 01 tháng lương hưu thì mức trợ cấp giảm đi 0,5 tháng lương hưu.","Mức trợ cấp tuất một lần cho thân nhân của người lao động có thời gian đóng bảo hiểm xã hội chưa đủ một năm tối đa bằng **02 tháng mức bình quân thu nhập tháng đóng bảo hiểm xã hội** [C1], [C2].

Tuy nhiên, theo quy định mới, mức trợ cấp tuất một lần đối với trường hợp người lao động có thời gian đóng chưa đủ 60 tháng sẽ bằng **số tiền đã đóng** [C3].",171.13115100028153,1101.2929270000313,"[""chunk:luat-58-2014-qh13:dieu-luat-58-2014-qh13-81:article:14480""]","[""chunk:luat-58-2014-qh13:dieu-luat-58-2014-qh13-81:article:14480"", ""chunk:luat-58-2014-qh13:khoan-luat-58-2014-qh13-81-2:clause:14482"", ""chunk:luat-41-2024-qh15:dieu-luat-41-2024-qh15-110:article:11375"", ""chunk:nghi-ddinh-158-2025-ndd-cp:khoan-nghi-ddinh-158-2025-ndd-cp-21-5:clause:25795""]",,0.8358571055782595
q0030,lightrag,single_hop_specific,Hành vi nào bị nghiêm cấm theo Luật Dân số?,1.0,0.25,1.0,0.9919168239115723,0.49999999995,1.0,0.88,"Luật Dân Số (113/2025/QH15) > Chương I. NHỮNG QUY ĐỊNH CHUNG > Điều 6. Các hành vi bị nghiêm cấm:
Điều 6. Các hành vi bị nghiêm cấm
1. Tuyên truyền, phổ biến hoặc đưa thông tin có nội dung sai sự thật, xuyên tạc chủ trương, đường lối của Đảng và chính sách, pháp luật của Nhà nước về dân số.
2. Cản trở việc tuyên truyền, giáo dục, vận động phổ biến thông tin, tư vấn về dân số, kế hoạch hóa gia đình, tiếp cận dịch vụ dân số.
3. Lựa chọn giới tính thai nhi dưới mọi hình thức; thông báo, tiết lộ giới tính thai nhi, trừ trường hợp do Bộ trưởng Bộ Y tế quy định để phục vụ chẩn đoán và điều trị các bệnh liên quan đến giới tính.
4. Cưỡng bức, ép buộc việc sinh con hoặc không sinh con.
5. Kỳ thị, phân biệt đối xử trong tiếp cận dịch vụ dân số.
6. Nhân bản vô tính người.","Theo Luật Dân số, các hành vi sau đây bị nghiêm cấm:
* Tuyên truyền, phổ biến hoặc đưa thông tin có nội dung sai sự thật, xuyên tạc chủ trương, đường lối của Đảng và chính sách, pháp luật của Nhà nước về dân số [C2].
* Cản trở việc tuyên truyền, giáo dục, vận động phổ biến thông tin, tư vấn về dân số, kế hoạch hóa gia đình, tiếp cận dịch vụ dân số [C2], [C4].
* Lựa chọn giới tính thai nhi dưới mọi hình thức; thông báo, tiết lộ giới tính thai nhi, trừ trường hợp do Bộ trưởng Bộ Y tế quy định để phục vụ chẩn đoán và điều trị các bệnh liên quan đến giới tính [C2].
* Cưỡng bức, ép buộc việc sinh con hoặc không sinh con [C1], [C2].
* Kỳ thị, phân biệt đối xử trong tiếp cận dịch vụ dân số [C2], [C3].
* Nhân bản vô tính người [C2].",97.72999000006166,1101.2929270000313,"[""chunk:luat-113-2025-qh15:dieu-luat-113-2025-qh15-6:article:6877""]","[""chunk:luat-113-2025-qh15:khoan-luat-113-2025-qh15-6-4:clause:6881"", ""chunk:luat-113-2025-qh15:dieu-luat-113-2025-qh15-6:article:6877"", ""chunk:luat-113-2025-qh15:khoan-luat-113-2025-qh15-6-5:clause:6882"", ""chunk:luat-113-2025-qh15:khoan-luat-113-2025-qh15-6-2:clause:6879""]",,0.8743833647723145
q0031,lightrag,single_hop_specific,"Theo Luật Công Đoàn, tài chính công đoàn được sử dụng cho những nhiệm vụ nào?",0.0,0.0,1.0,0.9961507084515755,0.3333333333,0.875,0.61,"Luật Công Đoàn (50/2024/QH15) > Chương IV. BẢO ĐẢM HOẠT ĐỘNG CỦA CÔNG ĐOÀN > Điều 31. Quản lý, sử dụng tài chính công đoàn:
Điều 31. Quản lý, sử dụng tài chính công đoàn 1. Tài chính công đoàn được sử dụng phục vụ hoạt động công đoàn và bảo đảm các nguyên tắc sau đây: a) Việc quản lý và sử dụng tài chính công đoàn phải bảo đảm nguyên tắc tập trung, công khai, minh bạch, tiết kiệm, hiệu quả, có phân công, phân cấp quản lý, gắn quyền hạn và trách nhiệm của công đoàn các cấp; b) Tổ chức công đoàn các cấp thực hiện công tác kế toán, thống kê, báo cáo, quyết toán tài chính công đoàn theo quy định của pháp luật về kế toán, thống kê; c) Công đoàn thực hiện quản lý, sử dụng tài chính công đoàn theo quy định của pháp luật và quy định của Tổng Liên đoàn Lao động Việt Nam. 2. Tài chính công đoàn được sử dụng cho các nhiệm vụ sau đây: a) Thực hiện hoạt động đại diện, bảo vệ quyền, lợi ích hợp pháp, chính đáng của đoàn viên công đoàn và người lao động; tham gia xây dựng quan hệ lao động tiến bộ, hài hòa và ổn định; b) Tuyên truyền, phổ biến, giáo dục đường lối, chủ trương của Đảng, chính sách, pháp luật của Nhà nước; nâng cao trình độ, chuyên môn, kỹ năng nghề nghiệp, tác phong làm việc cho đoàn viên công đoàn, người lao động; c) Thăm hỏi, trợ cấp cho đoàn viên công đoàn và người lao động khi ốm đau, thai sản, khó khăn, hoạn nạn; tổ chức hoạt động chăm lo khác đối với đoàn viên công đoàn và người lao động; d) Phát triển đoàn viên công đoàn, thành lập công đoàn cơ sở, nghiệp đoàn cơ sở và xây dựng Công đoàn vững mạnh; đ) Đào tạo, bồi dưỡng cán bộ công đoàn; đào tạo, bồi dưỡng người lao động ưu tú tạo nguồn cán bộ cho Đảng, Nhà nước và tổ chức Công đoàn; e) Tổ chức phong trào thi đua do Công đoàn chủ trì hoặc phối hợp phát động; g) Tổ chức hoạt động văn hóa, thể thao, tham quan, du","Theo Luật Công đoàn, tài chính công đoàn được sử dụng cho các nhiệm vụ sau [C3]:

*   Thực hiện hoạt động đại diện, bảo vệ quyền, lợi ích hợp pháp, chính đáng của đoàn viên công đoàn và người lao động; tham gia xây dựng quan hệ lao động tiến bộ, hài hòa và ổn định [C3].
*   Tuyên truyền, phổ biến, giáo dục đường lối, chủ trương của Đảng, chính sách, pháp luật của Nhà nước; nâng cao trình độ, chuyên môn, kỹ năng nghề nghiệp, tác phong làm việc cho đoàn viên công đoàn, người lao động [C3].
*   Thăm hỏi, trợ cấp cho đoàn viên công đoàn và người lao động khi ốm đau, thai sản, khó khăn, hoạn nạn; tổ chức hoạt động chăm lo khác đối với đoàn viên công đoàn và người lao động [C3].
*   Phát triển đoàn viên công đoàn, thành lập công đoàn cơ sở, nghiệp đoàn cơ sở và xây dựng Công đoàn vững mạnh [C3].
*   Đào tạo, bồi dưỡng cán bộ công đoàn; đào tạo, bồi dưỡng người lao động ưu tú tạo nguồn cán bộ cho Đảng, Nhà nước và tổ chức Công đoàn [C3].
*   Tổ chức phong trào thi đua do Công đoàn chủ trì hoặc phối hợp phát động [C3].
*   Tổ chức hoạt động văn hóa, thể thao, tham quan, du lịch cho đoàn viên công đoàn và người lao động [C3].
*   Khen thưởng, động viên người lao động, con của người lao động có thành tích trong học tập, công tác [C3].
*   Đầu tư xây dựng nhà ở xã hội cho đoàn viên công đoàn và người lao động thuê; công trình văn hóa, thể thao, hạ tầng kỹ thuật có liên quan phục vụ đoàn viên công đoàn, người lao động theo quy định của pháp luật [C3].
*   Hoạt động bảo đảm bình đẳng giới phù hợp với chức năng, nhiệm vụ của tổ chức Công đoàn [C2], [C3].
*   Nghiên cứu khoa học, công nghệ, đổi mới sáng tạo và chuyển đổi số của tổ chức Công đoàn [C2], [C3].
*   Chi quản lý hành chính để phục vụ hoạt động của tổ chức Công đoàn các cấp, hoạt động hợp tác quốc tế của Công đoàn [C2], [C3].
*   Trả lương, phụ cấp và các khoản phải nộp theo lương cho cán bộ công đoàn chuyên trách, phụ cấp hoạt động cho cán bộ công đoàn không chuyên trách [C2].
*   Hỗ trợ cho cán bộ công đoàn không chuyên trách trong thời gian gián đoạn việc làm, không thể trở lại làm công việc cũ do bị người sử dụng lao động chấm dứt hợp đồng lao động, hợp đồng làm việc, buộc thôi việc hoặc sa thải trái pháp luật [C1], [C2].
*   Hỗ trợ công đoàn cơ sở nơi được miễn, giảm hoặc tạm dừng đóng kinh phí công đoàn quy định tại Điều 30 của Luật này để chăm lo cho đoàn viên công đoàn, người lao động [C1], [C2].
*   Hoạt động xã hội do Công đoàn chủ trì hoặc phối hợp [C1], [C2].
*   Nhiệm vụ chi khác theo quy định của pháp luật [C1], [C2].",118.42340199973478,2136.3063769999826,"[""chunk:luat-50-2024-qh15:dieu-luat-50-2024-qh15-31:article:12470""]","[""chunk:luat-50-2024-qh15:dieu-luat-50-2024-qh15-31:sliding:12472"", ""chunk:luat-50-2024-qh15:khoan-luat-50-2024-qh15-31-2:sliding:12478"", ""chunk:luat-50-2024-qh15:khoan-luat-50-2024-qh15-31-2:clause:12477"", ""chunk:luat-50-2024-qh15:dieu-luat-50-2024-qh15-30:article:12465""]",,0.762896808350315
q0032,lightrag,single_hop_specific,"Trong thời hạn bao nhiêu ngày làm việc kể từ ngày người sử dụng lao động thông báo tuyển dụng người lao động, doanh nghiệp có trách nhiệm cập nhật kết quả trên Sàn giao dịch việc làm quốc gia?",1.0,0.25,1.0,0.9931065636603353,0.99999999995,1.0,0.8,"NGHỊ ĐỊNH Quy định chi tiết một số điều của Luật Việc làm về dịch vụ việc làm (352/2025/NĐ-CP) > Chương III. DOANH NGHIỆP HOẠT ĐỘNG DỊCH VỤ VIỆC LÀM > Điều 23. Trách nhiệm của doanh nghiệp hoạt động dịch vụ việc làm > Khoản 2:
2. Trong thời hạn 20 ngày làm việc, kể từ ngày người sử dụng lao động thông báo tuyển dụng người lao động, doanh nghiệp có trách nhiệm cập nhật kết quả trên Sàn giao dịch việc làm quốc gia; thực hiện theo dõi tình trạng việc làm của người lao động do doanh nghiệp giới thiệu tối thiểu 01 tháng hoặc trong thời gian thực hiện hợp đồng lao động đối với những trường hợp thực hiện hợp đồng lao động dưới 01 tháng theo Mẫu số 04 Phụ lục I ban hành kèm theo Nghị định này.","Trong thời hạn **20 ngày làm việc** kể từ ngày người sử dụng lao động thông báo tuyển dụng người lao động, doanh nghiệp có trách nhiệm cập nhật kết quả trên Sàn giao dịch việc làm quốc gia. [C1], [C2]",172.81195799978377,2136.3063769999826,"[""chunk:nghi-ddinh-352-2025-ndd-cp:khoan-nghi-ddinh-352-2025-ndd-cp-23-2:clause:29125""]","[""chunk:nghi-ddinh-352-2025-ndd-cp:khoan-nghi-ddinh-352-2025-ndd-cp-23-2:clause:29125"", ""chunk:nghi-ddinh-352-2025-ndd-cp:dieu-nghi-ddinh-352-2025-ndd-cp-23:article:29122"", ""chunk:nghi-ddinh-352-2025-ndd-cp:dieu-nghi-ddinh-352-2025-ndd-cp-23:sliding:29123"", ""chunk:nghi-ddinh-352-2025-ndd-cp:khoan-nghi-ddinh-352-2025-ndd-cp-15-1:clause:29016""]",,0.9586213127220671
q0033,lightrag,single_hop_specific,"Nguyên tắc xếp loại chất lượng cán bộ, công chức là gì?",0.0,0.0,1.0,0.9473691162735919,0.0,0.3333333333333333,0.2,"Luật Sửa Đổi, Bổ Sung Một Số Điều Của Luật Cán Bộ, Công Chức Và Luật Viên Chức (52/2019/QH14) > Điều 1. Sửa đổi, bổ sung một số điều của Luật Cán bộ, công chức > Khoản 1 > Điểm c:
c) Hoàn thành nhiệm vụ;
c) Bộ, cơ quan ngang bộ, cơ quan thuộc Chính phủ, tổ chức do Chính phủ, Thủ tướng Chính phủ thành lập mà không phải là đơn vị sự nghiệp công lập tuyển dụng và phân cấp tuyển dụng công chức trong cơ quan, tổ chức, đơn vị thuộc quyền quản lý;
c) Đáp ứng yêu cầu về văn bằng, chứng chỉ của ngạch công chức đăng ký dự thi;
c) Năng lực, trình độ chuyên môn, nghiệp vụ;
c) Hoàn thành nhiệm vụ;
c) Hạ bậc lương;","Ngữ cảnh được cung cấp không nêu rõ nguyên tắc xếp loại chất lượng cán bộ, công chức. Ngữ cảnh chỉ đề cập đến các mức xếp loại chất lượng đối với công chức [C1], [C3] và việc xếp loại chất lượng công chức được căn cứ vào kết quả đánh giá [C2].",76.96651900005236,22360.26731800007,"[""chunk:luat-52-2019-qh14:diem-luat-52-2019-qh14-1-1-c:point:13099""]","[""chunk:luat-80-2025-qh15:dieu-luat-80-2025-qh15-26:article:17501"", ""chunk:luat-52-2019-qh14:dieu-luat-52-2019-qh14-1:sliding:13077"", ""chunk:luat-80-2025-qh15:khoan-luat-80-2025-qh15-26-1:clause:17502"", ""chunk:luat-80-2025-qh15:dieu-luat-80-2025-qh15-1:article:17312""]",,0.4961404899213851
q0034,lightrag,single_hop_specific,"Cơ quan, tổ chức, cá nhân hoạt động trong lĩnh vực sức khỏe có được cung cấp dữ liệu cá nhân cho bên thứ ba là tổ chức cung cấp dịch vụ chăm sóc sức khỏe hoặc dịch vụ bảo hiểm sức khỏe, bảo hiểm nhân thọ khi có yêu cầu bằng văn bản của chủ thể dữ liệu cá nhân hay không?",1.0,0.25,,0.8845559590248964,0.5833333333041666,1.0,0.29,"Luật Bảo Vệ Dữ Liệu Cá Nhân (91/2025/QH15) > Chương II. BẢO VỆ DỮ LIỆU CÁ NHÂN > Mục 2. BẢO VỆ DỮ LIỆU CÁ NHÂN TRONG MỘT SỐ HOẠT ĐỘNG > Điều 26. Bảo vệ dữ liệu cá nhân đối với thông tin sức khỏe và trong hoạt động kinh doanh bảo hiểm > Khoản 2:
2. Cơ quan, tổ chức, cá nhân hoạt động trong lĩnh vực sức khỏe không cung cấp dữ liệu cá nhân cho bên thứ ba là tổ chức cung cấp dịch vụ chăm sóc sức khỏe hoặc dịch vụ bảo hiểm sức khỏe, bảo hiểm nhân thọ, trừ trường hợp có yêu cầu bằng văn bản của chủ thể dữ liệu cá nhân hoặc trường hợp quy định tại khoản 1 Điều 19 của Luật này.","Cơ quan, tổ chức, cá nhân hoạt động trong lĩnh vực sức khỏe **được phép** cung cấp dữ liệu cá nhân cho bên thứ ba là tổ chức cung cấp dịch vụ chăm sóc sức khỏe hoặc dịch vụ bảo hiểm sức khỏe, bảo hiểm nhân thọ khi có yêu cầu bằng văn bản của chủ thể dữ liệu cá nhân. [C2]

Ngoài ra, việc cung cấp dữ liệu cá nhân cũng được phép trong các trường hợp không cần sự đồng ý của chủ thể dữ liệu cá nhân, bao gồm:
*   Để bảo vệ tính mạng, sức khỏe, danh dự, nhân phẩm, quyền, lợi ích hợp pháp của chủ thể dữ liệu cá nhân hoặc người khác trong trường hợp cấp bách; bảo vệ quyền hoặc lợi ích chính đáng của mình, của người khác hoặc lợi ích của Nhà nước, của cơ quan tổ chức một cách cần thiết trước hành vi xâm phạm lợi ích nói trên. [C1a]
*   Để giải quyết tình trạng khẩn cấp; nguy cơ đe dọa an ninh quốc gia nhưng chưa đến mức ban bố tình trạng khẩn cấp; phòng, chống bạo loạn, khủng bố, phòng, chống tội phạm và vi phạm pháp luật. [C1b]
*   Phục vụ hoạt động của cơ quan nhà nước, hoạt động quản lý nhà nước theo quy định của pháp luật. [C1c]
*   Thực hiện thỏa thuận của chủ thể dữ liệu cá nhân với cơ quan, tổ chức, cá nhân có liên quan theo quy định của pháp luật. [C1d]
*   Các trường hợp khác theo quy định của pháp luật. [C1đ]",143.65421000002243,22360.26731800007,"[""chunk:luat-91-2025-qh15:khoan-luat-91-2025-qh15-26-2:clause:18715""]","[""chunk:luat-91-2025-qh15:khoan-luat-91-2025-qh15-19-1:clause:18638"", ""chunk:luat-91-2025-qh15:khoan-luat-91-2025-qh15-26-2:clause:18715"", ""chunk:luat-91-2025-qh15:dieu-luat-91-2025-qh15-26:article:18711"", ""chunk:luat-91-2025-qh15:khoan-luat-91-2025-qh15-15-2:clause:18610""]","RuntimeError: Judge không trả được JSON hợp lệ: 1 validation error for NLIStatementOutput
statements
  Field required [type=missing, input_value={'statement': 'Cơ quan, ... thể.', 'verdict': 0}, input_type=dict]
    For further information visit https://errors.pydantic.dev/2.12/v/missing",0.6894723230822657
q0035,lightrag,single_hop_specific,Bộ Nội vụ có trách nhiệm báo cáo Chính phủ về đội ngũ viên chức khi nào?,1.0,0.25,1.0,1.0,0.99999999995,1.0,0.2,"Luật Viên Chức (58/2010/QH12) > Chương III. TUYỂN DỤNG, SỬ DỤNG VIÊN CHỨC > Mục 7. CHẾ ĐỘ THÔI VIỆC, HƯU TRÍ > Điều 47. Quản lý nhà nước về viên chức > Khoản 2:
2. Bộ Nội vụ chịu trách nhiệm trước Chính phủ thực hiện việc quản lý nhà nước về viên chức và có các nhiệm vụ, quyền hạn sau:
a) Xây dựng và ban hành theo thẩm quyền hoặc trình cơ quan có thẩm quyền ban hành văn bản quy phạm pháp luật về viên chức;
b) Chủ trì phối hợp với các bộ, cơ quan ngang bộ lập quy hoạch, kế hoạch xây dựng, phát triển đội ngũ viên chức trình cấp có thẩm quyền quyết định;
c) Chủ trì phối hợp với các bộ, cơ quan ngang bộ trong việc ban hành hệ thống danh mục, tiêu chuẩn và mã số chức danh nghề nghiệp;
d) Quản lý công tác thống kê về viên chức; hướng dẫn việc lập, quản lý hồ sơ viên chức; phát triển và vận hành cơ sở dữ liệu quốc gia về viên chức;
đ) Thanh tra, kiểm tra việc quản lý nhà nước về viên chức;
e) Hàng năm, báo cáo Chính phủ về đội ngũ viên chức.","Bộ Nội vụ có trách nhiệm báo cáo Chính phủ về đội ngũ viên chức **hàng năm** [C1, C2].",114.03170499988846,8935.579265999877,"[""chunk:luat-58-2010-qh12:khoan-luat-58-2010-qh12-47-2:clause:13908""]","[""chunk:luat-58-2010-qh12:khoan-luat-58-2010-qh12-47-2:clause:13908"", ""chunk:luat-58-2010-qh12:dieu-luat-58-2010-qh12-47:article:13906"", ""chunk:luat-129-2025-qh15:dieu-luat-129-2025-qh15-39:article:7820"", ""chunk:luat-22-2008-qh12:dieu-luat-22-2008-qh12-65:article:9231""]",,0.8399999999900001
q0036,lightrag,single_hop_specific,Nghị định số 90/2019/NĐ-CP hết hiệu lực khi nào?,1.0,0.25,1.0,1.0,0.99999999995,1.0,0.4,"NGHỊ ĐỊNH Quy định mức lương tối thiểu đối với người lao động làm việc theo hợp đồng lao động (38/2022/NĐ-CP) > Điều 5. Hiệu lực và trách nhiệm thi hành > Khoản 2:
2. Nghị định số 90/2019/NĐ-CP ngày 15 tháng 11 năm 2019 của Chính phủ quy định mức lương tối thiểu vùng đối với người lao động làm việc theo hợp đồng lao động hết hiệu lực kể từ ngày Nghị định này có hiệu lực thi hành. 2. Vùng II, gồm các địa bàn: - Các huyện còn lại thuộc thành phố Hà Nội; - Các huyện còn lại thuộc thành phố Hải Phòng; - Thành phố Hải Dương thuộc tỉnh Hải Dương; - Thành phố Hưng Yên, thị xã Mỹ Hào và các huyện Văn Lâm, Văn Giang, Yên Mỹ thuộc tỉnh Hưng Yên; - Các thành phố Vĩnh Yên, Phúc Yên và các huyện Bình Xuyên, Yên Lạc thuộc tỉnh Vĩnh Phúc; - Các thành phố Bắc Ninh, Từ Sơn và các huyện Quế Võ, Tiên Du, Yên Phong, Thuận Thành, Gia Bình, Lương Tài thuộc tỉnh Bắc Ninh; - Các thành phố Cẩm Phả, Uông Bí, Móng Cái và các thị xã Quảng Yên, Đông Triều thuộc tỉnh Quảng Ninh; - Các thành phố Thái Nguyên, Sông Công và Phổ Yên thuộc tỉnh Thái Nguyên; - Thành phố Hoà Bình và huyện Lương Sơn thuộc tỉnh Hòa Bình; - Thành phố Việt Trì thuộc tỉnh Phú Thọ; - Thành phố Lào Cai thuộc tỉnh Lào Cai; - Thành phố Nam Định và huyện Mỹ Lộc thuộc tỉnh Nam Định; - Thành phố Ninh Bình thuộc tỉnh Ninh Bình; - Thành phố Vinh, thị xã Cửa Lò và các huyện Nghi Lộc, Hưng Nguyên thuộc tỉnh Nghệ An; - Thành phố Đồng Hới thuộc tỉnh Quảng Bình; - Thành phố Huế thuộc tỉnh Thừa Thiên Huế; - Các thành phố Hội An, Tam Kỳ thuộc tỉnh Quảng Nam; - Các quận, huyện thuộc thành phố Đà Nẵng; - Các thành phố Nha Trang, Cam Ranh thuộc tỉnh Khánh Hòa; - Các thành phố Đà Lạt, Bảo Lộc thuộc tỉnh Lâm Đồng; - Thành phố Phan Thiết thuộc tỉnh Bình Thuận; - Huyện Cần Giờ thuộc thành phố Hồ Chí Minh; - Thành phố Tây Ninh, các thị xã Trảng Bàng, Hòa Thành và huyện Gò Dầu thuộc tỉnh","Nghị định số 90/2019/NĐ-CP hết hiệu lực kể từ ngày Nghị định số 38/2022/NĐ-CP có hiệu lực thi hành [C1], [C2]. Nghị định số 38/2022/NĐ-CP có hiệu lực thi hành kể từ ngày 01 tháng 7 năm 2022 [C1].",82.33034800014138,8935.579265999877,"[""chunk:nghi-ddinh-38-2022-ndd-cp:khoan-nghi-ddinh-38-2022-ndd-cp-5-2:clause:29850""]","[""chunk:nghi-ddinh-38-2022-ndd-cp:dieu-nghi-ddinh-38-2022-ndd-cp-5:article:29843"", ""chunk:nghi-ddinh-38-2022-ndd-cp:khoan-nghi-ddinh-38-2022-ndd-cp-5-2:clause:29850"", ""chunk:nghi-ddinh-338-2025-ndd-cp:dieu-nghi-ddinh-338-2025-ndd-cp-34:article:28775"", ""chunk:nghi-ddinh-338-2025-ndd-cp:dieu-nghi-ddinh-338-2025-ndd-cp-1:article:28577""]",,0.8799999999900001
q0037,lightrag,single_hop_specific,Người phụ thuộc là những đối tượng nào mà người nộp thuế có trách nhiệm nuôi dưỡng?,1.0,0.25,1.0,0.9202604994090775,0.9999999999666667,1.0,1.0,"Luật Thuế Thu Nhập Cá Nhân (109/2025/QH15) > Chương II. CĂN CỨ TÍNH THUẾ ĐỐI VỚI CÁ NHÂN CƯ TRÚ > Điều 10. Giảm trừ gia cảnh > Khoản 4:
4. Người phụ thuộc là người mà người nộp thuế có trách nhiệm nuôi dưỡng, bao gồm:
a) Con chưa thành niên; con là người mất năng lực hành vi dân sự, người khuyết tật, không có khả năng lao động;
b) Các cá nhân không có thu nhập hoặc có thu nhập không vượt quá mức do Bộ trưởng Bộ Tài chính quy định, bao gồm con thành niên đang học đại học, cao đẳng, trung học chuyên nghiệp hoặc học nghề; vợ hoặc chồng không có khả năng lao động; bố, mẹ đã hết tuổi lao động hoặc không có khả năng lao động; những người khác không nơi nương tựa mà người nộp thuế phải trực tiếp nuôi dưỡng.","Người phụ thuộc là người mà người nộp thuế có trách nhiệm nuôi dưỡng, bao gồm các đối tượng sau [C1], [C2]:

*   **Con:**
    *   Con chưa thành niên [C1a], [C2a].
    *   Con là người mất năng lực hành vi dân sự, người khuyết tật, không có khả năng lao động [C1a], [C2a].
    *   Con thành niên đang học đại học, cao đẳng, trung học chuyên nghiệp hoặc học nghề, nếu không có thu nhập hoặc có thu nhập không vượt quá mức do Bộ trưởng Bộ Tài chính quy định [C1b], [C2b], [C3].

*   **Vợ hoặc chồng:** Không có khả năng lao động, nếu không có thu nhập hoặc có thu nhập không vượt quá mức do Bộ trưởng Bộ Tài chính quy định [C1b], [C2b], [C3].

*   **Bố, mẹ:** Đã hết tuổi lao động hoặc không có khả năng lao động, nếu không có thu nhập hoặc có thu nhập không vượt quá mức do Bộ trưởng Bộ Tài chính quy định [C1b], [C2b], [C3].

*   **Những người khác:** Không nơi nương tựa mà người nộp thuế phải trực tiếp nuôi dưỡng, nếu không có thu nhập hoặc có thu nhập không vượt quá mức do Bộ trưởng Bộ Tài chính quy định [C1b], [C2b], [C3].",90.06347600006848,1640.5126740000924,"[""chunk:luat-109-2025-qh15:khoan-luat-109-2025-qh15-10-4:clause:6425""]","[""chunk:luat-109-2025-qh15:khoan-luat-109-2025-qh15-10-4:clause:6425"", ""chunk:luat-109-2025-qh15:dieu-luat-109-2025-qh15-10:article:6419"", ""chunk:luat-109-2025-qh15:diem-luat-109-2025-qh15-10-4-b:point:6427"", ""chunk:luat-109-2025-qh15:dieu-luat-109-2025-qh15-3:article:6313""]",,0.9840520998751489
q0038,lightrag,single_hop_specific,Người lao động có nhu cầu học nghề phải nộp hồ sơ đề nghị hỗ trợ học nghề tại đâu?,1.0,0.25,1.0,0.9864738928758537,0.7499999999625,1.0,0.8,"Nghị Định Quy Định Chi Tiết Thi Hành Một Số Điều Của Luật Việc Làm Về Bảo Hiểm Thất Nghiệp (28/2015/NĐ-CP) > Chương IV. TỔ CHỨC THỰC HIỆN BẢO HIỂM THẤT NGHIỆP > Mục 4. HỖ TRỢ HỌC NGHỀ > Điều 25. Giải quyết hỗ trợ học nghề > Khoản 2:
2. Người lao động có nhu cầu học nghề thì phải nộp 01 bộ hồ sơ đề nghị hỗ trợ học nghề cho trung tâm dịch vụ việc làm.
a) Hồ sơ đề nghị hỗ trợ học nghề theo quy định tại Khoản 1 Điều 24 Nghị định này nộp cho trung tâm dịch vụ việc làm nơi người lao động đang hưởng trợ cấp thất nghiệp;
b) Hồ sơ đề nghị hỗ trợ học nghề theo quy định tại Khoản 2 Điều 24 Nghị định này nộp cho trung tâm dịch vụ việc làm địa phương nơi người lao động có nhu cầu học nghề.","Người lao động có nhu cầu học nghề phải nộp 01 bộ hồ sơ đề nghị hỗ trợ học nghề cho trung tâm dịch vụ việc làm [C1].

Cụ thể:
* Nếu người lao động đang hưởng trợ cấp thất nghiệp, hồ sơ đề nghị hỗ trợ học nghề được nộp tại trung tâm dịch vụ việc làm nơi người lao động đang hưởng trợ cấp thất nghiệp [C1], [C3].
* Nếu người lao động có thời gian đóng bảo hiểm thất nghiệp từ đủ 09 tháng trở lên nhưng không thuộc diện đang hưởng trợ cấp thất nghiệp, hồ sơ đề nghị hỗ trợ học nghề được nộp cùng với hồ sơ đề nghị hưởng trợ cấp thất nghiệp tại trung tâm dịch vụ việc làm ở địa phương nơi người lao động có nhu cầu học nghề [C2], [C4].",128.18740099964998,1640.5126740000924,"[""chunk:nghi-ddinh-28-2015-ndd-cp:khoan-nghi-ddinh-28-2015-ndd-cp-25-2:clause:26658""]","[""chunk:nghi-ddinh-28-2015-ndd-cp:khoan-nghi-ddinh-28-2015-ndd-cp-25-2:clause:26658"", ""chunk:thong-tu-28-2015-tt-blddtbxh:dieu-thong-tu-28-2015-tt-blddtbxh-11:article:31120"", ""chunk:thong-tu-28-2015-tt-blddtbxh:khoan-thong-tu-28-2015-tt-blddtbxh-11-1:clause:31121"", ""chunk:nghi-ddinh-28-2015-ndd-cp:diem-nghi-ddinh-28-2015-ndd-cp-25-2-b:point:26660""]",,0.9072947785676707
q0039,lightrag,single_hop_specific,"Bộ Tài chính có trách nhiệm phối hợp với các bộ, ngành nào để tổ chức thực hiện và quản lý việc ứng dụng công nghệ thông tin trong chi trả các chế độ bảo hiểm thất nghiệp thống nhất trên toàn quốc?",1.0,0.25,1.0,0.9439417790416573,0.99999999995,1.0,0.75,"NGHỊ ĐỊNH Quy định chi tiết một số điều của Luật Việc làm về bảo hiểm thất nghiệp (374/2025/NĐ-CP) > Chương VIII. QUYỀN, TRÁCH NHIỆM CỦA CÁC CƠ QUAN, TỔ CHỨC, CÁ NHÂN TRONG VIỆC THỰC HIỆN BẢO HIỂM THẤT NGHIỆP > Điều 42. Trách nhiệm của Bộ Tài chính > Khoản 3:
3. Phối hợp với các bộ, ngành tổ chức thực hiện và quản lý việc ứng dụng công nghệ thông tin, thực hiện giao dịch điện tử trong chi trả các chế độ bảo hiểm thất nghiệp thống nhất trên toàn quốc; bảo đảm kết nối, chia sẻ dữ liệu với tổ chức dịch vụ việc làm công, cổng Dịch vụ công quốc gia và các hệ thống thông tin, bảo đảm an toàn, an ninh mạng và bảo vệ dữ liệu cá nhân theo quy định của pháp luật.","Bộ Tài chính có trách nhiệm phối hợp với các bộ, ngành để tổ chức thực hiện và quản lý việc ứng dụng công nghệ thông tin, thực hiện giao dịch điện tử trong chi trả các chế độ bảo hiểm thất nghiệp thống nhất trên toàn quốc [C1], [C2]. Ngữ cảnh không nêu rõ cụ thể các bộ, ngành nào.",174.8792590001358,1072.6458765000189,"[""chunk:nghi-ddinh-374-2025-ndd-cp:khoan-nghi-ddinh-374-2025-ndd-cp-42-3:clause:29762""]","[""chunk:nghi-ddinh-374-2025-ndd-cp:dieu-nghi-ddinh-374-2025-ndd-cp-42:article:29759"", ""chunk:nghi-ddinh-374-2025-ndd-cp:khoan-nghi-ddinh-374-2025-ndd-cp-42-3:clause:29762"", ""chunk:nghi-ddinh-374-2025-ndd-cp:khoan-nghi-ddinh-374-2025-ndd-cp-40-7:clause:29749"", ""chunk:nghi-ddinh-374-2025-ndd-cp:dieu-nghi-ddinh-374-2025-ndd-cp-40:article:29742""]",,0.9387883557983315
q0040,lightrag,single_hop_specific,Giáo dục tiểu học và giáo dục trung học cơ sở là loại hình giáo dục nào?,0.0,0.0,1.0,0.9980311161501092,0.0,0.0,0.0,"Luật Sửa Đổi, Bổ Sung Một Số Điều Của Luật Giáo Dục (123/2025/QH15) > Điều 1. Sửa đổi, bổ sung một số điều của Luật Giáo dục > Khoản 4:
4. Văn bằng, chứng chỉ do cơ sở giáo dục thuộc các loại hình và hình thức đào tạo trong hệ thống giáo dục quốc dân cấp có giá trị pháp lý như nhau.
4. Sửa đổi, bổ sung một số khoản của Điều 14 như sau:
a) Sửa đổi, bổ sung khoản 1 như sau:
“1. Giáo dục tiểu học và giáo dục trung học cơ sở là giáo dục bắt buộc.
Nhà nước thực hiện phổ cập giáo dục mầm non cho trẻ em từ 03 tuổi đến 06 tuổi.”;
b) Bổ sung khoản 5 vào sau khoản 4 như sau:
“5. Chính phủ quy định chi tiết khoản 1 và khoản 2 Điều này.”.
4. Nhà nước đầu tư chuyển đổi số toàn diện trong giáo dục và đào tạo thông qua phát triển hạ tầng số, nền tảng số, cơ sở dữ liệu quốc gia về giáo dục và đào tạo, ứng dụng công nghệ số nhằm nâng cao hiệu lực, hiệu quả quản trị, quản lý nhà nước, hoạt động dạy và học, nghiên cứu khoa học, công nghệ và đổi mới sáng tạo.
4. Người có thẩm quyền thành lập hoặc cho phép thành lập nhà trường có thẩm quyền thu hồi quyết định thành lập hoặc cho phép thành lập, quyết định thay đổi địa điểm hoạt động giáo dục hoặc địa điểm đào tạo, quyết định sáp nhập, chia, tách, giải thể, đổi tên nhà trường.
Trường hợp sáp nhập giữa các nhà trường không do cùng một cấp có thẩm quyền thành lập thì cấp có thẩm quyền cao hơn quyết định; trường hợp cấp có thẩm quyền thành lập ngang nhau thì cấp có thẩm quyền ngang nhau đó thỏa thuận quyết định.
4. Thủ tục thành lập, cơ cấu tổ chức, nhiệm vụ, quyền hạn của hội đồng trường; mối quan hệ giữa nhà đầu tư với hội đồng trường, hiệu trưởng nhà trường quy định tại khoản 2, khoản 3 Điều này được quy định trong điều lệ, quy chế tổ chức và hoạt động của nhà trường.”.","Giáo dục tiểu học và giáo dục trung học cơ sở là các cấp học thuộc loại hình **giáo dục phổ thông** [C1], [C3]. Cụ thể hơn, chúng thuộc **giai đoạn giáo dục cơ bản** của giáo dục phổ thông [C4].",86.57446300003357,1072.6458765000189,"[""chunk:luat-123-2025-qh15:khoan-luat-123-2025-qh15-1-4:clause:7101""]","[""chunk:luat-43-2019-qh14:dieu-luat-43-2019-qh14-28:article:11731"", ""chunk:luat-43-2019-qh14:dieu-luat-43-2019-qh14-29:article:11741"", ""chunk:luat-43-2019-qh14:khoan-luat-43-2019-qh14-28-1:clause:11732"", ""chunk:luat-43-2019-qh14:khoan-luat-43-2019-qh14-28-3:clause:11739""]",,0.3996062232300218
q0041,lightrag,single_hop_specific,"Mức phạt tiền thấp nhất đối với người sử dụng lao động sửa chữa, làm sai lệch văn bản, tài liệu trong hồ sơ đề nghị cấp giấy phép lao động cho người lao động nước ngoài nhưng chưa đến mức truy cứu trách nhiệm hình sự là bao nhiêu?",1.0,0.25,1.0,1.0,0.49999999995,1.0,0.4,"NGHỊ ĐỊNH Quy định xử phạt vi phạm hành chính trong lĩnh vực lao động, bảo hiểm xã hội, người lao động Việt Nam đi làm việc (283/2026/NĐ-CP) > Chương II. HÀNH VI VI PHẠM, HÌNH THỨC XỬ PHẠT VÀ BIỆN PHÁP KHẮC PHỤC HẬU QUẢ ĐỐI VỚI HÀNH VI VI PHẠM TRONG LĨNH VỰC LAO ĐỘNG > Mục 1. HÀNH VI VI PHẠM HÀNH CHÍNH VỀ VIỆC LÀM, TUYỂN DỤNG VÀ QUẢN LÝ LAO ĐỘNG > Điều 13. Vi phạm quy định về người lao động nước ngoài làm việc tại Việt Nam > Khoản 4:
4. Phạt tiền từ 40.000.000 đồng đến 60.000.000 đồng đối với người sử dụng lao động có một trong các hành vi sau đây:
a) Sửa chữa, làm sai lệch văn bản, tài liệu trong hồ sơ đề nghị cấp, cấp lại, gia hạn giấy phép lao động, giấy xác nhận không thuộc diện cấp giấy phép lao động đối với người lao động nước ngoài nhưng chưa đến mức truy cứu trách nhiệm hình sự;
b) Sử dụng giấy tờ, tài liệu giả mạo trong hồ sơ đề nghị cấp, cấp lại, gia hạn giấy phép lao động, giấy xác nhận không thuộc diện cấp giấy phép lao động mà không bị truy cứu trách nhiệm hình sự.","Mức phạt tiền thấp nhất đối với người sử dụng lao động sửa chữa, làm sai lệch văn bản, tài liệu trong hồ sơ đề nghị cấp giấy phép lao động cho người lao động nước ngoài nhưng chưa đến mức truy cứu trách nhiệm hình sự là 40.000.000 đồng [C2], [C3].",150.81143599991265,885.5026984999768,"[""chunk:nghi-ddinh-283-2026-ndd-cp:khoan-nghi-ddinh-283-2026-ndd-cp-13-4:clause:26938""]","[""chunk:nghi-ddinh-12-2022-ndd-cp:khoan-nghi-ddinh-12-2022-ndd-cp-7-5:clause:22270"", ""chunk:nghi-ddinh-283-2026-ndd-cp:khoan-nghi-ddinh-283-2026-ndd-cp-13-4:clause:26938"", ""chunk:nghi-ddinh-283-2026-ndd-cp:diem-nghi-ddinh-283-2026-ndd-cp-13-4-a:point:26939"", ""chunk:nghi-ddinh-283-2026-ndd-cp:dieu-nghi-ddinh-283-2026-ndd-cp-54:article:27828""]",,0.77999999999
q0042,lightrag,single_hop_specific,"Trường hợp người bệnh không thuộc đối tượng quy định tại điểm a và điểm b khoản 3 Điều này khám bệnh, chữa bệnh tại cơ sở khám bệnh, chữa bệnh trước ngày 01 tháng 7 năm 2025 và kết thúc đợt điều trị từ ngày 01 tháng 7 năm 2025 thì áp dụng theo quy định của Luật nào?",1.0,0.25,1.0,0.9889969726375112,0.9999999999666667,1.0,0.0,"Luật Sửa Đổi, Bổ Sung Một Số Điều Của Luật Bảo Hiểm Y Tế (51/2024/QH15) > Điều 3. Điều khoản thi hành > Khoản 5:
5. Quy định chuyển tiếp:
a) Trường hợp người bệnh không thuộc đối tượng quy định tại điểm a và điểm b khoản 3 Điều này khám bệnh, chữa bệnh tại cơ sở khám bệnh, chữa bệnh trước ngày 01 tháng 7 năm 2025 và kết thúc đợt điều trị từ ngày 01 tháng 7 năm 2025 thì áp dụng theo quy định của Luật này;
b) Mức tham chiếu quy định tại Luật này áp dụng theo mức lương cơ sở. Trường hợp chính sách tiền lương có thay đổi, Chính phủ quyết định mức tham chiếu cụ thể;
c) Hợp đồng khám bệnh, chữa bệnh bảo hiểm y tế được ký trước ngày 01 tháng 7 năm 2025 mà còn hiệu lực sau ngày 01 tháng 7 năm 2025 được thực hiện theo quy định của Chính phủ;
d) Đối với số tiền bảo hiểm y tế mà người sử dụng lao động có trách nhiệm đóng theo quy định của Luật Bảo hiểm y tế số 25/2008/QH12 đã được sửa đổi, bổ sung một số điều theo Luật số 32/2013/QH13, Luật số 46/2014/QH13, Luật số 97/2015/QH13, Luật số 35/2018/QH14, Luật số 68/2020/QH14 và Luật số 30/2023/QH15 nhưng đến hết ngày 30 tháng 6 năm 2025 mà không đóng hoặc không đóng đầy đủ thì được xử lý theo quy định về chậm đóng của Luật này.
Luật này được Quốc hội nước Cộng hòa xã hội chủ nghĩa Việt Nam khóa XV, kỳ họp thứ 8 thông qua ngày 27 tháng 11 năm 2024.
CHỦ TỊCH QUỐC HỘI Trần Thanh Mẫn","Trường hợp người bệnh không thuộc đối tượng quy định tại điểm a và điểm b khoản 3 Điều này khám bệnh, chữa bệnh tại cơ sở khám bệnh, chữa bệnh trước ngày 01 tháng 7 năm 2025 và kết thúc đợt điều trị từ ngày 01 tháng 7 năm 2025 thì áp dụng theo quy định của Luật Sửa Đổi, Bổ Sung Một Số Điều Của Luật Bảo Hiểm Y Tế (51/2024/QH15) [C1].",194.3249129999458,885.5026984999768,"[""chunk:luat-51-2024-qh15:khoan-luat-51-2024-qh15-3-5:clause:13063""]","[""chunk:luat-51-2024-qh15:diem-luat-51-2024-qh15-3-5-a:point:13064"", ""chunk:luat-51-2024-qh15:dieu-luat-51-2024-qh15-3:sliding:13056"", ""chunk:luat-51-2024-qh15:khoan-luat-51-2024-qh15-3-5:clause:13063"", ""chunk:luat-51-2024-qh15:khoan-luat-51-2024-qh15-1-16:clause:13011""]",,0.7977993945208356
q0043,lightrag,single_hop_specific,"Cơ quan nào thanh tra việc sử dụng ngân sách, tuyển dụng, quản lý công chức, viên chức trong hệ thống tổ chức thi hành án dân sự?",1.0,0.25,1.0,0.8783319170070647,0.9999999999,1.0,0.44,"Luật Sửa Đổi, Bổ Sung Một Số Điều Của Luật Thi Hành Án Dân Sự (64/2014/QH13) > Điều 43. Sửa đổi, bổ sung điểm e khoản 1 Điều 167 như sau::
Điều 43. Sửa đổi, bổ sung điểm e khoản 1 Điều 167 như sau:
“e) Thanh tra việc sử dụng ngân sách, việc tuyển dụng, sử dụng, quản lý, thực hiện chế độ chính sách đối với công chức, viên chức, người lao động trong hệ thống tổ chức thi hành án dân sự; kiểm tra, giải quyết khiếu nại, tố cáo, khen thưởng, xử lý vi phạm trong công tác thi hành án dân sự;”","Bộ Tư pháp có nhiệm vụ và quyền hạn thanh tra việc sử dụng ngân sách, việc tuyển dụng, sử dụng, quản lý, thực hiện chế độ chính sách đối với công chức, viên chức, người lao động trong hệ thống tổ chức thi hành án dân sự [C1], [C4].",157.17099099992993,924.5884955000747,"[""chunk:luat-64-2014-qh13:dieu-luat-64-2014-qh13-43:article:15356""]","[""chunk:luat-64-2014-qh13:dieu-luat-64-2014-qh13-43:article:15356"", ""chunk:luat-58-2010-qh12:dieu-luat-58-2010-qh12-50:article:13932"", ""chunk:luat-58-2010-qh12:khoan-luat-58-2010-qh12-50-1:clause:13933"", ""chunk:26-2008-qh12-82197:dieu-26-2008-qh12-82197-167:article:1075""]",,0.8636663833814129
q0044,lightrag,single_hop_specific,Doanh nghiệp có vai trò như thế nào trong giáo dục nghề nghiệp?,1.0,0.25,1.0,0.9972328223343871,0.99999999995,1.0,1.0,"Luật Giáo Dục Nghề Nghiệp (124/2025/QH15) > Chương VI. VAI TRÒ, QUYỀN VÀ TRÁCH NHIỆM CỦA DOANH NGHIỆP > Điều 31. Vai trò của doanh nghiệp:
Điều 31. Vai trò của doanh nghiệp
1. Doanh nghiệp có vai trò đặc biệt quan trọng trong giáo dục nghề nghiệp, đồng hành với Nhà nước, cơ sở hoạt động giáo dục nghề nghiệp trong đào tạo nguồn nhân lực có kỹ năng nghề, đáp ứng yêu cầu của thị trường lao động.
2. Doanh nghiệp trực tiếp thực hiện hoặc tham gia các hoạt động giáo dục nghề nghiệp theo quy định của pháp luật.
3. Doanh nghiệp là cơ sở thực hành, thực tập giúp người học, giảng viên, giáo viên tiếp cận công nghệ, quy trình sản xuất thực tiễn và nâng cao kỹ năng nghề nghiệp.","Doanh nghiệp có vai trò đặc biệt quan trọng trong giáo dục nghề nghiệp [C1], [C2]. Cụ thể, doanh nghiệp:
* Đồng hành với Nhà nước và các cơ sở hoạt động giáo dục nghề nghiệp trong việc đào tạo nguồn nhân lực có kỹ năng nghề, đáp ứng yêu cầu của thị trường lao động [C1], [C2].
* Trực tiếp thực hiện hoặc tham gia các hoạt động giáo dục nghề nghiệp theo quy định của pháp luật [C1], [C3].
* Là cơ sở thực hành, thực tập, giúp người học, giảng viên, giáo viên tiếp cận công nghệ, quy trình sản xuất thực tiễn và nâng cao kỹ năng nghề nghiệp [C1].",78.96980000032272,924.5884955000747,"[""chunk:luat-124-2025-qh15:dieu-luat-124-2025-qh15-31:article:7421""]","[""chunk:luat-124-2025-qh15:dieu-luat-124-2025-qh15-31:article:7421"", ""chunk:luat-124-2025-qh15:khoan-luat-124-2025-qh15-31-1:clause:7422"", ""chunk:luat-124-2025-qh15:khoan-luat-124-2025-qh15-31-2:clause:7423"", ""chunk:luat-124-2025-qh15:dieu-luat-124-2025-qh15-33:article:7432""]",,0.9994465644568773
q0045,lightrag,single_hop_specific,"Mức chi thù lao bình quân cho cơ sở giáo dục tối đa bằng bao nhiêu phần trăm số tiền đóng của học sinh, sinh viên?",0.0,0.0,0.08,0.0,0.49999999995,1.0,0.0,"THÔNG TƯ[1] HƯỚNG DẪN THỰC HIỆN CƠ CHẾ QUẢN LÝ TÀI CHÍNH VỀ BẢO HIỂM XÃ HỘI, BẢO HIỂM Y TẾ, BẢO HIỂM THẤT NGHIỆP VÀ CHI PHÍ QUẢN LÝ BẢO HIỂM XÃ HỘI, BẢO HIỂM Y TẾ, BẢO HIỂM THẤT NGHIỆP Thông tư số 20/2016/TT-BTC ngày 03 tháng 02 năm 2016 của Bộ trưởng Bộ Tài chính hướng dẫn thực hiện cơ chế quản lý tài chính về bảo hiểm xã hội, bảo hiểm y tế, bảo hiểm thất nghiệp và chi phí quản lý bảo hiểm xã hội, bảo hiểm y tế, bảo hiểm thất nghiệp, có hiệu lực thi hành kể từ ngày 20 tháng 3 năm 2016, được sửa đổi, bổ sung bởi: (22/VBHN-BTC) > Chương III. CHI PHÍ QUẢN LÝ BẢO HIỂM XÃ HỘI, BẢO HIỂM Y TẾ, BẢO HIỂM THẤT NGHIỆP > Điều 9. Chi phí quản lý đối với BHXH Bộ Quốc phòng, Bộ Công an > Khoản 1:
1. Nội dung chi: a)[11] Chi tuyên truyền, phổ biến chính sách, pháp luật về BHXH, bảo hiểm y tế, bảo hiểm thất nghiệp; tập huấn, bồi dưỡng chuyên môn, nghiệp vụ; cải cách thủ tục hành chính; quản lý người tham gia, người thụ hưởng BHXH, bảo hiểm y tế, bảo hiểm thất nghiệp; chi công tác thanh tra, kiểm tra, giám sát và chi hiện đại hóa hệ thống quản lý: Thực hiện theo các nội dung chi có liên quan quy định tại các Khoản 1, Khoản 2, Khoản 3, Khoản 4, Điểm b, c Khoản 6, Khoản 8 và Khoản 11 Điều 9 Quyết định số 60/2015/QĐ-TTg, Điểm a và c Khoản 9 Điều 1 Quyết định số 38/2019/QĐ-TTg; b)[12] Chi phục vụ công tác thu BHXH tự nguyện; thu bảo hiểm y tế của học sinh, sinh viên hệ dân sự đang theo học tại cơ sở giáo dục do Bộ Quốc phòng, Bộ Công an quản lý: Mức chi tối đa bằng 7,5% số tiền đóng của người tham gia (không bao gồm số thu do ngân sách nhà nước, tổ chức, cá nhân hỗ trợ), trong đó: mức chi thù lao bình quân cho tổ chức làm đại lý thu bảo hiểm xã hội tự nguyện tối đa bằng 14% số tiền đóng của người tham gia BHXH tự nguyện; mức chi thù lao bình quân cho cơ sở giáo dục tối đa bằng 2,5% số tiền đóng của học sinh, sinh viên; mức chi thù lao bình quân đại lý thu bảo hiểm y tế của các đối tượng còn lại tối đa bằng 7,0% số tiền đóng bảo hiểm y tế của người tham gia; c)[13] Chi phí chi trả các chế độ bảo hiểm xã hội bằng 0,65% số tiền chi trả các chế độ BHXH (trừ các khoản chi: phí khám giám định; dưỡng sức, phục hồi sức khỏe; hỗ trợ phòng ngừa, chia sẻ rủi ro về tai nạn lao động, bệnh nghề nghiệp; hỗ trợ chuyển đổi nghề nghiệp cho người bị tai nạn lao động, bệnh nghề nghiệp khi trở lại làm việc; đóng bảo hiểm","Ngữ cảnh được cung cấp không đề cập đến mức chi thù lao bình quân tối đa cho cơ sở giáo dục bằng bao nhiêu phần trăm số tiền đóng của học sinh, sinh viên. [C1], [C2], [C3], [C4] chỉ đề cập đến các quy định về học bổng, trợ cấp, miễn giảm học phí, chi phí dịch vụ giáo dục, đào tạo, và các vấn đề liên quan đến hệ thống giáo dục.",157.35881799992057,1104.2310494999583,"[""chunk:22-vbhn-btc-445967:khoan-22-vbhn-btc-445967-9-1:clause:77""]","[""chunk:luat-43-2019-qh14:khoan-luat-43-2019-qh14-85-4:clause:12069"", ""chunk:luat-123-2025-qh15:dieu-luat-123-2025-qh15-66b:sliding:7137"", ""chunk:luat-123-2025-qh15:khoan-luat-123-2025-qh15-66b-2:sliding:7149"", ""chunk:luat-123-2025-qh15:dieu-luat-123-2025-qh15-1:article:7072""]",,0.31599999999
q0046,lightrag,single_hop_specific,Tháng tham gia trở lại bảo hiểm xã hội được hiểu như thế nào?,0.0,0.0,0.3333333333333333,0.9519873488443141,0.0,0.0,0.0,"THÔNG TƯ Quy định chi tiết một số điều của Luật Bảo hiểm xã hội về bảo hiểm xã hội bắt buộc (12/2025/TT-BNV) > Chương II. CHẾ ĐỘ BẢO HIỂM XÃ HỘI BẮT BUỘC > Mục 1. CHẾ ĐỘ ỐM ĐAU > Điều 6. Tính trợ cấp ốm đau > Khoản 1 > Điểm a:
a) Tiền lương làm căn cứ đóng bảo hiểm xã hội theo quy định khoản 1 Điều 45 của Luật Bảo hiểm xã hội;
Tháng tham gia trở lại theo quy định tại điểm b khoản 1 Điều 45 của Luật Bảo hiểm xã hội là tháng tham gia bảo hiểm xã hội trở lại sau khi người lao động chấm dứt hợp đồng lao động, hợp đồng làm việc hoặc thôi việc theo quy định của pháp luật;","Ngữ cảnh được cung cấp không định nghĩa rõ ràng về ""tháng tham gia trở lại bảo hiểm xã hội"". Các điều khoản được cung cấp chỉ đề cập đến việc tiếp tục hưởng lương hưu, trợ cấp bảo hiểm xã hội hằng tháng trong trường hợp đã bị tạm dừng hoặc chấm dứt hưởng [C1], [C2], [C3], [C4].",92.11036399983641,1104.2310494999583,"[""chunk:thong-tu-12-2025-tt-bnv:diem-thong-tu-12-2025-tt-bnv-6-1-a:point:30874""]","[""chunk:luat-41-2024-qh15:dieu-luat-41-2024-qh15-80:article:11202"", ""chunk:luat-41-2024-qh15:khoan-luat-41-2024-qh15-75-4:clause:11168"", ""chunk:luat-41-2024-qh15:dieu-luat-41-2024-qh15-81:article:11205"", ""chunk:luat-41-2024-qh15:khoan-luat-41-2024-qh15-81-1:clause:11206""]",,0.2570641364355295
q0047,lightrag,single_hop_specific,"Trong thời hạn bao nhiêu ngày kể từ ngày người khởi kiện nhận được thông báo của Tòa án, Thẩm phán thông báo bằng văn bản cho người khởi kiện sửa đổi, bổ sung đơn khởi kiện nếu đơn khởi kiện không có đủ các nội dung quy định tại khoản 1 Điều 118 của Luật Tố tụng Hành chính?",1.0,0.25,1.0,0.9966955005141084,0.8333333332916666,1.0,0.33,"Luật Tố Tụng Hành Chính (93/2015/QH13) > Chương IX. KHỞI KIỆN, THỤ LÝ VỤ ÁN > Điều 122. Yêu cầu sửa đổi, bổ sung đơn khởi kiện:
Điều 122. Yêu cầu sửa đổi, bổ sung đơn khởi kiện
1. Sau khi nhận được đơn khởi kiện, nếu thấy đơn khởi kiện không có đủ các nội dung quy định tại khoản 1 Điều 118 của Luật này thì Thẩm phán thông báo bằng văn bản và nêu rõ những vấn đề cần sửa đổi, bổ sung cho người khởi kiện sửa đổi, bổ sung đơn khởi kiện trong thời hạn 10 ngày kể từ ngày người khởi kiện nhận được thông báo của Tòa án.
2. Thời gian thực hiện việc sửa đổi, bổ sung đơn khởi kiện không tính vào thời hiệu khởi kiện.
3. Trường hợp người khởi kiện đã sửa đổi, bổ sung đơn khởi kiện theo đúng quy định tại khoản 1 Điều 118 của Luật này thì Thẩm phán tiếp tục việc thụ lý vụ án; nếu họ không sửa đổi, bổ sung theo yêu cầu của Thẩm phán thì Thẩm phán trả lại đơn khởi kiện và tài liệu, chứng cứ kèm theo cho người khởi kiện.","Trong thời hạn **10 ngày** kể từ ngày người khởi kiện nhận được thông báo của Tòa án, Thẩm phán thông báo bằng văn bản cho người khởi kiện sửa đổi, bổ sung đơn khởi kiện nếu đơn khởi kiện không có đủ các nội dung quy định tại khoản 1 Điều 118 của Luật Tố tụng Hành chính. [C1], [C3]",156.32560499989268,21561.569559499956,"[""chunk:luat-93-2015-qh13:dieu-luat-93-2015-qh13-122:article:19522""]","[""chunk:luat-93-2015-qh13:khoan-luat-93-2015-qh13-122-1:clause:19523"", ""chunk:luat-93-2015-qh13:khoan-luat-93-2015-qh13-118-1:clause:19495"", ""chunk:luat-93-2015-qh13:dieu-luat-93-2015-qh13-122:article:19522"", ""chunk:bo-luat-92-2015-qh13:khoan-bo-luat-92-2015-qh13-193-1:clause:4238""]",,0.832005766761155
q0048,lightrag,single_hop_specific,"Những cơ quan, tổ chức, cá nhân nào chịu trách nhiệm thi hành Thông tư số 25/2025/TT-BNV?",1.0,0.25,1.0,0.9999999999999999,0.99999999995,1.0,0.86,"THÔNG TƯ Sửa đổi, bổ sung khoản 2 Điều 5 Thông tư số 28/2021/TT-BLĐTBXH ngày 28/12/2021 của Bộ trưởng Bộ Lao động - Thương binh và Xã hội quy định chi (25/2025/TT-BNV) > Điều 2. Hiệu lực và trách nhiệm thi hành > Khoản 2:
2. Bộ trưởng, Thủ trưởng cơ quan ngang bộ, Thủ trưởng cơ quan thuộc Chính phủ, người đứng đầu tổ chức do Chính phủ, Thủ tướng Chính phủ thành lập mà không phải là đơn vị sự nghiệp công lập, Chủ tịch Ủy ban nhân dân tỉnh, thành phố trực thuộc Trung ương và các cơ quan, tổ chức, cá nhân có liên quan chịu trách nhiệm thi hành Thông tư này.","Những cơ quan, tổ chức, cá nhân chịu trách nhiệm thi hành Thông tư số 25/2025/TT-BNV bao gồm:
* Bộ trưởng [C2]
* Thủ trưởng cơ quan ngang bộ [C2]
* Thủ trưởng cơ quan thuộc Chính phủ [C2]
* Người đứng đầu tổ chức do Chính phủ, Thủ tướng Chính phủ thành lập mà không phải là đơn vị sự nghiệp công lập [C2]
* Chủ tịch Ủy ban nhân dân tỉnh, thành phố trực thuộc Trung ương [C2]
* Các cơ quan, tổ chức, cá nhân có liên quan [C2]",127.64053099999728,21561.569559499956,"[""chunk:thong-tu-25-2025-tt-bnv:khoan-thong-tu-25-2025-tt-bnv-2-2:clause:31010""]","[""chunk:thong-tu-25-2025-tt-bnv:dieu-thong-tu-25-2025-tt-bnv-2:article:31008"", ""chunk:thong-tu-25-2025-tt-bnv:khoan-thong-tu-25-2025-tt-bnv-2-2:clause:31010"", ""chunk:thong-tu-25-2025-tt-bnv:khoan-thong-tu-25-2025-tt-bnv-2-1:clause:31009"", ""chunk:thong-tu-26-2025-tt-bnv:dieu-thong-tu-26-2025-tt-bnv-1:article:31013""]",,0.9719999999900001
q0049,lightrag,single_hop_specific,Doanh nghiệp nộp bản giấy Thông báo theo Mẫu số 10 Phụ lục I ban hành kèm theo Nghị định này đến Bộ Nội vụ trong trường hợp nào?,1.0,0.25,0.8571428571428571,0.9944254370797899,0.249999999975,1.0,0.29,"NGHỊ ĐỊNH Sửa đổi, bổ sung một số điều của Nghị định số 112/2021/NĐ-CP ngày 10 tháng 12 năm 2021 của Chính phủ quy định chi tiết một số điều (372/2025/NĐ-CP) > Điều 1. Sửa đổi, bổ sung một số điều của Nghị định số 112/2021/NĐ-CP ngày 10 tháng 12 năm 2021 của Chính phủ quy định chi tiết một số điều và biện pháp thi hành Luật Người lao động Việt Nam đi làm việc ở nước ngoài theo hợp đồng > Khoản 5:
5. Sửa đổi, bổ sung điểm a, điểm c, điểm d khoản 2 Điều 7 và khoản 3 như sau:
“2. Giấy tờ chứng minh đáp ứng các điều kiện quy định tại Điều 10 của Luật Người lao động Việt Nam đi làm việc ở nước ngoài theo hợp đồng:
a) 01 bản sao sổ đăng ký thành viên mới nhất đối với công ty trách nhiệm hữu hạn, công ty hợp danh; 01 bản sao sổ đăng ký cổ đông mới nhất đối với công ty cổ phần.
c) 01 bản sao văn bằng chuyên môn; 01 bản sao giấy tờ chứng minh kinh nghiệm làm việc (được thể hiện bằng một trong các giấy tờ sau: quyết định bổ nhiệm hoặc hợp đồng lao động, văn bản chấm dứt hợp đồng lao động; thông báo xác nhận thời gian tham gia bảo hiểm xã hội; giấy xác nhận kinh nghiệm của nơi đã làm việc) của người đại diện theo pháp luật.
d) 01 bản chính Danh sách nhân viên nghiệp vụ thực hiện hoạt động dịch vụ đưa người lao động Việt Nam đi làm việc ở nước ngoài theo hợp đồng theo Mẫu số 04 ban hành kèm theo Nghị định này; 01 bản sao văn bằng chuyên môn, văn bằng hoặc chứng chỉ ngoại ngữ (nếu có) đối với mỗi nhân viên nghiệp vụ;
5. Trong trường hợp Hệ thống cơ sở dữ liệu về người lao động Việt Nam đi làm việc ở nước ngoài theo hợp đồng gặp sự cố đường truyền, kỹ thuật, sự kiện bất khả kháng làm gián đoạn quá trình thực hiện quy định tại khoản 1 Điều này, doanh nghiệp nộp 01 bản giấy Thông báo theo Mẫu số 10 Phụ lục I ban hành kèm theo Nghị định này đến Bộ Nội vụ.”","Doanh nghiệp nộp bản giấy Thông báo theo Mẫu số 10 Phụ lục I ban hành kèm theo Nghị định này đến Bộ Nội vụ trong trường hợp Hệ thống cơ sở dữ liệu về người lao động Việt Nam đi làm việc ở nước ngoài theo hợp đồng gặp sự cố đường truyền, kỹ thuật, sự kiện bất khả kháng làm gián đoạn quá trình thực hiện quy định tại khoản 1 Điều này [C4].",155.91000700032964,1023.8545120000708,"[""chunk:nghi-ddinh-372-2025-ndd-cp:khoan-nghi-ddinh-372-2025-ndd-cp-1-5:clause:29238""]","[""chunk:nghi-ddinh-372-2025-ndd-cp:dieu-nghi-ddinh-372-2025-ndd-cp-4:sliding:29287"", ""chunk:nghi-ddinh-372-2025-ndd-cp:khoan-nghi-ddinh-372-2025-ndd-cp-4-3:clause:29302"", ""chunk:nghi-ddinh-374-2025-ndd-cp:khoan-nghi-ddinh-374-2025-ndd-cp-32-10:clause:29668"", ""chunk:nghi-ddinh-372-2025-ndd-cp:khoan-nghi-ddinh-372-2025-ndd-cp-1-5:clause:29238""]",,0.6783136588395294
q0050,lightrag,single_hop_specific,"Trong thời hạn 03 ngày làm việc kể từ ngày nhận được thông báo của Tòa án, người khởi kiện, người yêu cầu phải trả lời bằng văn bản hoặc bằng hình thức khác cho Tòa án biết về những nội dung đã được Tòa án thông báo, đúng hay sai?",1.0,0.25,1.0,0.9258997228270855,0.9999999999,1.0,0.5,"Luật Hòa Giải, Đối Thoại Tại Tòa Án (58/2020/QH14) > Chương III. TRÌNH TỰ, THỦ TỤC HÒA GIẢI, ĐỐI THOẠI > Điều 16. Trình tự nhận, xử lý đơn khởi kiện, đơn yêu cầu tại Tòa án và chỉ định Hòa giải viên > Khoản 4:
4. Trong thời hạn 03 ngày làm việc kể từ ngày nhận được thông báo của Tòa án, người khởi kiện, người yêu cầu tại khoản 3 Điều này phải trả lời bằng văn bản hoặc bằng hình thức khác cho Tòa án biết về những nội dung đã được Tòa án thông báo. Trường hợp người khởi kiện, người yêu cầu trực tiếp đến Tòa án trình bày ý kiến thì Tòa án lập biên bản ghi nhận ý kiến; biên bản có chữ ký hoặc điểm chỉ của họ. Hết thời hạn này thì tùy từng trường hợp, Tòa án xử lý như sau:
a) Phân công Thẩm phán phụ trách hòa giải, đối thoại thực hiện nhiệm vụ theo quy định của Luật này nếu người khởi kiện, người yêu cầu có ý kiến đồng ý hòa giải, đối thoại;
b) Chuyển đơn để xử lý theo quy định của pháp luật về tố tụng nếu người khởi kiện, người yêu cầu có ý kiến không đồng ý hòa giải, đối thoại;
c) Thông báo lại lần thứ hai cho người khởi kiện, người yêu cầu biết để thực hiện quyền lựa chọn hòa giải, đối thoại và lựa chọn Hòa giải viên nếu người này chưa có ý kiến trả lời.","Đúng.

Theo Khoản 4 Điều 16 Luật Hòa Giải, Đối Thoại Tại Tòa Án [C1], trong thời hạn 03 ngày làm việc kể từ ngày nhận được thông báo của Tòa án, người khởi kiện, người yêu cầu phải trả lời bằng văn bản hoặc bằng hình thức khác cho Tòa án biết về những nội dung đã được Tòa án thông báo.",161.28399600029297,1023.8545120000708,"[""chunk:luat-58-2020-qh14:khoan-luat-58-2020-qh14-16-4:clause:14920""]","[""chunk:luat-58-2020-qh14:khoan-luat-58-2020-qh14-16-4:clause:14920"", ""chunk:luat-93-2015-qh13:khoan-luat-93-2015-qh13-128-1:clause:19580"", ""chunk:bo-luat-92-2015-qh13:dieu-bo-luat-92-2015-qh13-199:article:4278"", ""chunk:luat-93-2015-qh13:khoan-luat-93-2015-qh13-121-1:clause:19514""]",,0.8851799445454172
q0051,lightrag,multi_hop_specific,"Các biện pháp thúc đẩy bình đẳng giới trong lĩnh vực lao động và giáo dục và đào tạo có bao gồm quy định tỷ lệ nam, nữ được tuyển dụng lao động và quy định tỷ lệ nam, nữ tham gia học tập, đào tạo không?",0.0,0.0,0.6,1.0000000000000002,0.249999999975,1.0,0.0,"Luật Bình Đẳng Giới Của Quốc Hội Khóa Xi, Kỳ Họp Thứ 10 (73/2006/QH11) > Chương II. BÌNH ĐẲNG GIỚI TRONG CÁC LĨNH VỰC > Điều 13. Bình đẳng giới trong lĩnh vực lao động:
Điều 13. Bình đẳng giới trong lĩnh vực lao động
1. Nam, nữ bình đẳng về tiêu chuẩn, độ tuổi khi tuyển dụng, được đối xử bình đẳng tại nơi làm việc về việc làm, tiền công, tiền thưởng, bảo hiểm xã hội, điều kiện lao động và các điều kiện làm việc khác.
2. Nam, nữ bình đẳng về tiêu chuẩn, độ tuổi khi được đề bạt, bổ nhiệm giữ các chức danh trong các ngành, nghề có tiêu chuẩn chức danh.
3. Các biện pháp thúc đẩy bình đẳng giới trong lĩnh vực lao động bao gồm:
a) Quy định tỷ lệ nam, nữ được tuyển dụng lao động;
b) Đào tạo, bồi dưỡng nâng cao năng lực cho lao động nữ;
c) Người sử dụng lao động tạo điều kiện vệ sinh an toàn lao động cho lao động nữ làm việc trong một số ngành, nghề nặng nhọc, nguy hiểm hoặc tiếp xúc với các chất độc hại.

Luật Bình Đẳng Giới Của Quốc Hội Khóa Xi, Kỳ Họp Thứ 10 (73/2006/QH11) > Chương II. BÌNH ĐẲNG GIỚI TRONG CÁC LĨNH VỰC > Điều 14. Bình đẳng giới trong lĩnh vực giáo dục và đào tạo:
Điều 14. Bình đẳng giới trong lĩnh vực giáo dục và đào tạo
1. Nam, nữ bình đẳng về độ tuổi đi học, đào tạo, bồi dưỡng.
2. Nam, nữ bình đẳng trong việc lựa chọn ngành, nghề học tập, đào tạo.
3. Nam, nữ bình đẳng trong việc tiếp cận và hưởng thụ các chính sách về giáo dục, đào tạo, bồi dưỡng chuyên môn, nghiệp vụ.
4. Nữ cán bộ, công chức, viên chức khi tham gia đào tạo, bồi dưỡng mang theo con dưới ba mươi sáu tháng tuổi được hỗ trợ theo quy định của Chính phủ.
5. Biện pháp thúc đẩy bình đẳng giới trong lĩnh vực giáo dục và đào tạo bao gồm:
a) Quy định tỷ lệ nam, nữ tham gia học tập, đào tạo;
b) Lao động nữ khu vực nông thôn được hỗ trợ dạy nghề theo quy định của pháp luật.","Có, các biện pháp thúc đẩy bình đẳng giới trong lĩnh vực lao động và giáo dục và đào tạo có bao gồm quy định tỷ lệ nam, nữ được tuyển dụng lao động và quy định tỷ lệ nam, nữ tham gia học tập, đào tạo.

Cụ thể:
*   Trong lĩnh vực lao động, các biện pháp thúc đẩy bình đẳng giới bao gồm ""Quy định tỷ lệ nam, nữ được tuyển dụng lao động"" [C4].
*   Trong lĩnh vực giáo dục và đào tạo, các biện pháp thúc đẩy bình đẳng giới bao gồm ""Quy định tỷ lệ nam, nữ tham gia học tập, đào tạo"" [C1].
*   Ngoài ra, Điều 19 của Luật Bình đẳng giới cũng quy định chung rằng các biện pháp thúc đẩy bình đẳng giới bao gồm ""Quy định tỷ lệ nam, nữ hoặc bảo đảm tỷ lệ nữ thích đáng tham gia, thụ hưởng"" [C2], [C3].",166.93308699996123,48625.13634700008,"[""chunk:luat-73-2006-qh11:dieu-luat-73-2006-qh11-13:article:16384"", ""chunk:luat-73-2006-qh11:dieu-luat-73-2006-qh11-14:article:16391""]","[""chunk:luat-73-2006-qh11:khoan-luat-73-2006-qh11-14-5:clause:16396"", ""chunk:luat-73-2006-qh11:dieu-luat-73-2006-qh11-19:article:16416"", ""chunk:luat-73-2006-qh11:khoan-luat-73-2006-qh11-19-1:clause:16417"", ""chunk:luat-73-2006-qh11:khoan-luat-73-2006-qh11-13-3:clause:16387""]",,0.5699999999950001
q0052,lightrag,multi_hop_specific,"Thời hạn tạm đình chỉ công tác đối với cán bộ, công chức tối đa là bao nhiêu ngày trong trường hợp cần thiết có thể kéo dài thêm theo quy định của Luật Cán bộ, công chức?",0.5,0.25,1.0,0.9563393183040922,0.99999999995,0.5,0.36,"Luật Cán Bộ, Công Chức Của Quốc Hội Khóa Xii, Kỳ Họp Thứ Tư (22/2008/QH12) > Chương IX. KHEN THƯỞNG VÀ XỬ LÝ VI PHẠM > Điều 80. Thời hiệu, thời hạn xử lý kỷ luật > Khoản 3:
3. Trường hợp cá nhân đã bị khởi tố, truy tố hoặc đã có quyết định đưa ra xét xử theo thủ tục tố tụng hình sự, nhưng sau đó có quyết định đình chỉ điều tra hoặc đình chỉ vụ án mà hành vi vi phạm có dấu hiệu vi phạm kỷ luật thì bị xử lý kỷ luật; trong thời hạn 03 ngày, kể từ ngày ra quyết định đình chỉ điều tra, đình chỉ vụ án, người ra quyết định phải gửi quyết định và hồ sơ vụ việc cho cơ quan, tổ chức, đơn vị có thẩm quyền xử lý kỷ luật.

Luật Cán Bộ, Công Chức Của Quốc Hội Khóa Xii, Kỳ Họp Thứ Tư (22/2008/QH12) > Chương IX. KHEN THƯỞNG VÀ XỬ LÝ VI PHẠM > Điều 81. Tạm đình chỉ công tác đối với cán bộ, công chức:
Điều 81. Tạm đình chỉ công tác đối với cán bộ, công chức
1. Cơ quan, tổ chức, đơn vị quản lý cán bộ, công chức có thể ra quyết định tạm đình chỉ công tác trong thời gian xem xét, xử lý kỷ luật cán bộ, công chức, nếu để cán bộ, công chức đó tiếp tục làm việc có thể gây khó khăn cho việc xem xét, xử lý. Thời hạn tạm đình chỉ công tác không quá 15 ngày, trường hợp cần thiết có thể kéo dài thêm nhưng tối đa không quá 15 ngày; nếu cán bộ, công chức bị tạm giữ, tạm giam để phục vụ công tác điều tra, truy tố, xét xử thì thời gian tạm giữ, tạm giam được tính là thời gian nghỉ việc có lý do; hết thời hạn tạm đình chỉ công tác nếu cán bộ, công chức không bị xử lý kỷ luật thì được tiếp tục bố trí làm việc ở vị trí cũ.
2. Trong thời gian bị tạm đình chỉ công tác hoặc bị tạm giữ, tạm giam để phục vụ cho công tác điều tra, truy tố, xét xử, cán bộ, công chức được hưởng lương theo quy định của Chính phủ.","Thời hạn tạm đình chỉ công tác đối với cán bộ, công chức không quá 15 ngày. Trường hợp cần thiết có thể kéo dài thêm nhưng tối đa không quá 15 ngày. [C1], [C2]",161.28071599996474,48625.13634700008,"[""chunk:luat-22-2008-qh12:khoan-luat-22-2008-qh12-80-3:clause:9313"", ""chunk:luat-22-2008-qh12:dieu-luat-22-2008-qh12-81:article:9314""]","[""chunk:luat-22-2008-qh12:dieu-luat-22-2008-qh12-81:article:9314"", ""chunk:luat-22-2008-qh12:khoan-luat-22-2008-qh12-81-1:clause:9315"", ""chunk:luat-58-2010-qh12:dieu-luat-58-2010-qh12-54:article:13954"", ""chunk:he-thong:thuatngu-tam-ddinh-chi-cong-tac:semantic:31525""]",,0.7632678636508184
q0053,lightrag,multi_hop_specific,"Hành vi nào bị nghiêm cấm liên quan đến tai nạn lao động, bệnh nghề nghiệp theo Điều 12 Khoản 1 và Khoản 2 của Luật An toàn, vệ sinh lao động?",1.0,0.5,1.0,0.966836394146748,0.8333333332916666,1.0,1.0,"Luật An Toàn, Vệ Sinh Lao Động (84/2015/QH13) > Chương I. QUY ĐỊNH CHUNG > Điều 12. Các hành vi bị nghiêm cấm > Khoản 1:
1. Che giấu, khai báo hoặc báo cáo sai sự thật về tai nạn lao động, bệnh nghề nghiệp; không thực hiện các yêu cầu, biện pháp bảo đảm an toàn, vệ sinh lao động gây tổn hại hoặc có nguy cơ gây tổn hại đến người, tài sản, môi trường; buộc người lao động phải làm việc hoặc không được rời khỏi nơi làm việc khi có nguy cơ xảy ra tai nạn lao động đe dọa nghiêm trọng sức khỏe, tính mạng của họ hoặc buộc người lao động tiếp tục làm việc khi các nguy cơ đó chưa được khắc phục.

Luật An Toàn, Vệ Sinh Lao Động (84/2015/QH13) > Chương I. QUY ĐỊNH CHUNG > Điều 12. Các hành vi bị nghiêm cấm > Khoản 2:
2. Trốn đóng, chậm đóng tiền bảo hiểm tai nạn lao động, bệnh nghề nghiệp; chiếm dụng tiền đóng, hưởng bảo hiểm tai nạn lao động, bệnh nghề nghiệp; gian lận, giả mạo hồ sơ trong việc thực hiện bảo hiểm tai nạn lao động, bệnh nghề nghiệp; không chi trả chế độ bảo hiểm tai nạn lao động, bệnh nghề nghiệp cho người lao động; quản lý, sử dụng Quỹ bảo hiểm tai nạn lao động, bệnh nghề nghiệp không đúng quy định của pháp luật; truy cập, khai thác trái pháp luật cơ sở dữ liệu về bảo hiểm tai nạn lao động, bệnh nghề nghiệp.","Theo Điều 12 Khoản 1 và Khoản 2 của Luật An toàn, vệ sinh lao động, các hành vi bị nghiêm cấm liên quan đến tai nạn lao động, bệnh nghề nghiệp bao gồm:

*   **Che giấu, khai báo hoặc báo cáo sai sự thật về tai nạn lao động, bệnh nghề nghiệp** [C1], [C3].
*   **Không thực hiện các yêu cầu, biện pháp bảo đảm an toàn, vệ sinh lao động gây tổn hại hoặc có nguy cơ gây tổn hại đến người, tài sản, môi trường** [C1], [C3].
*   **Buộc người lao động phải làm việc hoặc không được rời khỏi nơi làm việc khi có nguy cơ xảy ra tai nạn lao động đe dọa nghiêm trọng sức khỏe, tính mạng của họ hoặc buộc người lao động tiếp tục làm việc khi các nguy cơ đó chưa được khắc phục** [C1], [C3].
*   **Trốn đóng, chậm đóng tiền bảo hiểm tai nạn lao động, bệnh nghề nghiệp** [C1], [C2].
*   **Chiếm dụng tiền đóng, hưởng bảo hiểm tai nạn lao động, bệnh nghề nghiệp** [C1], [C2].
*   **Gian lận, giả mạo hồ sơ trong việc thực hiện bảo hiểm tai nạn lao động, bệnh nghề nghiệp** [C1], [C2].
*   **Không chi trả chế độ bảo hiểm tai nạn lao động, bệnh nghề nghiệp cho người lao động** [C1], [C2].
*   **Quản lý, sử dụng Quỹ bảo hiểm tai nạn lao động, bệnh nghề nghiệp không đúng quy định của pháp luật** [C1], [C2].
*   **Truy cập, khai thác trái pháp luật cơ sở dữ liệu về bảo hiểm tai nạn lao động, bệnh nghề nghiệp** [C1], [C2].",185.41703700020662,1713.5710874999859,"[""chunk:luat-84-2015-qh13:khoan-luat-84-2015-qh13-12-1:clause:17737"", ""chunk:luat-84-2015-qh13:khoan-luat-84-2015-qh13-12-2:clause:17738""]","[""chunk:luat-84-2015-qh13:dieu-luat-84-2015-qh13-12:article:17735"", ""chunk:luat-84-2015-qh13:khoan-luat-84-2015-qh13-12-2:clause:17738"", ""chunk:luat-84-2015-qh13:khoan-luat-84-2015-qh13-12-1:clause:17737"", ""chunk:luat-84-2015-qh13:dieu-luat-84-2015-qh13-90:article:18304""]",,0.960033945487683
q0054,lightrag,multi_hop_specific,"Việc thay đổi, bổ sung, rút kháng cáo, kháng nghị trước khi mở phiên tòa phải được lập thành văn bản và gửi cho cơ quan nào?",0.5,0.25,1.0,0.9678018441676278,0.9999999999666667,1.0,0.44,"Luật Tố Tụng Hành Chính (93/2015/QH13) > Chương XIII. THỦ TỤC PHÚC THẨM > Mục 1. QUY ĐỊNH CHUNG VỀ THỦ TỤC PHÚC THẨM > Điều 218. Thay đổi, bổ sung, rút kháng cáo, kháng nghị > Khoản 1:
1. Trường hợp chưa hết thời hạn kháng cáo theo quy định tại Điều 206 của Luật này thì người đã kháng cáo có quyền thay đổi, bổ sung kháng cáo mà không bị giới hạn bởi phạm vi kháng cáo ban đầu.
Trường hợp chưa hết thời hạn kháng nghị theo quy định tại Điều 213 của Luật này thì Viện kiểm sát đã kháng nghị có quyền thay đổi, bổ sung kháng nghị mà không bị giới hạn bởi phạm vi kháng nghị ban đầu.

Luật Tố Tụng Hành Chính (93/2015/QH13) > Chương XIII. THỦ TỤC PHÚC THẨM > Mục 1. QUY ĐỊNH CHUNG VỀ THỦ TỤC PHÚC THẨM > Điều 218. Thay đổi, bổ sung, rút kháng cáo, kháng nghị > Khoản 4:
4. Việc thay đổi, bổ sung, rút kháng cáo, kháng nghị trước khi mở phiên tòa phải được lập thành văn bản và gửi cho Tòa án cấp phúc thẩm. Tòa án cấp phúc thẩm phải thông báo cho các đương sự về việc thay đổi, bổ sung, rút kháng cáo, kháng nghị; thông báo cho Viện kiểm sát cùng cấp về việc thay đổi, bổ sung, rút kháng cáo của đương sự.
Việc thay đổi, bổ sung, rút kháng cáo, kháng nghị tại phiên tòa phải được ghi vào biên bản phiên tòa.","Việc thay đổi, bổ sung, rút kháng cáo, kháng nghị trước khi mở phiên tòa phải được lập thành văn bản và gửi cho Tòa án cấp phúc thẩm [C1], [C2], [C3].",131.81522100012444,1713.5710874999859,"[""chunk:luat-93-2015-qh13:khoan-luat-93-2015-qh13-218-1:clause:20033"", ""chunk:luat-93-2015-qh13:khoan-luat-93-2015-qh13-218-4:clause:20036""]","[""chunk:bo-luat-92-2015-qh13:khoan-bo-luat-92-2015-qh13-284-4:clause:4731"", ""chunk:luat-93-2015-qh13:khoan-luat-93-2015-qh13-218-4:clause:20036"", ""chunk:luat-93-2015-qh13:dieu-luat-93-2015-qh13-218:article:20032"", ""chunk:luat-93-2015-qh13:dieu-luat-93-2015-qh13-264:article:20305""]",,0.881560368826859
q0055,lightrag,multi_hop_specific,Hành vi không đủ nội dung huấn luyện bắt buộc theo chương trình khung được pháp luật quy định sẽ bị phạt tiền bao nhiêu?,0.0,0.0,1.0,0.9964168393050133,0.9999999999666667,0.5,0.22,"NGHỊ ĐỊNH Quy định xử phạt vi phạm hành chính trong lĩnh vực lao động, bảo hiểm xã hội, người lao động Việt Nam đi làm việc ở nước ngoài theo hợp đồng (12/2022/NĐ-CP) > Chương II. HÀNH VI VI PHẠM, HÌNH THỨC XỬ PHẠT VÀ BIỆN PHÁP KHẮC PHỤC HẬU QUẢ ĐỐI VỚI HÀNH VI VI PHẠM TRONG LĨNH VỰC LAO ĐỘNG > Điều 25. Vi phạm quy định về hoạt động huấn luyện an toàn, vệ sinh lao động > Khoản 3 > Điểm b:
b) Từ 10.000.000 đồng đến 20.000.000 đồng đối với một trong các hành vi: huấn luyện bắt buộc theo chương trình khung được pháp luật quy định nhưng không đủ nội dung; sử dụng người huấn luyện không đảm bảo tiêu chuẩn về người huấn luyện; không đảm bảo cơ sở vật chất để huấn luyện theo quy định; không có tài liệu huấn luyện cho các đối tượng;

NGHỊ ĐỊNH Quy định xử phạt vi phạm hành chính trong lĩnh vực lao động, bảo hiểm xã hội, người lao động Việt Nam đi làm việc ở nước ngoài theo hợp đồng (12/2022/NĐ-CP) > Chương II. HÀNH VI VI PHẠM, HÌNH THỨC XỬ PHẠT VÀ BIỆN PHÁP KHẮC PHỤC HẬU QUẢ ĐỐI VỚI HÀNH VI VI PHẠM TRONG LĨNH VỰC LAO ĐỘNG > Điều 25. Vi phạm quy định về hoạt động huấn luyện an toàn, vệ sinh lao động > Khoản 4:
4. Phạt tiền từ 60.000.000 đồng đến 70.000.000 đồng đối với một trong các hành vi: thực hiện huấn luyện thuộc trường hợp phải có Giấy chứng nhận đủ điều kiện hoạt động huấn luyện an toàn, vệ sinh lao động mà không có Giấy chứng nhận đủ điều kiện hoạt động huấn luyện an toàn, vệ sinh lao động; giả mạo Giấy chứng nhận đủ điều kiện hoạt động huấn luyện an toàn, vệ sinh lao động nhưng chưa đến mức truy cứu trách nhiệm hình sự.","Hành vi không đủ nội dung huấn luyện bắt buộc theo chương trình khung được pháp luật quy định sẽ bị phạt tiền như sau:

*   **Đối với tổ chức huấn luyện an toàn, vệ sinh lao động:** Phạt tiền từ 10.000.000 đồng đến 20.000.000 đồng [C1, C2].
*   **Đối với người sử dụng lao động khi tự tổ chức huấn luyện an toàn, vệ sinh lao động:** Phạt tiền từ 10.000.000 đồng đến 20.000.000 đồng [C3].",172.2292579997884,1102.676684500011,"[""chunk:nghi-ddinh-12-2022-ndd-cp:diem-nghi-ddinh-12-2022-ndd-cp-25-3-b:point:22629"", ""chunk:nghi-ddinh-12-2022-ndd-cp:khoan-nghi-ddinh-12-2022-ndd-cp-25-4:clause:22632""]","[""chunk:nghi-ddinh-12-2022-ndd-cp:khoan-nghi-ddinh-12-2022-ndd-cp-25-2:clause:22620"", ""chunk:nghi-ddinh-12-2022-ndd-cp:dieu-nghi-ddinh-12-2022-ndd-cp-25:sliding:22608"", ""chunk:nghi-ddinh-12-2022-ndd-cp:khoan-nghi-ddinh-12-2022-ndd-cp-25-3:clause:22626"", ""chunk:nghi-ddinh-12-2022-ndd-cp:dieu-nghi-ddinh-12-2022-ndd-cp-51:article:23108""]",,0.743283367854336
q0056,lightrag,multi_hop_specific,"Theo Luật Người Khuyết Tật, nội dung hợp tác quốc tế về người khuyết tật bao gồm những gì?",0.5,0.25,1.0,1.0000000000000002,0.9999999999666667,0.5,0.53,"Luật Người Khuyết Tật (51/2010/QH12) > Chương I. NHỮNG QUY ĐỊNH CHUNG > Điều 9. Tổ chức của người khuyết tật, tổ chức vì người khuyết tật:
Điều 9. Tổ chức của người khuyết tật, tổ chức vì người khuyết tật
1. Tổ chức của người khuyết tật là tổ chức xã hội được thành lập và hoạt động theo quy định của pháp luật để đại diện cho quyền, lợi ích hợp pháp của hội viên là người khuyết tật, tham gia xây dựng, giám sát thực hiện chính sách, pháp luật đối với người khuyết tật.
2. Tổ chức vì người khuyết tật là tổ chức xã hội được thành lập và hoạt động theo quy định của pháp luật để thực hiện các hoạt động trợ giúp người khuyết tật.

Luật Người Khuyết Tật (51/2010/QH12) > Chương I. NHỮNG QUY ĐỊNH CHUNG > Điều 12. Hợp tác quốc tế về người khuyết tật:
Điều 12. Hợp tác quốc tế về người khuyết tật
1. Hợp tác quốc tế về người khuyết tật được thực hiện trên cơ sở tôn trọng độc lập, chủ quyền, toàn vẹn lãnh thổ, bình đẳng, phù hợp với pháp luật Việt và pháp luật quốc tế.
2. Nội dung hợp tác quốc tế về người khuyết tật bao gồm:
a) Xây dựng và thực hiện chương trình, dự án hợp tác quốc tế về người khuyết tật;
b) Tham gia tổ chức quốc tế; ký kết, gia nhập và thực hiện điều ước quốc tế, thỏa thuận quốc tế liên quan đến người khuyết tật;
c) Trao đổi thông tin, kinh nghiệm về vấn đề liên quan đến người khuyết tật.","Theo Luật Người Khuyết Tật, nội dung hợp tác quốc tế về người khuyết tật bao gồm:
*   Xây dựng và thực hiện chương trình, dự án hợp tác quốc tế về người khuyết tật [C1], [C2].
*   Tham gia tổ chức quốc tế; ký kết, gia nhập và thực hiện điều ước quốc tế, thỏa thuận quốc tế liên quan đến người khuyết tật [C1], [C2], [C3].
*   Trao đổi thông tin, kinh nghiệm về vấn đề liên quan đến người khuyết tật [C1], [C2], [C4].",110.59553799987043,1102.676684500011,"[""chunk:luat-51-2010-qh12:dieu-luat-51-2010-qh12-9:article:12585"", ""chunk:luat-51-2010-qh12:dieu-luat-51-2010-qh12-12:article:12596""]","[""chunk:luat-51-2010-qh12:khoan-luat-51-2010-qh12-12-2:clause:12598"", ""chunk:luat-51-2010-qh12:dieu-luat-51-2010-qh12-12:article:12596"", ""chunk:luat-51-2010-qh12:diem-luat-51-2010-qh12-12-2-b:point:12600"", ""chunk:luat-51-2010-qh12:diem-luat-51-2010-qh12-12-2-c:point:12601""]",,0.8059999999933334
q0057,lightrag,multi_hop_specific,"Phương án bảo đảm an toàn, vệ sinh lao động phải có những nội dung chủ yếu nào?",0.5,0.25,1.0,0.9996204614973198,0.999999999975,0.5,0.82,"Luật An Toàn, Vệ Sinh Lao Động (84/2015/QH13) > Chương II. CÁC BIỆN PHÁP PHÒNG, CHỐNG CÁC YẾU TỐ > Mục 4. QUẢN LÝ MÁY, THIẾT BỊ, VẬT TƯ, CHẤT CÓ YÊU CẦU > Điều 28. Máy, thiết bị, vật tư, chất có yêu cầu nghiêm ngặt về an toàn, vệ sinh lao động:
Điều 28. Máy, thiết bị, vật tư, chất có yêu cầu nghiêm ngặt về an toàn, vệ sinh lao động
1. Máy, thiết bị, vật tư, chất có yêu cầu nghiêm ngặt về an toàn, vệ sinh lao động là máy, thiết bị, vật tư, chất trong điều kiện lưu giữ, vận chuyển, bảo quản, sử dụng hợp lý, đúng mục đích và đúng theo hướng dẫn của nhà sản xuất nhưng trong quá trình lao động, sản xuất vẫn tiềm ẩn khả năng xảy ra tai nạn lao động, bệnh nghề nghiệp, gây hậu quả nghiêm trọng đến sức khỏe, tính mạng con người.
2. Bộ trưởng Bộ Lao động - Thương binh và Xã hội ban hành Danh mục các loại máy, thiết bị, vật tư, chất có yêu cầu nghiêm ngặt về an toàn, vệ sinh lao động trên cơ sở đề nghị của các bộ quy định tại Điều 33 của Luật này.

Luật An Toàn, Vệ Sinh Lao Động (84/2015/QH13) > Chương II. CÁC BIỆN PHÁP PHÒNG, CHỐNG CÁC YẾU TỐ > Mục 4. QUẢN LÝ MÁY, THIẾT BỊ, VẬT TƯ, CHẤT CÓ YÊU CẦU > Điều 29. Lập phương án bảo đảm an toàn, vệ sinh lao động khi xây dựng mới, mở rộng hoặc cải tạo công trình, cơ sở để sản xuất, sử dụng, bảo quản, lưu giữ máy, thiết bị, vật tư, chất có yêu cầu nghiêm ngặt về an toàn, vệ sinh lao động:
Điều 29. Lập phương án bảo đảm an toàn, vệ sinh lao động khi xây dựng mới, mở rộng hoặc cải tạo công trình, cơ sở để sản xuất, sử dụng, bảo quản, lưu giữ máy, thiết bị, vật tư, chất có yêu cầu nghiêm ngặt về an toàn, vệ sinh lao động
1. Trong hồ sơ trình cơ quan có thẩm quyền cấp giấy phép xây dựng mới, mở rộng hoặc cải tạo công trình, cơ sở để sản xuất, sử dụng, bảo quản, lưu giữ máy, thiết bị, vật tư, chất có yêu cầu nghiêm ngặt về an toàn, vệ sinh lao động, chủ đầu tư, người sử dụng lao động phải có phương án bảo đảm an toàn, vệ sinh lao động đối với nơi làm việc của người lao động và môi trường.
2. Phương án bảo đảm an toàn, vệ sinh lao động phải có các nội dung chủ yếu sau đây:
a) Địa điểm, quy mô công trình, cơ sở;
b) Liệt kê, mô tả chi tiết các hạng mục trong công trình, cơ sở;
c) Nêu rõ những yếu tố nguy hiểm, yếu tố có hại, sự cố có thể phát sinh trong quá trình hoạt động;
d) Các biện pháp cụ thể nhằm loại trừ, giảm thiểu yếu tố nguy hiểm, yếu tố có hại; phương án xử lý sự cố kỹ thuật gây mất an toàn, vệ sinh lao động nghiêm trọng, ứng cứu khẩn cấp.","Phương án bảo đảm an toàn, vệ sinh lao động phải có các nội dung chủ yếu sau đây [C1], [C2]:
* Địa điểm, quy mô công trình, cơ sở.
* Liệt kê, mô tả chi tiết các hạng mục trong công trình, cơ sở.
* Nêu rõ những yếu tố nguy hiểm, yếu tố có hại, sự cố có thể phát sinh trong quá trình hoạt động.
* Các biện pháp cụ thể nhằm loại trừ, giảm thiểu yếu tố nguy hiểm, yếu tố có hại; phương án xử lý sự cố kỹ thuật gây mất an toàn, vệ sinh lao động nghiêm trọng, ứng cứu khẩn cấp.",123.19087100013348,1583.4113810001327,"[""chunk:luat-84-2015-qh13:dieu-luat-84-2015-qh13-28:article:17835"", ""chunk:luat-84-2015-qh13:dieu-luat-84-2015-qh13-29:article:17838""]","[""chunk:luat-84-2015-qh13:khoan-luat-84-2015-qh13-29-2:clause:17840"", ""chunk:luat-84-2015-qh13:dieu-luat-84-2015-qh13-29:article:17838"", ""chunk:luat-84-2015-qh13:khoan-luat-84-2015-qh13-76-3:clause:18213"", ""chunk:luat-84-2015-qh13:dieu-luat-84-2015-qh13-76:article:18206""]",,0.8639240922944639
q0058,lightrag,multi_hop_specific,"Theo Bộ luật Lao động, người sử dụng lao động có những nghĩa vụ gì?",0.0,0.0,1.0,0.9622004004753317,0.0,0.6666666666666666,0.2,"Bộ Luật Lao Động (45/2019/QH14) > Chương I. NHỮNG QUY ĐỊNH CHUNG > Điều 6. Quyền và nghĩa vụ của người sử dụng lao động:
Điều 6. Quyền và nghĩa vụ của người sử dụng lao động
1. Người sử dụng lao động có các quyền sau đây:
a) Tuyển dụng, bố trí, quản lý, điều hành, giám sát lao động; khen thưởng và xử lý vi phạm kỷ luật lao động;
b) Thành lập, gia nhập, hoạt động trong tổ chức đại diện người sử dụng lao động, tổ chức nghề nghiệp và tổ chức khác theo quy định của pháp luật;
c) Yêu cầu tổ chức đại diện người lao động thương lượng với mục đích ký kết thỏa ước lao động tập thể; tham gia giải quyết tranh chấp lao động, đình công; đối thoại, trao đổi với tổ chức đại diện người lao động về các vấn đề trong quan hệ lao động, cải thiện đời sống vật chất và tinh thần của người lao động;
d) Đóng cửa tạm thời nơi làm việc;
đ) Các quyền khác theo quy định của pháp luật.
2. Người sử dụng lao động có các nghĩa vụ sau đây:
a) Thực hiện hợp đồng lao động, thỏa ước lao động tập thể và thỏa thuận hợp pháp khác; tôn trọng danh dự, nhân phẩm của người lao động;
b) Thiết lập cơ chế và thực hiện đối thoại, trao đổi với người lao động và tổ chức đại diện người lao động; thực hiện quy chế dân chủ ở cơ sở tại nơi làm việc;
c) Đào tạo, đào tạo lại, bồi dưỡng nâng cao trình độ, kỹ năng nghề nhằm duy trì, chuyển đổi nghề nghiệp, việc làm cho người lao động;
d) Thực hiện quy định của pháp luật về lao động, việc làm, giáo dục nghề nghiệp, bảo hiểm xã hội, bảo hiểm y tế, bảo hiểm thất nghiệp và an toàn, vệ sinh lao động; xây dựng và thực hiện các giải pháp phòng, chống quấy rối tình dục tại nơi làm việc;
đ) Tham gia phát triển tiêu chuẩn kỹ năng nghề quốc gia, đánh giá, công nhận kỹ năng nghề cho người lao động.

Bộ Luật Lao Động (45/2019/QH14) > Chương I. NHỮNG QUY ĐỊNH CHUNG > Điều 6. Quyền và nghĩa vụ của người sử dụng lao động > Khoản 2:
2. Người sử dụng lao động có các nghĩa vụ sau đây:
a) Thực hiện hợp đồng lao động, thỏa ước lao động tập thể và thỏa thuận hợp pháp khác; tôn trọng danh dự, nhân phẩm của người lao động;
b) Thiết lập cơ chế và thực hiện đối thoại, trao đổi với người lao động và tổ chức đại diện người lao động; thực hiện quy chế dân chủ ở cơ sở tại nơi làm việc;
c) Đào tạo, đào tạo lại, bồi dưỡng nâng cao trình độ, kỹ năng nghề nhằm duy trì, chuyển đổi nghề nghiệp, việc làm cho người lao động;
d) Thực hiện quy định của pháp luật về lao động, việc làm, giáo dục nghề nghiệp, bảo hiểm xã hội, bảo hiểm y tế, bảo hiểm thất nghiệp và an toàn, vệ sinh lao động; xây dựng và thực hiện các giải pháp phòng, chống quấy rối tình dục tại nơi làm việc;
đ) Tham gia phát triển tiêu chuẩn kỹ năng nghề quốc gia, đánh giá, công nhận kỹ năng nghề cho người lao động.","Theo Bộ luật Lao động, người sử dụng lao động có các nghĩa vụ sau:

*   Thực hiện hợp đồng lao động, thỏa ước lao động tập thể và thỏa thuận hợp pháp khác; tôn trọng danh dự, nhân phẩm của người lao động [C2].
*   Đối với người sử dụng lao động khi sử dụng lao động là người giúp việc gia đình, ngoài việc thực hiện đầy đủ thỏa thuận đã giao kết trong hợp đồng lao động [C3], còn có các nghĩa vụ cụ thể sau:
    *   Trả cho người giúp việc gia đình khoản tiền bảo hiểm xã hội, bảo hiểm y tế theo quy định của pháp luật để người lao động chủ động tham gia bảo hiểm xã hội, bảo hiểm y tế [C4].
    *   Tôn trọng danh dự, nhân phẩm của người giúp việc gia đình [C4].
    *   Bố trí chỗ ăn, ở hợp vệ sinh cho người giúp việc gia đình nếu có thỏa thuận [C4].
    *   Tạo cơ hội cho người giúp việc gia đình được tham gia học văn hóa, giáo dục nghề nghiệp [C4].
    *   Trả tiền tàu xe đi đường khi người giúp việc gia đình thôi việc về nơi cư trú, trừ trường hợp người giúp việc gia đình chấm dứt hợp đồng lao động trước thời hạn [C4].
    *   Thông báo cho Ủy ban nhân dân cấp xã việc sử dụng lao động, chấm dứt sử dụng lao động tương ứng theo Mẫu số 02/PLV, Mẫu số 03/PLV Phụ lục V ban hành kèm theo Nghị định này trong thời hạn 10 ngày kể từ ngày ký hợp đồng lao động hoặc chấm dứt hợp đồng lao động [C1].",122.17491499995958,1583.4113810001327,"[""chunk:bo-luat-45-2019-qh14:dieu-bo-luat-45-2019-qh14-6:article:2049"", ""chunk:bo-luat-45-2019-qh14:khoan-bo-luat-45-2019-qh14-6-2:clause:2056""]","[""chunk:nghi-ddinh-145-2020-ndd-cp:dieu-nghi-ddinh-145-2020-ndd-cp-90:article:24928"", ""chunk:bo-luat-45-2019-qh14:diem-bo-luat-45-2019-qh14-6-2-a:point:2057"", ""chunk:bo-luat-45-2019-qh14:khoan-bo-luat-45-2019-qh14-163-1:clause:2862"", ""chunk:bo-luat-45-2019-qh14:dieu-bo-luat-45-2019-qh14-163:article:2861""]",,0.5657734134283997
q0059,lightrag,multi_hop_specific,Tòa án ra quyết định thông báo tìm kiếm người vắng mặt tại nơi cư trú trong trường hợp nào?,0.5,0.25,0.75,0.9777944709046937,0.9999999999,0.5,0.4,"Bộ Luật Tố Tụng Dân Sự (92/2015/QH13) > Chương XXV. THỦ TỤC GIẢI QUYẾT YÊU CẦU THÔNG BÁO TÌM KIẾM NGƯỜI VẮNG MẶT TẠI NƠI CƯ TRÚ > Điều 382. Chuẩn bị xét đơn yêu cầu thông báo tìm kiếm người vắng mặt tại nơi cư trú:
Điều 382. Chuẩn bị xét đơn yêu cầu thông báo tìm kiếm người vắng mặt tại nơi cư trú
Trong thời hạn chuẩn bị xét đơn yêu cầu, Tòa án ra quyết định đình chỉ xét đơn yêu cầu thông báo tìm kiếm người vắng mặt tại nơi cư trú, nếu người bị yêu cầu thông báo tìm kiếm trở về và yêu cầu Tòa án đình chỉ việc xét đơn yêu cầu.

Bộ Luật Tố Tụng Dân Sự (92/2015/QH13) > Chương XXV. THỦ TỤC GIẢI QUYẾT YÊU CẦU THÔNG BÁO TÌM KIẾM NGƯỜI VẮNG MẶT TẠI NƠI CƯ TRÚ > Điều 383. Quyết định thông báo tìm kiếm người vắng mặt tại nơi cư trú:
Điều 383. Quyết định thông báo tìm kiếm người vắng mặt tại nơi cư trú
Trường hợp chấp nhận đơn yêu cầu thì Tòa án ra quyết định thông báo tìm kiếm người vắng mặt tại nơi cư trú; trường hợp có yêu cầu Tòa án áp dụng biện pháp quản lý tài sản của người vắng mặt đó tại nơi cư trú và được chấp nhận thì trong quyết định, Tòa án còn phải quyết định áp dụng biện pháp quản lý tài sản của người đó theo quy định của Bộ luật dân sự.","Tòa án ra quyết định thông báo tìm kiếm người vắng mặt tại nơi cư trú trong trường hợp chấp nhận đơn yêu cầu thông báo tìm kiếm người vắng mặt tại nơi cư trú [C1].

Ngoài ra, Tòa án cũng ra quyết định thông báo tìm kiếm người bị yêu cầu tuyên bố mất tích trong thời hạn 20 ngày kể từ ngày thụ lý đơn yêu cầu tuyên bố một người mất tích [C2].",130.9325130000616,953.672781000023,"[""chunk:bo-luat-92-2015-qh13:dieu-bo-luat-92-2015-qh13-382:article:5255"", ""chunk:bo-luat-92-2015-qh13:dieu-bo-luat-92-2015-qh13-383:article:5256""]","[""chunk:bo-luat-92-2015-qh13:dieu-bo-luat-92-2015-qh13-383:article:5256"", ""chunk:bo-luat-92-2015-qh13:dieu-bo-luat-92-2015-qh13-388:article:5272"", ""chunk:bo-luat-92-2015-qh13:dieu-bo-luat-92-2015-qh13-386:article:5267"", ""chunk:bo-luat-92-2015-qh13:dieu-bo-luat-92-2015-qh13-384:article:5257""]",,0.7255588941609388
q0060,lightrag,multi_hop_specific,"Người phải chấp hành quyết định nhưng chưa đưa vào trường giáo dưỡng, cơ sở giáo dục bắt buộc được miễn chấp hành quyết định trong các trường hợp nào theo Luật Xử lý vi phạm hành chính số 15/2012/QH13?",0.5,0.25,0.8333333333333334,0.9548370136849953,0.999999999975,0.5,0.27,"LUẬT XỬ LÝ VI PHẠM HÀNH CHÍNH Luật Xử lý vi phạm hành chính số 15/2012/QH13 ngày 20 tháng 6 năm 2012 của Quốc hội, có hiệu lực kể từ ngày 01 tháng 7 năm 2013, được sửa đổi, bổ sung bởi: (90/VBHN-VPQH) > Chương IV. THI HÀNH QUYẾT ĐỊNH ÁP DỤNG BIỆN PHÁP XỬ LÝ HÀNH CHÍNH > Điều 109. Thi hành quyết định áp dụng biện pháp giáo dục tại xã, phường, đặc khu[170] > Khoản 1:
1. Sau khi nhận được quyết định áp dụng biện pháp giáo dục tại xã, phường, đặc khu[171], cơ quan, tổ chức được giao giáo dục, quản lý có trách nhiệm:
a) Tổ chức việc thực hiện biện pháp giáo dục tại xã, phường, đặc khu[172] đối với người được giáo dục;
b) Phân công người trực tiếp giúp đỡ người được giáo dục;
c) Ghi sổ theo dõi và định kỳ báo cáo Chủ tịch Ủy ban nhân dân cấp xã về việc thực hiện quyết định giáo dục tại xã, phường, đặc khu[173];
d) Giúp đỡ, động viên người được giáo dục, đề xuất với Ủy ban nhân dân cấp xã tạo điều kiện cho họ tìm kiếm việc làm.

LUẬT XỬ LÝ VI PHẠM HÀNH CHÍNH Luật Xử lý vi phạm hành chính số 15/2012/QH13 ngày 20 tháng 6 năm 2012 của Quốc hội, có hiệu lực kể từ ngày 01 tháng 7 năm 2013, được sửa đổi, bổ sung bởi: (90/VBHN-VPQH) > Chương IV. THI HÀNH QUYẾT ĐỊNH ÁP DỤNG BIỆN PHÁP XỬ LÝ HÀNH CHÍNH > Điều 111. Hoãn hoặc miễn chấp hành quyết định đưa vào trường giáo dưỡng, cơ sở giáo dục bắt buộc[181]:
Điều 111. Hoãn hoặc miễn chấp hành quyết định đưa vào trường giáo dưỡng, cơ sở giáo dục bắt buộc[181]
1. Người phải chấp hành quyết định nhưng chưa đưa vào trường giáo dưỡng, cơ sở giáo dục bắt buộc[182] được hoãn chấp hành quyết định trong các trường hợp sau đây:
a) Đang ốm nặng có chứng nhận của cơ sở khám bệnh, chữa bệnh từ cấp cơ bản[183] trở lên[184];
b) Gia đình đang có khó khăn đặc biệt được Chủ tịch Ủy ban nhân dân cấp xã nơi người đó cư trú xác nhận.
Khi điều kiện hoãn chấp hành quyết định không còn thì quyết định được tiếp tục thi hành.
2. Người phải chấp hành quyết định nhưng chưa đưa vào trường giáo dưỡng, cơ sở giáo dục bắt buộc[185] được miễn chấp hành quyết định trong các trường hợp sau đây:
a) Mắc bệnh hiểm nghèo có chứng nhận của cơ sở khám bệnh, chữa bệnh từ tuyến huyện trở lên[186];
b) Trong thời gian hoãn chấp hành quyết định quy định tại khoản 1 Điều này mà người đó có tiến bộ rõ rệt trong việc chấp hành pháp luật hoặc lập công hoặc không còn nghiện ma túy;
c) Đang mang thai có chứng nhận của cơ sở khám bệnh, chữa bệnh từ tuyến huyện trở lên[187].
3. Tòa án nhân dân[188] nơi đã ra quyết định áp dụng biện pháp đưa vào trường giáo dưỡng, đưa vào cơ sở giáo dục bắt buộc[189] xem xét, quyết định việc hoãn hoặc miễn chấp hành trên cơ sở đơn đề nghị của người phải chấp hành quyết định hoặc người đại diện hợp pháp của họ; trong trường hợp cần thiết thì đề nghị cơ quan đã gửi hồ sơ đề nghị có ý kiến trước khi quyết định.
Quyết định miễn hoặc hoãn chấp hành phải được gửi cho cơ quan thi hành quyết định, người phải chấp hành quyết định; trường hợp người chưa thành niên được hoãn, miễn chấp hành quyết định đưa vào trường giáo dưỡng thì quyết định được gửi cho cha mẹ hoặc người đại diện hợp pháp của họ.","Người phải chấp hành quyết định nhưng chưa đưa vào trường giáo dưỡng, cơ sở giáo dục bắt buộc được miễn chấp hành quyết định trong các trường hợp sau đây:
* Mắc bệnh hiểm nghèo có chứng nhận của cơ sở khám bệnh, chữa bệnh từ tuyến huyện trở lên [C1].
* Trong thời gian hoãn chấp hành quyết định mà người đó có tiến bộ rõ rệt trong việc chấp hành pháp luật hoặc lập công hoặc không còn nghiện ma túy [C1].
* Đang mang thai có chứng nhận của cơ sở khám bệnh, chữa bệnh từ tuyến huyện trở lên [C1].",154.30841300030806,953.672781000023,"[""chunk:90-vbhn-vpqh-699548:khoan-90-vbhn-vpqh-699548-109-1:clause:1734"", ""chunk:90-vbhn-vpqh-699548:dieu-90-vbhn-vpqh-699548-111:article:1745""]","[""chunk:90-vbhn-vpqh-699548:dieu-90-vbhn-vpqh-699548-111:article:1745"", ""chunk:luat-15-2012-qh13:dieu-luat-15-2012-qh13-111:article:8694"", ""chunk:luat-15-2012-qh13:khoan-luat-15-2012-qh13-111-2:clause:8698"", ""chunk:90-vbhn-vpqh-699548:dieu-90-vbhn-vpqh-699548-124:article:1815""]",,0.7116340693986658
q0061,lightrag,multi_hop_specific,Bộ Giáo dục và Đào tạo chủ trì và phối hợp với những bộ nào để thực hiện chương trình giáo dục đặc biệt đối với trẻ em khuyết tật?,0.5,0.25,1.0,0.977687803784742,0.999999999975,1.0,0.38,"Luật Người Khuyết Tật (51/2010/QH12) > Chương IX. TRÁCH NHIỆM CỦA CƠ QUAN > Điều 50. Trách nhiệm của bộ, cơ quan ngang bộ và Ủy ban nhân dân các cấp > Khoản 2:
2. Bộ Y tế có trách nhiệm sau đây:
a) Thực hiện quản lý nhà nước về chăm sóc sức khỏe người khuyết tật;
b) Chủ trì và phối hợp với Bộ Lao động - Thương binh và Xã hội quy định chi tiết hoạt động phục hồi chức năng người khuyết tật; đào tạo về phục hồi chức năng; thực hiện chương trình phòng ngừa khuyết tật; hướng dẫn thực hiện phục hồi chức năng dựa vào cộng đồng đối với người khuyết tật.

Luật Người Khuyết Tật (51/2010/QH12) > Chương IX. TRÁCH NHIỆM CỦA CƠ QUAN > Điều 50. Trách nhiệm của bộ, cơ quan ngang bộ và Ủy ban nhân dân các cấp > Khoản 3:
3. Bộ Giáo dục và Đào tạo có trách nhiệm sau đây:
a) Thực hiện quản lý nhà nước về giáo dục đối với người khuyết tật;
b) Quy định chuẩn quốc gia về ngôn ngữ ký hiệu và chữ nổi Braille cho người khuyết tật;
c) Thực hiện quy hoạch hệ thống các cơ sở giáo dục chuyên biệt đối với người khuyết tật và hệ thống trung tâm hỗ trợ phát triển giáo dục hòa nhập;
d) Đào tạo giáo viên, nhân viên hỗ trợ giáo dục, biên soạn chương trình, tài liệu, giáo trình và sách giáo khoa áp dụng cho người học là người khuyết tật; chỉ đạo nghiên cứu, sản xuất và cung ứng thiết bị dạy học phù hợp với từng dạng tật và mức độ khuyết tật;
đ) Chủ trì và phối hợp với Bộ Lao động - Thương binh và Xã hội, Bộ Y tế thực hiện chương trình giáo dục đặc biệt đối với trẻ em khuyết tật.","Bộ Giáo dục và Đào tạo chủ trì và phối hợp với Bộ Lao động - Thương binh và Xã hội, Bộ Y tế để thực hiện chương trình giáo dục đặc biệt đối với trẻ em khuyết tật [C1], [C2].",124.11466499997914,32921.95935550012,"[""chunk:luat-51-2010-qh12:khoan-luat-51-2010-qh12-50-2:clause:12846"", ""chunk:luat-51-2010-qh12:khoan-luat-51-2010-qh12-50-3:clause:12849""]","[""chunk:luat-51-2010-qh12:diem-luat-51-2010-qh12-50-3-dd:point:12854"", ""chunk:luat-51-2010-qh12:khoan-luat-51-2010-qh12-50-3:clause:12849"", ""chunk:luat-51-2010-qh12:dieu-luat-51-2010-qh12-50:sliding:12831"", ""chunk:luat-51-2010-qh12:dieu-luat-51-2010-qh12-50:sliding:12830""]",,0.8715375607519483
q0062,lightrag,multi_hop_specific,Thẻ bảo hiểm y tế của trẻ em dưới 6 tuổi có giá trị sử dụng đến khi nào?,0.5,0.25,1.0,0.9589433164257135,0.9999999999666667,0.5,0.12,"Luật Bảo Hiểm Y Tế Của Quốc Hội Khóa Xii, Kỳ Họp Thứ Tư (25/2008/QH12) > Chương II. ĐỐI TƯỢNG, MỨC ĐÓNG, TRÁCH NHIỆM > Điều 15. Phương thức đóng bảo hiểm y tế:
Điều 15. Phương thức đóng bảo hiểm y tế
1. Hằng tháng, người sử dụng lao động đóng bảo hiểm y tế cho người lao động và trích tiền đóng bảo hiểm y tế từ tiền lương, tiền công của người lao động để nộp cùng một lúc vào quỹ bảo hiểm y tế.
2. Đối với các doanh nghiệp nông nghiệp, lâm nghiệp, ngư nghiệp, diêm nghiệp không trả lương theo tháng thì 3 tháng hoặc 6 tháng một lần, người sử dụng lao động đóng bảo hiểm y tế cho người lao động và trích tiền đóng bảo hiểm y tế từ tiền lương, tiền công của người lao động để nộp cùng một lúc vào quỹ bảo hiểm y tế.
3. Hằng tháng, tổ chức bảo hiểm xã hội đóng bảo hiểm y tế cho các đối tượng quy định tại các khoản 3, 4, 5, 6 và 8 Điều 12 của Luật này vào quỹ bảo hiểm y tế.
4. Hằng năm, cơ quan, tổ chức quản lý đối tượng quy định tại các khoản 7, 9, 10, 11, 12, 13, 14, 17 và 18 Điều 12 của Luật này đóng bảo hiểm y tế cho các đối tượng này vào quỹ bảo hiểm y tế.
5. Hằng năm, cơ quan, tổ chức quản lý người có công với cách mạng và các đối tượng quy định tại các điểm a, b và c khoản 16 Điều 12 của Luật này đóng bảo hiểm y tế cho thân nhân của họ vào quỹ bảo hiểm y tế.
6. Hằng tháng, cơ quan, tổ chức, đơn vị cấp học bổng đóng bảo hiểm y tế cho đối tượng quy định tại khoản 19 Điều 12 của Luật này vào quỹ bảo hiểm y tế.
7. Chính phủ quy định cụ thể phương thức đóng bảo hiểm y tế của đối tượng quy định tại các khoản 20, 21, 22, 23, 24 và 25 Điều 12 của Luật này.

Luật Bảo Hiểm Y Tế Của Quốc Hội Khóa Xii, Kỳ Họp Thứ Tư (25/2008/QH12) > Chương III. THẺ BẢO HIỂM Y TẾ > Điều 16. Thẻ bảo hiểm y tế > Khoản 3:
3. Thời điểm thẻ bảo hiểm y tế có giá trị sử dụng được quy định như sau:
a) Đối với người tham gia bảo hiểm y tế theo quy định tại khoản 3 Điều 50 của Luật này đóng bảo hiểm y tế liên tục kể từ lần thứ hai trở đi hoặc người tham gia bảo hiểm y tế quy định tại khoản 2 Điều 51 của Luật này thì thẻ bảo hiểm y tế có giá trị sử dụng kể từ ngày đóng bảo hiểm y tế;
b) Đối với người tham gia bảo hiểm y tế theo quy định tại khoản 3 Điều 50 của Luật này đóng bảo hiểm y tế lần đầu hoặc đóng bảo hiểm y tế không liên tục thì thẻ bảo hiểm y tế có giá trị sử dụng sau 30 ngày, kể từ ngày đóng bảo hiểm y tế; riêng đối với quyền lợi về dịch vụ kỹ thuật cao thì thẻ bảo hiểm y tế có giá trị sử dụng sau 180 ngày, kể từ ngày đóng bảo hiểm y tế;
c) Đối với trẻ em dưới 6 tuổi thì thẻ bảo hiểm y tế có giá trị sử dụng đến ngày trẻ đủ 72 tháng tuổi.","Thẻ bảo hiểm y tế của trẻ em dưới 6 tuổi có giá trị sử dụng đến ngày trẻ đủ 72 tháng tuổi [C1], [C3].

Đối với thẻ bảo hiểm y tế và thẻ khám bệnh, chữa bệnh miễn phí cho trẻ em dưới 6 tuổi đã được cấp trước ngày Luật Bảo hiểm y tế có hiệu lực, giá trị sử dụng được quy định như sau:
* Theo thời hạn ghi trên thẻ nếu thẻ ghi giá trị sử dụng đến ngày 31 tháng 12 năm 2009 [C2].
* Đến hết ngày 31 tháng 12 năm 2009 nếu thẻ ghi giá trị sử dụng sau ngày 31 tháng 12 năm 2009 [C2].",104.38190400009262,32921.95935550012,"[""chunk:luat-25-2008-qh12:dieu-luat-25-2008-qh12-15:article:9448"", ""chunk:luat-25-2008-qh12:khoan-luat-25-2008-qh12-16-3:clause:9460""]","[""chunk:luat-25-2008-qh12:diem-luat-25-2008-qh12-16-3-c:point:9463"", ""chunk:luat-25-2008-qh12:khoan-luat-25-2008-qh12-50-1:clause:9680"", ""chunk:luat-25-2008-qh12:khoan-luat-25-2008-qh12-16-3:clause:9460"", ""chunk:luat-25-2008-qh12:khoan-luat-25-2008-qh12-50-3:clause:9684""]",,0.7157886632784761
q0063,lightrag,multi_hop_specific,Người sử dụng lao động bị buộc trả lại số tiền hoặc tài sản đã giữ của người lao động cộng với khoản tiền lãi của số tiền đã giữ theo mức lãi suất tiền gửi không kỳ hạn cao nhất của các ngân hàng thương mại nhà nước tại thời điểm xử phạt khi thử việc quá thời gian thỏa thuận hoặc vượt quá điều kiện quy định tại Điều 25 của Bộ luật Lao động?,0.5,0.25,0.6666666666666666,0.0,0.0,0.5,0.6,"NGHỊ ĐỊNH Quy định xử phạt vi phạm hành chính trong lĩnh vực lao động, bảo hiểm xã hội, người lao động Việt Nam đi làm việc (283/2026/NĐ-CP) > Chương II. HÀNH VI VI PHẠM, HÌNH THỨC XỬ PHẠT VÀ BIỆN PHÁP KHẮC PHỤC HẬU QUẢ ĐỐI VỚI HÀNH VI VI PHẠM TRONG LĨNH VỰC LAO ĐỘNG > Mục 2. VI PHẠM HÀNH CHÍNH VỀ ĐIỀU KIỆN LAO ĐỘNG VÀ QUAN HỆ LAO ĐỘNG > Điều 15. Vi phạm quy định về giao kết hợp đồng lao động > Khoản 3 > Điểm đ:
đ) Buộc người sử dụng lao động trả lại số tiền hoặc tài sản đã giữ của người lao động cộng với khoản tiền lãi của số tiền đã giữ của người lao động tính theo mức lãi suất tiền gửi không kỳ hạn cao nhất của các ngân hàng thương mại nhà nước công bố tại thời điểm xử phạt đối với hành vi vi phạm quy định tại điểm b khoản 2 Điều này.

NGHỊ ĐỊNH Quy định xử phạt vi phạm hành chính trong lĩnh vực lao động, bảo hiểm xã hội, người lao động Việt Nam đi làm việc (283/2026/NĐ-CP) > Chương II. HÀNH VI VI PHẠM, HÌNH THỨC XỬ PHẠT VÀ BIỆN PHÁP KHẮC PHỤC HẬU QUẢ ĐỐI VỚI HÀNH VI VI PHẠM TRONG LĨNH VỰC LAO ĐỘNG > Mục 2. VI PHẠM HÀNH CHÍNH VỀ ĐIỀU KIỆN LAO ĐỘNG VÀ QUAN HỆ LAO ĐỘNG > Điều 16. Vi phạm quy định về thử việc > Khoản 2:
2. Phạt tiền từ 2.000.000 đồng đến 5.000.000 đồng đối với người sử dụng lao động có một trong các hành vi sau đây:
a) Yêu cầu người lao động thử việc quá 01 lần đối với một công việc;
b) Thử việc quá thời gian thỏa thuận hoặc vượt quá điều kiện quy định tại Điều 25 của Bộ luật Lao động;
c) Trả lương thử việc thấp hơn thỏa thuận hoặc thấp hơn 85% mức lương của công việc đó;
d) Không giao kết hợp đồng lao động khi thử việc đạt yêu cầu đối với trường hợp hai bên có giao kết hợp đồng thử việc.","Không có thông tin trong ngữ cảnh được cung cấp để trả lời câu hỏi về việc người sử dụng lao động bị buộc trả lại số tiền hoặc tài sản đã giữ của người lao động cộng với khoản tiền lãi khi thử việc quá thời gian thỏa thuận hoặc vượt quá điều kiện quy định tại Điều 25 của Bộ luật Lao động.

Ngữ cảnh chỉ đề cập đến biện pháp khắc phục hậu quả ""Buộc người sử dụng lao động trả lại số tiền hoặc tài sản đã giữ của người lao động cộng với khoản tiền lãi của số tiền đã giữ của người lao động tính theo mức lãi suất tiền gửi không kỳ hạn cao nhất của các ngân hàng thương mại nhà nước công bố tại thời điểm xử phạt"" [C1], [C4]. Tuy nhiên, biện pháp này được áp dụng ""đối với hành vi vi phạm quy định tại điểm b khoản 2 Điều này"" [C1], [C4], mà ngữ cảnh không cung cấp nội dung của ""điểm b khoản 2 Điều này"" cũng như không liên kết trực tiếp với hành vi thử việc quá thời gian thỏa thuận hoặc vượt quá điều kiện quy định tại Điều 25 của Bộ luật Lao động.",176.96637200015175,1384.81995799998,"[""chunk:nghi-ddinh-283-2026-ndd-cp:diem-nghi-ddinh-283-2026-ndd-cp-15-3-dd:point:26978"", ""chunk:nghi-ddinh-283-2026-ndd-cp:khoan-nghi-ddinh-283-2026-ndd-cp-16-2:clause:26983""]","[""chunk:nghi-ddinh-283-2026-ndd-cp:diem-nghi-ddinh-283-2026-ndd-cp-15-3-dd:point:26978"", ""chunk:nghi-ddinh-12-2022-ndd-cp:khoan-nghi-ddinh-12-2022-ndd-cp-4-6:clause:22180"", ""chunk:bo-luat-45-2019-qh14:khoan-bo-luat-45-2019-qh14-18-2:clause:2109"", ""chunk:nghi-ddinh-283-2026-ndd-cp:dieu-nghi-ddinh-283-2026-ndd-cp-15:sliding:26962""]",,0.35333333333333333
q0064,lightrag,multi_hop_specific,"Người sử dụng lao động sẽ bị phạt tiền từ 1.000.000 đồng đến 3.000.000 đồng nếu không thông báo cho Ủy ban nhân dân xã, phường, đặc khu việc sử dụng lao động hoặc chấm dứt việc sử dụng lao động là người giúp việc gia đình theo quy định hoặc đã bị xử phạt cảnh cáo đối với các hành vi vi phạm quy định tại khoản 1 Điều 28 nhưng lại tiếp tục vi phạm?",1.0,0.5,0.8,0.9121217141075407,0.9999999999666667,1.0,0.29,"NGHỊ ĐỊNH Quy định xử phạt vi phạm hành chính trong lĩnh vực lao động, bảo hiểm xã hội, người lao động Việt Nam đi làm việc (283/2026/NĐ-CP) > Chương II. HÀNH VI VI PHẠM, HÌNH THỨC XỬ PHẠT VÀ BIỆN PHÁP KHẮC PHỤC HẬU QUẢ ĐỐI VỚI HÀNH VI VI PHẠM TRONG LĨNH VỰC LAO ĐỘNG > Mục 2. VI PHẠM HÀNH CHÍNH VỀ ĐIỀU KIỆN LAO ĐỘNG VÀ QUAN HỆ LAO ĐỘNG > Điều 28. Vi phạm quy định về lao động là người giúp việc gia đình:
Điều 28. Vi phạm quy định về lao động là người giúp việc gia đình 1. Phạt cảnh cáo đối với người sử dụng lao động có một trong các hành vi sau đây: a) Không giao kết hợp đồng lao động bằng văn bản với lao động là người giúp việc gia đình; b) Không trả tiền tàu xe đi đường khi lao động là người giúp việc gia đình thôi việc về nơi cư trú, trừ trường hợp lao động là người giúp việc gia đình chấm dứt hợp đồng lao động trước thời hạn. 2. Phạt tiền từ 1.000.000 đồng đến 3.000.000 đồng đối với người sử dụng lao động có một trong các hành vi sau đây: a) Không thông báo cho Ủy ban nhân dân xã, phường, đặc khu việc sử dụng lao động hoặc chấm dứt việc sử dụng lao động là người giúp việc gia đình theo quy định; b) Đã bị xử phạt cảnh cáo đối với các hành vi vi phạm quy định tại khoản 1 Điều này nhưng lại tiếp tục vi phạm. 3. Phạt tiền từ 10.000.000 đồng đến 15.000.000 đồng đối với người sử dụng lao động có một trong các hành vi sau đây: a) Giữ giấy tờ tùy thân của lao động là người giúp việc gia đình; b) Không trả cho lao động là người giúp việc gia đình khoản tiền bảo hiểm xã hội, bảo hiểm y tế theo quy định của pháp luật để người lao động chủ động tham gia bảo hiểm xã hội, bảo hiểm y tế. 4. Phạt tiền từ 50.000.000 đồng đến 75.000.000 đồng đối với người sử dụng lao động có hành vi ngược đãi, quấy rối tình dục, cưỡng bức lao động, hoặc dùng vũ lực đối với người lao động là người giúp việc gia đình nhưng chưa đến mức truy cứu trách nhiệm hình sự. 5. Biện pháp khắc phục hậu quả a) Buộc người sử dụng lao động phải giao kết hợp đồng lao động bằng văn bản với lao động là người giúp việc gia đình khi vi phạm quy định tại điểm

NGHỊ ĐỊNH Quy định xử phạt vi phạm hành chính trong lĩnh vực lao động, bảo hiểm xã hội, người lao động Việt Nam đi làm việc (283/2026/NĐ-CP) > Chương II. HÀNH VI VI PHẠM, HÌNH THỨC XỬ PHẠT VÀ BIỆN PHÁP KHẮC PHỤC HẬU QUẢ ĐỐI VỚI HÀNH VI VI PHẠM TRONG LĨNH VỰC LAO ĐỘNG > Mục 2. VI PHẠM HÀNH CHÍNH VỀ ĐIỀU KIỆN LAO ĐỘNG VÀ QUAN HỆ LAO ĐỘNG > Điều 28. Vi phạm quy định về lao động là người giúp việc gia đình > Khoản 2:
2. Phạt tiền từ 1.000.000 đồng đến 3.000.000 đồng đối với người sử dụng lao động có một trong các hành vi sau đây:
a) Không thông báo cho Ủy ban nhân dân xã, phường, đặc khu việc sử dụng lao động hoặc chấm dứt việc sử dụng lao động là người giúp việc gia đình theo quy định;
b) Đã bị xử phạt cảnh cáo đối với các hành vi vi phạm quy định tại khoản 1 Điều này nhưng lại tiếp tục vi phạm.","Có, người sử dụng lao động sẽ bị phạt tiền từ 1.000.000 đồng đến 3.000.000 đồng nếu có một trong các hành vi sau:
*   Không thông báo cho Ủy ban nhân dân xã, phường, đặc khu việc sử dụng lao động hoặc chấm dứt việc sử dụng lao động là người giúp việc gia đình theo quy định [C2], [C3].
*   Đã bị xử phạt cảnh cáo đối với các hành vi vi phạm quy định tại khoản 1 Điều 28 nhưng lại tiếp tục vi phạm [C2], [C3].",171.04404900010195,1384.81995799998,"[""chunk:nghi-ddinh-283-2026-ndd-cp:dieu-nghi-ddinh-283-2026-ndd-cp-28:article:27208"", ""chunk:nghi-ddinh-283-2026-ndd-cp:khoan-nghi-ddinh-283-2026-ndd-cp-28-2:clause:27213""]","[""chunk:nghi-ddinh-12-2022-ndd-cp:khoan-nghi-ddinh-12-2022-ndd-cp-30-2:clause:22725"", ""chunk:nghi-ddinh-283-2026-ndd-cp:khoan-nghi-ddinh-283-2026-ndd-cp-28-2:clause:27213"", ""chunk:nghi-ddinh-283-2026-ndd-cp:dieu-nghi-ddinh-283-2026-ndd-cp-28:article:27208"", ""chunk:nghi-ddinh-283-2026-ndd-cp:khoan-nghi-ddinh-283-2026-ndd-cp-9-4:clause:26887""]",,0.8004243428148415
q0065,lightrag,multi_hop_specific,Hồ sơ dự tuyển hòa giải viên lao động có cần giấy chứng nhận sức khỏe do cơ quan y tế có thẩm quyền cấp theo quy định của Bộ Y tế không?,0.5,0.25,1.0,0.9819746181125352,0.9999999999,0.5,0.67,"NGHỊ ĐỊNH Quy định chi tiết và hướng dẫn thi hành một số điều của Bộ luật Lao động về điều kiện lao động và quan hệ lao động (145/2020/NĐ-CP) > Chương XI. GIẢI QUYẾT TRANH CHẤP LAO ĐỘNG > Mục 1. HÒA GIẢI VIÊN LAO ĐỘNG > Điều 93. Trình tự và thủ tục bổ nhiệm hòa giải viên lao động > Khoản 2 > Điểm a:
a) Căn cứ kế hoạch tuyển chọn, bổ nhiệm hòa giải viên lao động được Chủ tịch Ủy ban nhân dân cấp tỉnh phê duyệt, Sở Lao động - Thương binh và Xã hội có văn bản thông báo công khai việc tuyển chọn hòa giải viên lao động trên địa bàn thông qua Cổng thông tin điện tử của cơ quan, đơn vị và trên phương tiện thông tin đại chúng, đồng thời gửi Phòng Lao động - Thương binh và Xã hội để phối hợp thực hiện;

NGHỊ ĐỊNH Quy định chi tiết và hướng dẫn thi hành một số điều của Bộ luật Lao động về điều kiện lao động và quan hệ lao động (145/2020/NĐ-CP) > Chương XI. GIẢI QUYẾT TRANH CHẤP LAO ĐỘNG > Mục 1. HÒA GIẢI VIÊN LAO ĐỘNG > Điều 93. Trình tự và thủ tục bổ nhiệm hòa giải viên lao động > Khoản 2 > Điểm b:
b) Trong thời hạn đăng ký ghi trong thông báo tuyển chọn hòa giải viên lao động của Sở Lao động - Thương binh và Xã hội, cá nhân trực tiếp đăng ký hoặc được các cơ quan, đơn vị của nhà nước, tổ chức chính trị, tổ chức chính trị xã hội và các tổ chức khác giới thiệu tham gia dự tuyển hòa giải viên lao động với Sở Lao động - Thương binh và Xã hội hoặc Phòng Lao động - Thương binh và Xã hội.
Hồ sơ dự tuyển gồm: Đơn dự tuyển hòa giải viên lao động; sơ yếu lý lịch có xác nhận của cấp có thẩm quyền; giấy chứng nhận sức khỏe do cơ quan y tế có thẩm quyền cấp theo quy định của Bộ Y tế; bản sao từ sổ gốc, bản sao có chứng thực hoặc bản sao xuất trình kèm bản chính để đối chiếu các văn bằng, chứng chỉ liên quan; văn bản giới thiệu tham gia làm hòa giải viên lao động của các cơ quan, tổ chức liên quan (nếu có);","Có, hồ sơ dự tuyển hòa giải viên lao động cần có giấy chứng nhận sức khỏe do cơ quan y tế có thẩm quyền cấp theo quy định của Bộ Y tế [C1].",152.34819300030722,798.925499500001,"[""chunk:nghi-ddinh-145-2020-ndd-cp:diem-nghi-ddinh-145-2020-ndd-cp-93-2-a:point:24953"", ""chunk:nghi-ddinh-145-2020-ndd-cp:diem-nghi-ddinh-145-2020-ndd-cp-93-2-b:point:24954""]","[""chunk:nghi-ddinh-145-2020-ndd-cp:diem-nghi-ddinh-145-2020-ndd-cp-93-2-b:point:24954"", ""chunk:luat-58-2020-qh14:diem-luat-58-2020-qh14-12-2-b:point:14871"", ""chunk:luat-58-2020-qh14:diem-luat-58-2020-qh14-11-2-c:point:14856"", ""chunk:luat-58-2020-qh14:diem-luat-58-2020-qh14-10-1-a:point:14843""]",,0.8303949236025071
q0066,lightrag,multi_hop_specific,"Trường hợp người lao động bị tạm đình chỉ công việc từ 14 ngày làm việc trở lên trong tháng và được người sử dụng lao động trả đủ tiền lương, thời hạn đóng bù bảo hiểm xã hội bắt buộc chậm nhất là khi nào?",0.0,0.0,1.0,0.9994520306984082,0.499999999975,0.5,0.55,"NGHỊ ĐỊNH Quy định chi tiết và hướng dẫn thi hành một số điều của Luật Bảo hiểm xã hội về bảo hiểm xã hội bắt buộc (158/2025/NĐ-CP) > Chương II. ĐĂNG KÝ THAM GIA VÀ QUẢN LÝ THU, ĐÓNG > Điều 11. Tạm dừng đóng bảo hiểm xã hội bắt buộc theo quy định tại khoản 2 và 3 Điều 37 của Luật Bảo hiểm xã hội > Khoản 2 > Điểm b:
b) Trường hợp sau thời gian tạm đình chỉ công việc từ 14 ngày làm việc trở lên trong tháng mà người lao động được người sử dụng lao động trả đủ tiền lương cho thời gian bị tạm đình chỉ công việc thì thực hiện việc đóng bù bảo hiểm xã hội bắt buộc cho thời gian bị tạm đình chỉ công việc. Thời hạn đóng bù chậm nhất là ngày cuối cùng của tháng tiếp theo tháng kết thúc việc tạm dừng đóng. Số tiền đóng bù của những tháng tạm dừng đóng bằng số tiền phải đóng bảo hiểm xã hội bắt buộc theo quy định tại Điều 33 và Điều 34 của Luật Bảo hiểm xã hội.
Trường hợp sau thời hạn đóng bù chậm nhất, người sử dụng lao động và người lao động mới đóng bù cho những tháng tạm dừng đóng thì thực hiện theo quy định tại Điều 40 và Điều 41 của Luật Bảo hiểm xã hội;

NGHỊ ĐỊNH Quy định chi tiết và hướng dẫn thi hành một số điều của Luật Bảo hiểm xã hội về bảo hiểm xã hội bắt buộc (158/2025/NĐ-CP) > Chương II. ĐĂNG KÝ THAM GIA VÀ QUẢN LÝ THU, ĐÓNG > Điều 11. Tạm dừng đóng bảo hiểm xã hội bắt buộc theo quy định tại khoản 2 và 3 Điều 37 của Luật Bảo hiểm xã hội > Khoản 3:
3. Người lao động quy định tại điểm g khoản 1 Điều 2 của Luật Bảo hiểm xã hội, khi tạm thời bị mất việc làm trong thời gian thực hiện hợp đồng mà được cơ quan, tổ chức, doanh nghiệp làm dịch vụ đưa người lao động đi làm việc ở nước ngoài xác nhận thì thời gian này được tạm dừng đóng bảo hiểm xã hội bắt buộc.
Sau thời gian tạm thời mất việc làm nếu người lao động trở lại làm việc thì tiếp tục đóng bảo hiểm xã hội bắt buộc theo quy định, không thực hiện việc đóng bù bảo hiểm xã hội bắt buộc cho thời gian bị mất việc làm tạm thời.","Trường hợp người lao động bị tạm đình chỉ công việc từ 14 ngày làm việc trở lên trong tháng và được người sử dụng lao động trả đủ tiền lương, thời hạn đóng bù bảo hiểm xã hội bắt buộc chậm nhất là ngày cuối cùng của tháng tiếp theo tháng kết thúc việc tạm dừng đóng [C2].",186.9532830000935,798.925499500001,"[""chunk:nghi-ddinh-158-2025-ndd-cp:diem-nghi-ddinh-158-2025-ndd-cp-11-2-b:point:25704"", ""chunk:nghi-ddinh-158-2025-ndd-cp:khoan-nghi-ddinh-158-2025-ndd-cp-11-3:clause:25706""]","[""chunk:luat-41-2024-qh15:dieu-luat-41-2024-qh15-34:article:10827"", ""chunk:nghi-ddinh-158-2025-ndd-cp:khoan-nghi-ddinh-158-2025-ndd-cp-11-2:clause:25702"", ""chunk:nghi-ddinh-158-2025-ndd-cp:khoan-nghi-ddinh-158-2025-ndd-cp-11-1:clause:25698"", ""chunk:nghi-ddinh-158-2025-ndd-cp:dieu-nghi-ddinh-158-2025-ndd-cp-11:sliding:25696""]",,0.7098904061346817
q0067,lightrag,multi_hop_specific,"Trong thời gian được hoãn hoặc tạm đình chỉ chấp hành quyết định đưa vào trường giáo dưỡng, cơ sở giáo dục bắt buộc, nếu người đó tiếp tục có hành vi vi phạm đã bị xử lý hoặc có căn cứ cho rằng người đó bỏ trốn thì Tòa án nhân dân cấp huyện đã ra quyết định hoãn hoặc tạm đình chỉ sẽ làm gì?",1.0,0.5,1.0,0.9350315761538788,0.9999999999666667,1.0,0.5,"Luật Xử Lý Vi Phạm Hành Chính (15/2012/QH13) > Chương IV. THI HÀNH QUYẾT ĐỊNH ÁP DỤNG > Điều 113. Quản lý người được hoãn hoặc được tạm đình chỉ chấp hành quyết định áp dụng biện pháp đưa vào trường giáo dưỡng, đưa vào cơ sở giáo dục bắt buộc, đưa vào cơ sở cai nghiện bắt buộc:
Điều 113. Quản lý người được hoãn hoặc được tạm đình chỉ chấp hành quyết định áp dụng biện pháp đưa vào trường giáo dưỡng, đưa vào cơ sở giáo dục bắt buộc, đưa vào cơ sở cai nghiện bắt buộc
1. Người được hoãn hoặc được tạm đình chỉ chấp hành quyết định đưa vào trường giáo dưỡng, đưa vào cơ sở giáo dục bắt buộc, đưa vào cơ sở cai nghiện bắt buộc có trách nhiệm trình diện với Ủy ban nhân dân cấp xã nơi họ cư trú.
2. Trong thời gian được hoãn hoặc được tạm đình chỉ chấp hành quyết định đưa vào trường giáo dưỡng, đưa vào cơ sở giáo dục bắt buộc mà người đó tiếp tục có hành vi vi phạm đã bị xử lý hoặc có căn cứ cho rằng người đó bỏ trốn thì Tòa án nhân dân cấp huyện đã ra quyết định hoãn hoặc tạm đình chỉ hủy bỏ quyết định đó và ra quyết định buộc chấp hành quyết định đưa vào trường giáo dưỡng, quyết định đưa vào cơ sở giáo dục bắt buộc.
Trong thời gian được hoãn hoặc được tạm đình chỉ chấp hành quyết định đưa vào cơ sở cai nghiện bắt buộc mà người đó tiếp tục sử dụng ma túy hoặc có căn cứ cho rằng người đó bỏ trốn thì Tòa án nhân dân cấp huyện đã ra quyết định hoãn hoặc tạm đình chỉ hủy bỏ quyết định đó và ra quyết định buộc chấp hành quyết định đưa vào cơ sở cai nghiện bắt buộc.
3. Quyết định buộc chấp hành quyết định đưa vào trường giáo dưỡng, đưa vào cơ sở giáo dục bắt buộc, đưa vào cơ sở cai nghiện bắt buộc được gửi cho cơ quan Công an cùng cấp nơi Tòa án đã ra quyết định. Ngay sau khi nhận được quyết định, cơ quan Công an phải tổ chức áp giải đối tượng.

Luật Xử Lý Vi Phạm Hành Chính (15/2012/QH13) > Chương IV. THI HÀNH QUYẾT ĐỊNH ÁP DỤNG > Điều 113. Quản lý người được hoãn hoặc được tạm đình chỉ chấp hành quyết định áp dụng biện pháp đưa vào trường giáo dưỡng, đưa vào cơ sở giáo dục bắt buộc, đưa vào cơ sở cai nghiện bắt buộc > Khoản 2:
2. Trong thời gian được hoãn hoặc được tạm đình chỉ chấp hành quyết định đưa vào trường giáo dưỡng, đưa vào cơ sở giáo dục bắt buộc mà người đó tiếp tục có hành vi vi phạm đã bị xử lý hoặc có căn cứ cho rằng người đó bỏ trốn thì Tòa án nhân dân cấp huyện đã ra quyết định hoãn hoặc tạm đình chỉ hủy bỏ quyết định đó và ra quyết định buộc chấp hành quyết định đưa vào trường giáo dưỡng, quyết định đưa vào cơ sở giáo dục bắt buộc.
Trong thời gian được hoãn hoặc được tạm đình chỉ chấp hành quyết định đưa vào cơ sở cai nghiện bắt buộc mà người đó tiếp tục sử dụng ma túy hoặc có căn cứ cho rằng người đó bỏ trốn thì Tòa án nhân dân cấp huyện đã ra quyết định hoãn hoặc tạm đình chỉ hủy bỏ quyết định đó và ra quyết định buộc chấp hành quyết định đưa vào cơ sở cai nghiện bắt buộc.","Trong thời gian được hoãn hoặc tạm đình chỉ chấp hành quyết định đưa vào trường giáo dưỡng, cơ sở giáo dục bắt buộc, nếu người đó tiếp tục có hành vi vi phạm đã bị xử lý hoặc có căn cứ cho rằng người đó bỏ trốn thì Tòa án nhân dân cấp huyện đã ra quyết định hoãn hoặc tạm đình chỉ sẽ hủy bỏ quyết định đó và ra quyết định buộc chấp hành quyết định đưa vào trường giáo dưỡng, quyết định đưa vào cơ sở giáo dục bắt buộc [C1], [C2].",155.93420000004699,10032.447122500116,"[""chunk:luat-15-2012-qh13:dieu-luat-15-2012-qh13-113:article:8709"", ""chunk:luat-15-2012-qh13:khoan-luat-15-2012-qh13-113-2:clause:8711""]","[""chunk:luat-15-2012-qh13:khoan-luat-15-2012-qh13-113-2:clause:8711"", ""chunk:luat-15-2012-qh13:dieu-luat-15-2012-qh13-113:article:8709"", ""chunk:90-vbhn-vpqh-699548:dieu-90-vbhn-vpqh-699548-113:article:1759"", ""chunk:luat-15-2012-qh13:dieu-luat-15-2012-qh13-17:article:7980""]",,0.8870063152241091
q0068,lightrag,multi_hop_specific,"Khi doanh nghiệp chia, tách, hợp nhất, sáp nhập, bán, cho thuê, chuyển đổi loại hình hoặc chuyển nhượng quyền sở hữu tài sản, người sử dụng lao động kế tiếp và tổ chức đại diện người lao động có thể lựa chọn tiếp tục thực hiện, sửa đổi, bổ sung thỏa ước lao động tập thể cũ hay thương lượng để ký kết thỏa ước lao động tập thể mới?",0.5,0.25,1.0,0.9627523805741535,0.99999999995,0.6666666666666666,0.5,"Bộ Luật Lao Động (45/2019/QH14) > Chương V. ĐỐI THOẠI TẠI NƠI LÀM VIỆC, THƯƠNG LƯỢNG TẬP THỂ, > Mục 3. THỎA ƯỚC LAO ĐỘNG TẬP THỂ > Điều 79. Thực hiện thỏa ước lao động tập thể tại doanh nghiệp > Khoản 2:
2. Trường hợp quyền, nghĩa vụ và lợi ích của các bên trong hợp đồng lao động đã giao kết trước ngày thỏa ước lao động tập thể có hiệu lực thấp hơn quy định tương ứng của thỏa ước lao động tập thể thì phải thực hiện theo thỏa ước lao động tập thể. Quy định của người sử dụng lao động chưa phù hợp với thỏa ước lao động tập thể thì phải được sửa đổi cho phù hợp; trong thời gian chưa sửa đổi thì thực hiện theo nội dung tương ứng của thỏa ước lao động tập thể.

Bộ Luật Lao Động (45/2019/QH14) > Chương V. ĐỐI THOẠI TẠI NƠI LÀM VIỆC, THƯƠNG LƯỢNG TẬP THỂ, > Mục 3. THỎA ƯỚC LAO ĐỘNG TẬP THỂ > Điều 80. Thực hiện thỏa ước lao động tập thể doanh nghiệp trong trường hợp chia, tách, hợp nhất, sáp nhập; bán, cho thuê, chuyển đổi loại hình doanh nghiệp; chuyển nhượng quyền sở hữu, quyền sử dụng tài sản của doanh nghiệp:
Điều 80. Thực hiện thỏa ước lao động tập thể doanh nghiệp trong trường hợp chia, tách, hợp nhất, sáp nhập; bán, cho thuê, chuyển đổi loại hình doanh nghiệp; chuyển nhượng quyền sở hữu, quyền sử dụng tài sản của doanh nghiệp
1. Trường hợp chia, tách, hợp nhất, sáp nhập; bán, cho thuê, chuyển đổi loại hình doanh nghiệp; chuyển nhượng quyền sở hữu, quyền sử dụng tài sản của doanh nghiệp thì người sử dụng lao động kế tiếp và tổ chức đại diện người lao động có quyền thương lượng theo quy định tại Điều 68 của Bộ luật này căn cứ vào phương án sử dụng lao động để xem xét lựa chọn việc tiếp tục thực hiện, sửa đổi, bổ sung thỏa ước lao động tập thể doanh nghiệp cũ hoặc thương lượng để ký kết thỏa ước lao động tập thể mới.
2. Trường hợp thỏa ước lao động tập thể doanh nghiệp hết hiệu lực do người sử dụng lao động chấm dứt hoạt động thì quyền lợi của người lao động được giải quyết theo quy định của pháp luật.","Khi doanh nghiệp chia, tách, hợp nhất, sáp nhập, bán, cho thuê, chuyển đổi loại hình hoặc chuyển nhượng quyền sở hữu tài sản, người sử dụng lao động kế tiếp và tổ chức đại diện người lao động có quyền thương lượng để xem xét lựa chọn việc tiếp tục thực hiện, sửa đổi, bổ sung thỏa ước lao động tập thể doanh nghiệp cũ hoặc thương lượng để ký kết thỏa ước lao động tập thể mới [C1]. Việc thương lượng này được thực hiện theo quy định tại Điều 68 của Bộ luật Lao động và căn cứ vào phương án sử dụng lao động [C1].",119.31514299976698,10032.447122500116,"[""chunk:bo-luat-45-2019-qh14:khoan-bo-luat-45-2019-qh14-79-2:clause:2475"", ""chunk:bo-luat-45-2019-qh14:dieu-bo-luat-45-2019-qh14-80:article:2477""]","[""chunk:bo-luat-45-2019-qh14:khoan-bo-luat-45-2019-qh14-80-1:clause:2478"", ""chunk:bo-luat-45-2019-qh14:dieu-bo-luat-45-2019-qh14-80:article:2477"", ""chunk:bo-luat-45-2019-qh14:dieu-bo-luat-45-2019-qh14-43:article:2263"", ""chunk:bo-luat-45-2019-qh14:dieu-bo-luat-45-2019-qh14-68:article:2416""]",,0.8258838094381641
q0069,lightrag,multi_hop_specific,Việc xác minh thực tế theo Khoản 2 Điều 23 Nghị định 124/2020/NĐ-CP được lập theo mẫu nào?,0.5,0.25,1.0,0.9808559326839413,0.99999999995,0.5,0.4,"NGHỊ ĐỊNH Quy định chi tiết một số điều và biện pháp thi hành Luật Khiếu nại (124/2020/NĐ-CP) > Chương IV. TRÌNH TỰ, THỦ TỤC GIẢI QUYẾT KHIẾU NẠI > Mục 2. TIẾN HÀNH XÁC MINH NỘI DUNG KHIẾU NẠI > Điều 22. Tiếp nhận, xử lý thông tin, tài liệu, bằng chứng:
Điều 22. Tiếp nhận, xử lý thông tin, tài liệu, bằng chứng
Người giải quyết khiếu nại hoặc người được giao nhiệm vụ xác minh khi tiếp nhận thông tin, tài liệu, bằng chứng do người khiếu nại hoặc người đại diện, người được ủy quyền, luật sư, trợ giúp viên pháp lý của người khiếu nại, người bị khiếu nại, cơ quan, tổ chức, đơn vị, cá nhân cung cấp trực tiếp phải lập biên bản giao nhận. Biên bản giao nhận được thực hiện theo Mẫu số 08 ban hành kèm theo Nghị định này.

NGHỊ ĐỊNH Quy định chi tiết một số điều và biện pháp thi hành Luật Khiếu nại (124/2020/NĐ-CP) > Chương IV. TRÌNH TỰ, THỦ TỤC GIẢI QUYẾT KHIẾU NẠI > Mục 2. TIẾN HÀNH XÁC MINH NỘI DUNG KHIẾU NẠI > Điều 23. Xác minh thực tế:
Điều 23. Xác minh thực tế
1. Khi cần thiết, người giải quyết khiếu nại hoặc người được giao nhiệm vụ xác minh tiến hành xác minh thực tế để thu thập, kiểm tra, xác định tính chính xác, hợp pháp, đầy đủ của các thông tin, tài liệu, bằng chứng liên quan đến nội dung vụ việc khiếu nại.
2. Việc xác minh thực tế phải lập thành biên bản, ghi rõ thời gian, địa điểm, thành phần làm việc, nội dung, kết quả xác minh, ý kiến của những người tham gia xác minh và những người khác có liên quan. Biên bản thực hiện theo Mẫu số 06 ban hành kèm theo Nghị định này.","Việc xác minh thực tế theo Khoản 2 Điều 23 Nghị định 124/2020/NĐ-CP được lập thành biên bản theo Mẫu số 06 ban hành kèm theo Nghị định này [C1], [C2].",129.72187100012889,55458.87806149994,"[""chunk:nghi-ddinh-124-2020-ndd-cp:dieu-nghi-ddinh-124-2020-ndd-cp-22:article:23339"", ""chunk:nghi-ddinh-124-2020-ndd-cp:dieu-nghi-ddinh-124-2020-ndd-cp-23:article:23340""]","[""chunk:nghi-ddinh-124-2020-ndd-cp:khoan-nghi-ddinh-124-2020-ndd-cp-23-2:clause:23342"", ""chunk:nghi-ddinh-124-2020-ndd-cp:dieu-nghi-ddinh-124-2020-ndd-cp-23:article:23340"", ""chunk:nghi-ddinh-124-2020-ndd-cp:khoan-nghi-ddinh-124-2020-ndd-cp-23-1:clause:23341"", ""chunk:luat-02-2011-qh13:dieu-luat-02-2011-qh13-3:article:5936""]",,0.7761711865267882
q0070,lightrag,multi_hop_specific,Thời hạn nộp tiền tạm ứng lệ phí sơ thẩm và phúc thẩm trong việc giải quyết việc dân sự là bao lâu?,1.0,0.5,1.0,0.9999999999999998,0.8333333332916666,1.0,0.43,"Nghị Quyết Quy Định Về Mức Thu, Miễn, Giảm, Thu, Nộp, Quản Lý Và Sử Dụng Án Phí Và Lệ Phí Tòa Án Nước Cộng Hòa Xã Hội Chủ Nghĩa Việt Nam (326/2016/UBTVQH14) > Chương I. NHỮNG QUY ĐỊNH CHUNG > Điều 17. Thời hạn nộp tiền tạm ứng án phí, án phí, tạm ứng lệ phí Tòa án, lệ phí Tòa án > Khoản 3:
3. Thời hạn nộp tiền tạm ứng lệ phí Tòa án:
a) Tạm ứng lệ phí giải quyết việc dân sự: Người phải nộp tiền tạm ứng lệ phí có nghĩa vụ nộp tiền tạm ứng lệ phí sơ thẩm, phúc thẩm và nộp cho Tòa án biên lai nộp tiền tạm ứng lệ phí Tòa án trong thời hạn 05 ngày làm việc, kể từ ngày nhận được thông báo của Tòa án về việc nộp tiền tạm ứng lệ phí, trừ trường hợp có lý do chính đáng;
b) Tạm ứng lệ phí Tòa án khác: Người kháng cáo quyết định của Tòa án quy định tại khoản 5 Điều 38, khoản 4 Điều 39 của Nghị quyết này phải nộp tiền tạm ứng lệ phí kháng cáo trong thời hạn 05 ngày làm việc, kể từ ngày nhận được thông báo của Tòa án về việc nộp tiền tạm ứng lệ phí kháng cáo, trừ trường hợp có lý do chính đáng.

Nghị Quyết Quy Định Về Mức Thu, Miễn, Giảm, Thu, Nộp, Quản Lý Và Sử Dụng Án Phí Và Lệ Phí Tòa Án Nước Cộng Hòa Xã Hội Chủ Nghĩa Việt Nam (326/2016/UBTVQH14) > Chương I. NHỮNG QUY ĐỊNH CHUNG > Điều 17. Thời hạn nộp tiền tạm ứng án phí, án phí, tạm ứng lệ phí Tòa án, lệ phí Tòa án > Khoản 3 > Điểm a:
a) Tạm ứng lệ phí giải quyết việc dân sự: Người phải nộp tiền tạm ứng lệ phí có nghĩa vụ nộp tiền tạm ứng lệ phí sơ thẩm, phúc thẩm và nộp cho Tòa án biên lai nộp tiền tạm ứng lệ phí Tòa án trong thời hạn 05 ngày làm việc, kể từ ngày nhận được thông báo của Tòa án về việc nộp tiền tạm ứng lệ phí, trừ trường hợp có lý do chính đáng;","Thời hạn nộp tiền tạm ứng lệ phí sơ thẩm và phúc thẩm trong việc giải quyết việc dân sự là **05 ngày làm việc**, kể từ ngày nhận được thông báo của Tòa án về việc nộp tiền tạm ứng lệ phí, trừ trường hợp có lý do chính đáng [C1], [C3].",130.9115959998053,55458.87806149994,"[""chunk:nghi-quyet-326-2016-ubtvqh14:khoan-nghi-quyet-326-2016-ubtvqh14-17-3:clause:30333"", ""chunk:nghi-quyet-326-2016-ubtvqh14:diem-nghi-quyet-326-2016-ubtvqh14-17-3-a:point:30334""]","[""chunk:nghi-quyet-326-2016-ubtvqh14:diem-nghi-quyet-326-2016-ubtvqh14-17-3-a:point:30334"", ""chunk:nghi-quyet-326-2016-ubtvqh14:khoan-nghi-quyet-326-2016-ubtvqh14-17-1:clause:30327"", ""chunk:nghi-quyet-326-2016-ubtvqh14:khoan-nghi-quyet-326-2016-ubtvqh14-17-3:clause:30333"", ""chunk:nghi-quyet-326-2016-ubtvqh14:khoan-nghi-quyet-326-2016-ubtvqh14-38-5:clause:30507""]",,0.8526666666583333
q0071,lightrag,multi_hop_specific,"Người sử dụng lao động có phải xin lỗi công khai người lao động và trả toàn bộ chi phí điều trị, tiền lương trong thời gian điều trị nếu việc xâm phạm gây tổn thương về thân thể người lao động đến mức phải điều trị tại cơ sở y tế khi không báo cáo định kỳ hoặc báo cáo không đầy đủ hoặc báo cáo không chính xác hoặc báo cáo không đúng thời hạn về tai nạn lao động, bệnh nghề nghiệp không?",0.5,0.25,0.6153846153846154,0.0,0.0,0.0,0.38,"NGHỊ ĐỊNH Quy định xử phạt vi phạm hành chính trong lĩnh vực lao động, bảo hiểm xã hội, người lao động Việt Nam đi làm việc ở nước ngoài theo hợp đồng (12/2022/NĐ-CP) > Chương II. HÀNH VI VI PHẠM, HÌNH THỨC XỬ PHẠT VÀ BIỆN PHÁP KHẮC PHỤC HẬU QUẢ ĐỐI VỚI HÀNH VI VI PHẠM TRONG LĨNH VỰC LAO ĐỘNG > Điều 19. Vi phạm quy định về kỷ luật lao động, trách nhiệm vật chất > Khoản 4 > Điểm c:
c) Buộc người sử dụng lao động xin lỗi công khai đối với người lao động và trả toàn bộ chi phí điều trị, tiền lương cho người lao động trong thời gian điều trị nếu việc xâm phạm gây tổn thương về thân thể người lao động đến mức phải điều trị tại cơ sở y tế khi vi phạm quy định tại điểm a khoản 3 Điều này;

NGHỊ ĐỊNH Quy định xử phạt vi phạm hành chính trong lĩnh vực lao động, bảo hiểm xã hội, người lao động Việt Nam đi làm việc ở nước ngoài theo hợp đồng (12/2022/NĐ-CP) > Chương II. HÀNH VI VI PHẠM, HÌNH THỨC XỬ PHẠT VÀ BIỆN PHÁP KHẮC PHỤC HẬU QUẢ ĐỐI VỚI HÀNH VI VI PHẠM TRONG LĨNH VỰC LAO ĐỘNG > Điều 20. Vi phạm quy định về báo cáo công tác an toàn, vệ sinh lao động > Khoản 3:
3. Phạt tiền từ 5.000.000 đồng đến 10.000.000 đồng đối với người sử dụng lao động có một trong các hành vi: không thống kê tai nạn lao động; không báo cáo định kỳ hoặc báo cáo không đầy đủ hoặc báo cáo không chính xác hoặc báo cáo không đúng thời hạn về tai nạn lao động, bệnh nghề nghiệp; không báo cáo định kỳ hoặc báo cáo không đầy đủ hoặc báo cáo không chính xác hoặc báo cáo không đúng thời hạn về sự cố kỹ thuật gây mất an toàn, vệ sinh lao động nghiêm trọng theo quy định của pháp luật.","Không đủ thông tin để trả lời câu hỏi.

Ngữ cảnh được cung cấp không đề cập đến việc người sử dụng lao động có phải xin lỗi công khai người lao động và trả toàn bộ chi phí điều trị, tiền lương trong thời gian điều trị nếu việc xâm phạm gây tổn thương về thân thể người lao động đến mức phải điều trị tại cơ sở y tế khi không báo cáo định kỳ hoặc báo cáo không đầy đủ hoặc báo cáo không chính xác hoặc báo cáo không đúng thời hạn về tai nạn lao động, bệnh nghề nghiệp.

[C1] và [C4] chỉ nêu chung về biện pháp khắc phục hậu quả ""Buộc người sử dụng lao động xin lỗi công khai đối với người lao động và trả toàn bộ chi phí điều trị, tiền lương cho người lao động trong thời gian điều trị nếu việc xâm phạm gây tổn thương về thân thể người lao động đến mức phải điều trị tại cơ sở y tế"" mà không gắn với hành vi vi phạm cụ thể là không báo cáo định kỳ hoặc báo cáo không đầy đủ hoặc báo cáo không chính xác hoặc báo cáo không đúng thời hạn về tai nạn lao động, bệnh nghề nghiệp.

[C2] đề cập đến biện pháp khắc phục hậu quả tương tự nhưng áp dụng khi vi phạm quy định tại điểm a khoản 3 Điều 19, là vi phạm về kỷ luật lao động, trách nhiệm vật chất, không phải vi phạm về báo cáo tai nạn lao động, bệnh nghề nghiệp.

[C3] đề cập đến thẩm quyền của Công an nhân dân trong việc áp dụng biện pháp khắc phục hậu quả quy định tại điểm c khoản 4 Điều 19, nhưng không liên quan đến hành vi vi phạm được hỏi.",168.23237000016888,1605.4572645000462,"[""chunk:nghi-ddinh-12-2022-ndd-cp:diem-nghi-ddinh-12-2022-ndd-cp-19-4-c:point:22511"", ""chunk:nghi-ddinh-12-2022-ndd-cp:khoan-nghi-ddinh-12-2022-ndd-cp-20-3:clause:22516""]","[""chunk:nghi-ddinh-12-2022-ndd-cp:khoan-nghi-ddinh-12-2022-ndd-cp-4-27:clause:22201"", ""chunk:nghi-ddinh-12-2022-ndd-cp:diem-nghi-ddinh-12-2022-ndd-cp-19-4-c:point:22511"", ""chunk:nghi-ddinh-12-2022-ndd-cp:dieu-nghi-ddinh-12-2022-ndd-cp-53:article:23122"", ""chunk:nghi-ddinh-12-2022-ndd-cp:dieu-nghi-ddinh-12-2022-ndd-cp-4:sliding:22169""]",,0.1990769230769231
q0072,lightrag,multi_hop_specific,"Định kỳ hàng tháng, chậm nhất đến ngày 05 của tháng sau, cơ quan thu tạm ứng án phí, tạm ứng lệ phí Tòa án phải nộp bao nhiêu phần trăm tiền tạm ứng án phí, tạm ứng lệ phí Tòa án thu được vào tài khoản tạm thu ngân sách nhà nước tại Kho bạc Nhà nước?",0.5,0.25,1.0,0.9497159700279855,0.99999999995,0.5,0.25,"Nghị Quyết Quy Định Về Mức Thu, Miễn, Giảm, Thu, Nộp, Quản Lý Và Sử Dụng Án Phí Và Lệ Phí Tòa Án Nước Cộng Hòa Xã Hội Chủ Nghĩa Việt Nam (326/2016/UBTVQH14) > Chương I. NHỮNG QUY ĐỊNH CHUNG > Điều 18. Xử lý tạm ứng án phí, án phí, tạm ứng lệ phí Tòa án, lệ phí Tòa án > Khoản 7:
7. Trường hợp bản án, quyết định sơ thẩm, phúc thẩm có hiệu lực pháp luật bị Tòa án xét xử giám đốc thẩm, tái thẩm hủy bản án sơ thẩm, phúc thẩm mà tiền tạm ứng án phí, án phí đã được trả lại cho người khởi kiện, người kháng cáo thì khi Tòa án cấp sơ thẩm hoặc phúc thẩm thụ lý lại vụ án phải yêu cầu người khởi kiện, người kháng cáo nộp lại tiền tạm ứng án phí.

Nghị Quyết Quy Định Về Mức Thu, Miễn, Giảm, Thu, Nộp, Quản Lý Và Sử Dụng Án Phí Và Lệ Phí Tòa Án Nước Cộng Hòa Xã Hội Chủ Nghĩa Việt Nam (326/2016/UBTVQH14) > Chương I. NHỮNG QUY ĐỊNH CHUNG > Điều 19. Chế độ thu, nộp, quản lý tiền tạm ứng án phí, tạm ứng lệ phí Tòa án, án phí, lệ phí Tòa án:
Điều 19. Chế độ thu, nộp, quản lý tiền tạm ứng án phí, tạm ứng lệ phí Tòa án, án phí, lệ phí Tòa án
1. Toàn bộ án phí, lệ phí Tòa án thu được phải nộp đầy đủ, kịp thời vào ngân sách nhà nước.
2. Cơ quan có thẩm quyền thu tạm ứng án phí, tạm ứng lệ phí Tòa án, án phí, lệ phí Tòa án sử dụng chứng từ thu theo quy định.
3. Cơ quan thu án phí, lệ phí Tòa án mở tài khoản tạm thu ngân sách nhà nước tại Kho bạc Nhà nước cùng cấp để tổ chức thu tạm ứng án phí, tạm ứng lệ phí Tòa án.
4. Định kỳ hàng tháng, chậm nhất đến ngày 05 của tháng sau, cơ quan thu tạm ứng án phí, tạm ứng lệ phí Tòa án phải nộp 100% tiền tạm ứng án phí, tạm ứng lệ phí Tòa án thu được vào tài khoản tạm thu ngân sách nhà nước tại Kho bạc Nhà nước.
5. Tạm ứng án phí, tạm ứng lệ phí Tòa án được nộp vào ngân sách nhà nước khi bản án, quyết định của Tòa án có hiệu lực pháp luật tuyên người đã nộp tiền tạm ứng phải chịu án phí, lệ phí Tòa án. Cơ quan thu án phí, lệ phí Tòa án thực hiện khai, nộp tiền án phí, lệ phí Tòa án thu được hàng tháng vào ngân sách nhà nước và quyết toán năm theo quy định của Luật quản lý thuế.
6. Trường hợp người đã nộp tiền tạm ứng án phí, tạm ứng lệ phí Tòa án, án phí lệ phí Tòa án được trả lại một phần hoặc toàn bộ số tiền đã nộp theo bản án quyết định của Tòa án đã có hiệu lực pháp luật thì cơ quan thu được trích từ tài khoản tạm thu ngân sách nhà nước tại Kho bạc Nhà nước để trả lại số tiền tạm ứng án phí, tạm ứng lệ phí Tòa án, án phí, lệ phí Tòa án đã thu, thực hiện khai và quyết toán án phí, lệ phí Tòa án với cơ quan quản lý thuế theo quy định của Luật quản lý thuế.","Định kỳ hàng tháng, chậm nhất đến ngày 05 của tháng sau, cơ quan thu tạm ứng án phí, tạm ứng lệ phí Tòa án phải nộp 100% tiền tạm ứng án phí, tạm ứng lệ phí Tòa án thu được vào tài khoản tạm thu ngân sách nhà nước tại Kho bạc Nhà nước [C1].",141.8056739998974,1605.4572645000462,"[""chunk:nghi-quyet-326-2016-ubtvqh14:khoan-nghi-quyet-326-2016-ubtvqh14-18-7:clause:30349"", ""chunk:nghi-quyet-326-2016-ubtvqh14:dieu-nghi-quyet-326-2016-ubtvqh14-19:article:30350""]","[""chunk:nghi-quyet-326-2016-ubtvqh14:khoan-nghi-quyet-326-2016-ubtvqh14-19-4:clause:30354"", ""chunk:nghi-quyet-326-2016-ubtvqh14:dieu-nghi-quyet-326-2016-ubtvqh14-19:article:30350"", ""chunk:nghi-quyet-326-2016-ubtvqh14:khoan-nghi-quyet-326-2016-ubtvqh14-19-5:clause:30355"", ""chunk:nghi-quyet-326-2016-ubtvqh14:khoan-nghi-quyet-326-2016-ubtvqh14-38-5:clause:30507""]",,0.739943193995597
q0073,lightrag,multi_hop_specific,Phát triển kỹ năng nghề cần dựa trên những cơ sở nào và phải đảm bảo khả năng gì về chứng chỉ kỹ năng nghề quốc gia?,1.0,0.5,1.0,0.9423210035706456,0.99999999995,1.0,0.5,"NGHỊ ĐỊNH Quy định chi tiết một số điều của Luật Việc làm về phát triển kỹ năng nghề (138/2026/NĐ-CP) > Chương I. QUY ĐỊNH CHUNG > Điều 4. Nguyên tắc phát triển kỹ năng nghề:
Điều 4. Nguyên tắc phát triển kỹ năng nghề
1. Phát triển kỹ năng nghề phải phù hợp, thống nhất với chiến lược phát triển kinh tế - xã hội, khoa học - công nghệ và nhu cầu của thị trường lao động; gắn với chuyển dịch cơ cấu việc làm, đổi mới sáng tạo, xã hội học tập và học tập suốt đời của người lao động.
2. Bảo đảm cơ chế hữu hiệu để các bên liên quan tham gia thiết thực, hiệu quả trong phát triển kỹ năng nghề; có sự quản lý thống nhất, phối hợp chặt chẽ giữa các bộ, cơ quan ngang bộ, địa phương và các bên liên quan trong phát triển kỹ năng nghề.
3. Phát triển kỹ năng nghề dựa trên Khung trình độ kỹ năng nghề quốc gia, tiêu chuẩn kỹ năng nghề quốc gia và gắn kết với tuyển dụng, sử dụng hiệu quả lao động và nguồn lực cho phát triển kỹ năng nghề; bảo đảm khả năng tham chiếu và việc công nhận, thừa nhận lẫn nhau về chứng chỉ kỹ năng nghề quốc gia giữa Việt Nam và các nước.
4. Bảo đảm tính cập nhật, linh hoạt, liên thông và gắn kết đồng bộ giữa đào tạo - kỹ năng nghề - việc làm phù hợp với thị trường lao động và các tiêu chuẩn khu vực, quốc tế về kỹ năng nghề.
5. Bảo đảm cơ hội tiếp cận bình đẳng, minh bạch của người lao động, nhất là nhóm yếu thế trong phát triển kỹ năng nghề.
6. Huy động, sử dụng hiệu quả nguồn lực của Nhà nước, doanh nghiệp và xã hội; ứng dụng khoa học, công nghệ, chuyển đổi số và khai thác dữ liệu phục vụ các nội dung phát triển kỹ năng nghề và đánh giá, cấp chứng chỉ kỹ năng nghề quốc gia.

NGHỊ ĐỊNH Quy định chi tiết một số điều của Luật Việc làm về phát triển kỹ năng nghề (138/2026/NĐ-CP) > Chương I. QUY ĐỊNH CHUNG > Điều 4. Nguyên tắc phát triển kỹ năng nghề > Khoản 3:
3. Phát triển kỹ năng nghề dựa trên Khung trình độ kỹ năng nghề quốc gia, tiêu chuẩn kỹ năng nghề quốc gia và gắn kết với tuyển dụng, sử dụng hiệu quả lao động và nguồn lực cho phát triển kỹ năng nghề; bảo đảm khả năng tham chiếu và việc công nhận, thừa nhận lẫn nhau về chứng chỉ kỹ năng nghề quốc gia giữa Việt Nam và các nước.","Phát triển kỹ năng nghề cần dựa trên những cơ sở sau:
*   Khung trình độ kỹ năng nghề quốc gia [C1].
*   Tiêu chuẩn kỹ năng nghề quốc gia [C1].
*   Gắn kết với tuyển dụng, sử dụng hiệu quả lao động và nguồn lực cho phát triển kỹ năng nghề [C1].

Phát triển kỹ năng nghề phải đảm bảo khả năng tham chiếu và việc công nhận, thừa nhận lẫn nhau về chứng chỉ kỹ năng nghề quốc gia giữa Việt Nam và các nước [C1].",135.86411899996165,1320.2679425000952,"[""chunk:nghi-ddinh-138-2026-ndd-cp:dieu-nghi-ddinh-138-2026-ndd-cp-4:article:23559"", ""chunk:nghi-ddinh-138-2026-ndd-cp:khoan-nghi-ddinh-138-2026-ndd-cp-4-3:clause:23562""]","[""chunk:nghi-ddinh-138-2026-ndd-cp:khoan-nghi-ddinh-138-2026-ndd-cp-4-3:clause:23562"", ""chunk:nghi-ddinh-138-2026-ndd-cp:dieu-nghi-ddinh-138-2026-ndd-cp-4:article:23559"", ""chunk:luat-74-2025-qh15:dieu-luat-74-2025-qh15-24:article:17089"", ""chunk:luat-74-2025-qh15:dieu-luat-74-2025-qh15-22:article:17062""]",,0.8884642007041291
q0074,lightrag,multi_hop_specific,Doanh nghiệp cần báo cáo những gì bằng văn bản cho Bộ Lao động - Thương binh và Xã hội trong thời hạn 15 ngày kể từ ngày Bộ trưởng Bộ Lao động - Thương binh và Xã hội ra quyết định thu hồi Giấy phép?,0.0,0.0,0.7777777777777778,0.9572232799272922,0.0,0.0,0.32,"NGHỊ ĐỊNH Quy định chi tiết một số điều và biện pháp thi hành Luật Người lao động Việt Nam đi làm việc ở nước ngoài theo hợp đồng (112/2021/NĐ-CP) > Chương II. ĐIỀU KIỆN, HỒ SƠ CẤP GIẤY PHÉP HOẠT ĐỘNG DỊCH VỤ ĐƯA NGƯỜI LAO ĐỘNG VIỆT NAM ĐI LÀM VIỆC Ở NƯỚC NGOÀI THEO HỢP ĐỒNG > Điều 10. Thu hồi Giấy phép > Khoản 4:
4. Trong thời hạn 15 ngày kể từ ngày Bộ trưởng Bộ Lao động - Thương binh và Xã hội ra quyết định thu hồi Giấy phép, doanh nghiệp báo cáo Bộ Lao động - Thương binh và Xã hội bằng văn bản về các hợp đồng cung ứng lao động còn hiệu lực; danh sách người lao động đang làm việc ở nước ngoài; danh sách người lao động đã tuyển chọn, đang tham gia bồi dưỡng kỹ năng nghề, ngoại ngữ, giáo dục định hướng; tiền ký quỹ, các khoản đã thu từ người lao động và việc đóng góp vào Quỹ Hỗ trợ việc làm ngoài nước.

NGHỊ ĐỊNH Quy định chi tiết một số điều và biện pháp thi hành Luật Người lao động Việt Nam đi làm việc ở nước ngoài theo hợp đồng (112/2021/NĐ-CP) > Chương II. ĐIỀU KIỆN, HỒ SƠ CẤP GIẤY PHÉP HOẠT ĐỘNG DỊCH VỤ ĐƯA NGƯỜI LAO ĐỘNG VIỆT NAM ĐI LÀM VIỆC Ở NƯỚC NGOÀI THEO HỢP ĐỒNG > Điều 11. Hồ sơ, thủ tục đổi Giấy phép theo quy định tại điểm b khoản 1 Điều 74 của Luật Người lao động Việt Nam đi làm việc ở nước ngoài theo hợp đồng > Khoản 1:
1. Hồ sơ:
a) Văn bản đề nghị đổi Giấy phép theo Mẫu số 05 Phụ lục I ban hành kèm theo Nghị định này;
b) Báo cáo về việc đáp ứng điều kiện quy định tại các điểm a, b, d, đ và e khoản 1 Điều 10 của Luật Người lao động Việt Nam đi làm việc ở nước ngoài theo hợp đồng theo Mẫu số 06 Phụ lục I ban hành kèm theo Nghị định này;
c) Bản chính Giấy phép còn hiệu lực đã được cấp theo quy định của Luật Người lao động Việt Nam đi làm việc ở nước ngoài theo hợp đồng số 72/2006/QH11.","Trong thời hạn 15 ngày kể từ ngày Bộ trưởng Bộ Lao động - Thương binh và Xã hội ra quyết định thu hồi Giấy phép, doanh nghiệp cần báo cáo bằng văn bản cho Bộ Lao động - Thương binh và Xã hội về việc đã hoàn thành nghĩa vụ quy định tại khoản 1 Điều 27 của Luật Người lao động Việt Nam đi làm việc ở nước ngoài theo hợp đồng và đóng góp đầy đủ vào Quỹ Hỗ trợ việc làm ngoài nước, kèm theo tài liệu chứng minh [C2].

Ngoài ra, ngữ cảnh không cung cấp thông tin về việc doanh nghiệp cần báo cáo những gì khác bằng văn bản cho Bộ Lao động - Thương binh và Xã hội trong trường hợp bị thu hồi Giấy phép. Các quy định tại [C1] liên quan đến việc nộp lại Giấy phép khi doanh nghiệp bị hợp nhất, sáp nhập, chia, giải thể, phá sản hoặc chấm dứt hoạt động dịch vụ, không phải trường hợp bị thu hồi Giấy phép. Các quy định tại [C3] và [C4] liên quan đến việc thu hồi giấy phép cho thuê lại lao động, không phải giấy phép hoạt động dịch vụ đưa người lao động Việt Nam đi làm việc ở nước ngoài.",158.54964699974516,1320.2679425000952,"[""chunk:nghi-ddinh-112-2021-ndd-cp:khoan-nghi-ddinh-112-2021-ndd-cp-10-4:clause:20878"", ""chunk:nghi-ddinh-112-2021-ndd-cp:khoan-nghi-ddinh-112-2021-ndd-cp-11-1:clause:20880""]","[""chunk:nghi-ddinh-112-2021-ndd-cp:dieu-nghi-ddinh-112-2021-ndd-cp-9:article:20870"", ""chunk:nghi-ddinh-112-2021-ndd-cp:diem-nghi-ddinh-112-2021-ndd-cp-25-3-c:point:20978"", ""chunk:nghi-ddinh-145-2020-ndd-cp:khoan-nghi-ddinh-145-2020-ndd-cp-27-4:sliding:24436"", ""chunk:nghi-ddinh-145-2020-ndd-cp:khoan-nghi-ddinh-145-2020-ndd-cp-28-4:clause:24463""]",,0.41100021154101396
q0075,lightrag,multi_hop_specific,"Tiêu chuẩn để bổ nhiệm Chấp hành viên sơ cấp, trung cấp và cao cấp trong quân đội được thực hiện theo quy định nào?",0.5,0.25,1.0,0.9925278122912697,0.9166666666361111,0.5,0.36,"Luật Thi Hành Án Dân Sự (26/2008/QH12-82197) > Chương II. HỆ THỐNG TỔ CHỨC THI HÀNH ÁN DÂN SỰ VÀ CHẤP HÀNH VIÊN > Điều 17. Chấp hành viên:
Điều 17. Chấp hành viên
1. Chấp hành viên là người được Nhà nước giao nhiệm vụ thi hành các bản án, quyết định theo quy định tại Điều 2 của Luật này. Chấp hành viên có ba ngạch là Chấp hành viên sơ cấp, Chấp hành viên trung cấp và Chấp hành viên cao cấp.
2. Chấp hành viên do Bộ trưởng Bộ Tư pháp bổ nhiệm.
3. Chính phủ quy định trình tự, thủ tục thi tuyển, bổ nhiệm Chấp hành viên.

Luật Thi Hành Án Dân Sự (26/2008/QH12-82197) > Chương II. HỆ THỐNG TỔ CHỨC THI HÀNH ÁN DÂN SỰ VÀ CHẤP HÀNH VIÊN > Điều 18. Tiêu chuẩn bổ nhiệm Chấp hành viên > Khoản 5:
5. Người có đủ tiêu chuẩn quy định tại khoản 2 Điều này, là sỹ quan quân đội tại ngũ thì được bổ nhiệm làm Chấp hành viên trong quân đội.
Tiêu chuẩn để được bổ nhiệm Chấp hành viên sơ cấp, Chấp hành viên trung cấp và Chấp hành viên cao cấp trong quân đội được thực hiện theo quy định tại các khoản 2, 3 và 4 Điều này.","Tiêu chuẩn để bổ nhiệm Chấp hành viên sơ cấp, trung cấp và cao cấp trong quân đội được thực hiện theo quy định tại các khoản 2, 3 và 4 Điều 18 của Luật Thi hành án dân sự [C1], [C2].

Cụ thể:
*   **Chấp hành viên sơ cấp trong quân đội:** Người có đủ tiêu chuẩn quy định tại khoản 1 Điều 18 và có đủ các điều kiện sau: có thời gian làm công tác pháp luật từ 03 năm trở lên; đã được đào tạo nghiệp vụ thi hành án dân sự; trúng tuyển kỳ thi tuyển Chấp hành viên sơ cấp [C2].
*   **Chấp hành viên trung cấp trong quân đội:** Người có đủ tiêu chuẩn quy định tại khoản 1 Điều 18 và có đủ các điều kiện sau: có thời gian làm Chấp hành viên sơ cấp từ 05 năm trở lên; trúng tuyển kỳ thi tuyển Chấp hành viên trung cấp [C2], [C3].
*   **Chấp hành viên cao cấp trong quân đội:** Người có đủ tiêu chuẩn quy định tại khoản 1 Điều 18 và có đủ các điều kiện sau: có thời gian làm Chấp hành viên trung cấp từ 05 năm trở lên; trúng tuyển kỳ thi tuyển Chấp hành viên cao cấp [C2].

Ngoài ra, người được bổ nhiệm làm Chấp hành viên trong quân đội phải là sĩ quan quân đội tại ngũ [C1], [C4].",174.37396700006502,1052.9821064999396,"[""chunk:26-2008-qh12-82197:dieu-26-2008-qh12-82197-17:article:241"", ""chunk:26-2008-qh12-82197:khoan-26-2008-qh12-82197-18-5:clause:257""]","[""chunk:26-2008-qh12-82197:khoan-26-2008-qh12-82197-18-5:clause:257"", ""chunk:26-2008-qh12-82197:dieu-26-2008-qh12-82197-18:article:245"", ""chunk:26-2008-qh12-82197:khoan-26-2008-qh12-82197-18-3:clause:251"", ""chunk:luat-64-2014-qh13:dieu-luat-64-2014-qh13-10:article:15158""]",,0.7538388957854761
q0076,lightrag,multi_hop_abstract,"Luật Việc làm số 38/2013/QH13 đã được sửa đổi, bổ sung một số điều theo Luật số 41/2024/QH15 hết hiệu lực kể từ ngày Luật Việc Làm (74/2025/QH15) có hiệu lực thi hành, trừ trường hợp quy định tại các khoản nào của Điều 55 Luật Việc Làm (74/2025/QH15)?",1.0,0.5,1.0,0.9281251432105195,0.5833333333041666,1.0,0.5,"Luật Việc Làm (74/2025/QH15) > Chương VIII. ĐIỀU KHOẢN THI HÀNH > Điều 54. Hiệu lực thi hành:
Điều 54. Hiệu lực thi hành
1. Luật này có hiệu lực thi hành từ ngày 01 tháng 01 năm 2026.
2. Luật Việc làm số 38/2013/QH13 đã được sửa đổi, bổ sung một số điều theo Luật số 41/2024/QH15 hết hiệu lực kể từ ngày Luật này có hiệu lực thi hành, trừ trường hợp quy định tại các khoản 1, 2 và 3 Điều 55 của Luật này.

Luật Việc Làm (74/2025/QH15) > Chương VIII. ĐIỀU KHOẢN THI HÀNH > Điều 55. Quy định chuyển tiếp:
Điều 55. Quy định chuyển tiếp
1. Chuyển nguồn Quỹ quốc gia về việc làm thành nguồn ngân sách trung ương cấp cho Ngân hàng Chính sách xã hội để làm nguồn vốn cho vay giải quyết việc làm theo quy định của Chính phủ.
2. Khách hàng vay vốn từ Quỹ quốc gia về việc làm và các nguồn tín dụng ưu đãi khác theo quy định của Luật Việc làm số 38/2013/QH13 đã được sửa đổi, bổ sung một số điều theo Luật số 41/2024/QH15 đã ký kết hợp đồng tín dụng với Ngân hàng Chính sách xã hội trước ngày Luật này có hiệu lực thi hành thì tiếp tục thực hiện đến khi hoàn thành hợp đồng đã ký kết.
3. Tổ chức đánh giá kỹ năng nghề đã được cấp giấy chứng nhận hoạt động đánh giá kỹ năng nghề quốc gia trước ngày Luật này có hiệu lực thi hành thì tiếp tục hoạt động theo giấy chứng nhận đã được cấp.
4. Người lao động và người sử dụng lao động đã nộp hồ sơ đề nghị hưởng chế độ bảo hiểm thất nghiệp trước ngày Luật này có hiệu lực thi hành nhưng chưa có quyết định hưởng chế độ bảo hiểm thất nghiệp thì thực hiện theo quy định tại Luật này.
Luật này được Quốc hội nước Cộng hòa xã hội chủ nghĩa Việt Nam khóa XV, Kỳ họp thứ 9 thông qua ngày 16 tháng 6 năm 2025.
CHỦ TỊCH QUỐC HỘI Trần Thanh Mẫn","Luật Việc làm số 38/2013/QH13 đã được sửa đổi, bổ sung một số điều theo Luật số 41/2024/QH15 hết hiệu lực kể từ ngày Luật Việc Làm (74/2025/QH15) có hiệu lực thi hành, trừ trường hợp quy định tại các khoản 1, 2 và 3 Điều 55 của Luật Việc Làm (74/2025/QH15) [C2], [C3].",150.89143800014426,1052.9821064999396,"[""chunk:luat-74-2025-qh15:dieu-luat-74-2025-qh15-54:article:17302"", ""chunk:luat-74-2025-qh15:dieu-luat-74-2025-qh15-55:article:17305""]","[""chunk:luat-74-2025-qh15:dieu-luat-74-2025-qh15-55:article:17305"", ""chunk:luat-74-2025-qh15:khoan-luat-74-2025-qh15-54-2:clause:17304"", ""chunk:luat-74-2025-qh15:dieu-luat-74-2025-qh15-54:article:17302"", ""chunk:luat-74-2025-qh15:khoan-luat-74-2025-qh15-55-2:clause:17307""]",,0.8022916953029373
q0077,lightrag,multi_hop_abstract,Mức lương hưu hằng tháng tối đa của người lao động được tính bằng bao nhiêu phần trăm mức bình quân thu nhập tháng đóng bảo hiểm xã hội quy định tại Điều 79 của Luật này?,1.0,0.5,0.5,0.9392716280122886,0.5833333333041666,1.0,0.5,"Luật Bảo Hiểm Xã Hội (58/2014/QH13) > Chương IV. BẢO HIỂM XÃ HỘI TỰ NGUYỆN > Mục 1. CHẾ ĐỘ HƯU TRÍ > Điều 74. Mức lương hưu hằng tháng > Khoản 1:
1. Từ ngày Luật này có hiệu lực thi hành cho đến trước ngày 01 tháng 01 năm 2018 mức lương hưu hằng tháng của người lao động đủ điều kiện quy định tại Điều 73 của Luật này được tính bằng 45% mức bình quân thu nhập tháng đóng bảo hiểm xã hội quy định tại Điều 79 của Luật này tương ứng với 15 năm đóng bảo hiểm xã hội; sau đó cứ thêm mỗi năm thì tính thêm 2% đối với nam và 3% đối với nữ; mức tối đa bằng 75%.

Luật Bảo Hiểm Xã Hội (58/2014/QH13) > Chương IV. BẢO HIỂM XÃ HỘI TỰ NGUYỆN > Mục 1. CHẾ ĐỘ HƯU TRÍ > Điều 79. Mức bình quân thu nhập tháng đóng bảo hiểm xã hội:
Điều 79. Mức bình quân thu nhập tháng đóng bảo hiểm xã hội
1. Mức bình quân thu nhập tháng đóng bảo hiểm xã hội được tính bằng bình quân các mức thu nhập tháng đóng bảo hiểm xã hội của toàn bộ thời gian đóng.
2. Thu nhập tháng đã đóng bảo hiểm xã hội để làm căn cứ tính mức bình quân thu nhập tháng đóng bảo hiểm xã hội của người lao động được điều chỉnh trên cơ sở chỉ số giá tiêu dùng của từng thời kỳ theo quy định của Chính phủ.","Mức lương hưu hằng tháng tối đa của người lao động được tính bằng 75% mức bình quân thu nhập tháng đóng bảo hiểm xã hội quy định tại Điều 79 của Luật này [C2], [C3].",159.3481919999249,793.6575695000556,"[""chunk:luat-58-2014-qh13:khoan-luat-58-2014-qh13-74-1:clause:14444"", ""chunk:luat-58-2014-qh13:dieu-luat-58-2014-qh13-79:article:14470""]","[""chunk:luat-58-2014-qh13:dieu-luat-58-2014-qh13-79:article:14470"", ""chunk:luat-58-2014-qh13:dieu-luat-58-2014-qh13-74:article:14443"", ""chunk:luat-58-2014-qh13:khoan-luat-58-2014-qh13-74-1:clause:14444"", ""chunk:luat-41-2024-qh15:dieu-luat-41-2024-qh15-104:article:11348""]",,0.704520992263291
q0078,lightrag,multi_hop_abstract,"Theo Nghị quyết 326/2016/UBTVQH14, nghĩa vụ chịu án phí dân sự sơ thẩm trong vụ án hình sự được thực hiện theo quy định tại Điều 26 và Điều 27 của Nghị quyết này?",0.0,0.0,0.5,0.9175246600614361,0.9999999999,0.5,0.12,"Nghị Quyết Quy Định Về Mức Thu, Miễn, Giảm, Thu, Nộp, Quản Lý Và Sử Dụng Án Phí Và Lệ Phí Tòa Án Nước Cộng Hòa Xã Hội Chủ Nghĩa Việt Nam (326/2016/UBTVQH14) > Chương II. ÁN PHÍ TRONG VỤ ÁN HÌNH SỰ > Điều 23. Nghĩa vụ chịu án phí trong vụ án hình sự:
Điều 23. Nghĩa vụ chịu án phí trong vụ án hình sự 1. Nghĩa vụ chịu án phí sơ thẩm trong vụ án hình sự: a) Người bị kết án phải chịu án phí hình sự sơ thẩm; b) Bị hại đã yêu cầu khởi tố phải chịu án phí hình sự sơ thẩm trong trường hợp vụ án được khởi tố theo yêu cầu của bị hại, mà sau đó Tòa án tuyên bố bị cáo không có tội hoặc vụ án bị đình chỉ do người đã yêu cầu khởi tố rút yêu cầu theo quy định của Bộ luật tố tụng hình sự; c) Nghĩa vụ chịu án phí dân sự sơ thẩm trong vụ án hình sự được thực hiện theo quy định tại Điều 26 và Điều 27 của Nghị quyết này; d) Trường hợp bị hại khai báo tài sản bị xâm hại và có yêu cầu bị cáo bồi thường thiệt hại về tài sản nhưng thực tế chứng minh tài sản bị cáo xâm phạm có giá trị thấp hơn hoặc cao hơn giá trị tài sản khai báo thì bị cáo phải chịu án phí dân sự sơ thẩm được tính đối với phần tài sản chứng minh được bị xâm phạm; đ) Bị hại yêu cầu bồi thường thiệt hại về tài sản theo quy định của pháp luật không yêu cầu một số tiền hoặc tài sản có thể xác định được bằng một số tiền cụ thể thì không phải chịu án phí nếu yêu cầu của họ không được Tòa án chấp nhận; e) Bị hại có yêu cầu bồi thường thiệt hại về những khoản không phù hợp với pháp luật thì Tòa án phải giải thích cho họ việc họ phải chịu án phí nêu yêu cầu bồi thường thiệt hại đó không được Tòa án chấp nhận. Trường hợp họ vẫn yêu cầu Tòa án giải quyết thì họ phải chịu án phí nếu yêu cầu của họ không được Tòa án chấp nhận; f) Trước khi mở phiên tòa, đương sự, bị cáo thỏa thuận được với nhau về việc bồi thường thiệt

Nghị Quyết Quy Định Về Mức Thu, Miễn, Giảm, Thu, Nộp, Quản Lý Và Sử Dụng Án Phí Và Lệ Phí Tòa Án Nước Cộng Hòa Xã Hội Chủ Nghĩa Việt Nam (326/2016/UBTVQH14) > Chương III. ÁN PHÍ TRONG VỤ ÁN DÂN SỰ > Điều 29. Nghĩa vụ chịu án phí dân sự phúc thẩm:
Điều 29. Nghĩa vụ chịu án phí dân sự phúc thẩm 1. Đương sự kháng cáo phải chịu án phí dân sự phúc thẩm, nếu Tòa án cấp phúc thẩm giữ nguyên bản án, quyết định sơ thẩm bị kháng cáo, trừ trường hợp được miễn hoặc không phải chịu án phí phúc thẩm. 2. Trường hợp Tòa án cấp phúc thẩm sửa bản án, quyết định sơ thẩm bị kháng cáo thì đương sự kháng cáo liên quan đến phần bản án, quyết định phải sửa không phải chịu án phí dân sự phúc thẩm; Tòa án cấp phúc thẩm phải xác định lại nghĩa vụ chịu án phí dân sự sơ thẩm theo quy định tại Điều 147 của Bộ luật tố tụng dân sự và Điều 26, Điều 27 của Nghị quyết này. 3. Trường hợp Tòa án cấp phúc thẩm hủy bản án, quyết định sơ thẩm bị kháng cáo để xét xử sơ thẩm lại thì đương sự kháng cáo không phải chịu án phí dân sự phúc thẩm; nghĩa vụ chịu án phí được xác định lại khi giải quyết vụ án theo thủ tục sơ thẩm. 4. Đương sự rút kháng cáo trước khi mở phiên tòa phúc thẩm phải chịu 50% mức án phí dân sự phúc thẩm. Đương sự rút kháng cáo tại phiên tòa phúc thẩm phải chịu toàn bộ án phí dân sự phúc thẩm. 5. Trường hợp các đương sự thỏa thuận được với nhau về việc giải quyết vụ án tại phiên tòa phúc thẩm thì đương sự kháng cáo phải chịu toàn bộ án phí dân sự phúc thẩm, về án phí dân sự sơ thẩm, nếu các đương sự tự thỏa thuận được với nhau thì các đương sự chịu án phí dân sự sơ thẩm theo thỏa thuận; nếu không thỏa thuận được thì Tòa án xác định lại án phí dân sự sơ thẩm theo nội dung thỏa thuận về việc giải quyết vụ án tại phiên tòa phúc thẩm. 6. Trường hợp nguyên đơn rút đơn khởi kiện trước khi mở phiên tòa phúc thẩm hoặc tại phiên tòa phúc thẩm và","Đúng vậy, theo Nghị quyết 326/2016/UBTVQH14, nghĩa vụ chịu án phí dân sự sơ thẩm trong vụ án hình sự được thực hiện theo quy định tại Điều 26 và Điều 27 của Nghị quyết này [C1].",173.20367899992561,793.6575695000556,"[""chunk:nghi-quyet-326-2016-ubtvqh14:dieu-nghi-quyet-326-2016-ubtvqh14-23:article:30368"", ""chunk:nghi-quyet-326-2016-ubtvqh14:dieu-nghi-quyet-326-2016-ubtvqh14-29:article:30450""]","[""chunk:nghi-quyet-326-2016-ubtvqh14:diem-nghi-quyet-326-2016-ubtvqh14-23-1-c:point:30375"", ""chunk:nghi-quyet-326-2016-ubtvqh14:khoan-nghi-quyet-326-2016-ubtvqh14-32-7:clause:30476"", ""chunk:nghi-quyet-326-2016-ubtvqh14:khoan-nghi-quyet-326-2016-ubtvqh14-26-2:clause:30408"", ""chunk:nghi-quyet-326-2016-ubtvqh14:dieu-nghi-quyet-326-2016-ubtvqh14-26:article:30405""]",,0.6075049319922872
q0079,lightrag,multi_hop_abstract,"Trường hợp người khởi kiện rút đơn khởi kiện trước khi mở phiên tòa hoặc tại phiên tòa phúc thẩm và được đương sự đồng ý thì chi phí xem xét, thẩm định tại chỗ được xác định như thế nào?",0.5,0.25,1.0,0.9822939029896638,0.0,0.5,0.33,"Luật Tố Tụng Hành Chính (93/2015/QH13) > Chương XXII. ÁN PHÍ, LỆ PHÍ VÀ CÁC CHI PHÍ TỐ TỤNG KHÁC > Mục 2. CÁC CHI PHÍ TỐ TỤNG KHÁC > Điều 358. Nghĩa vụ chịu chi phí xem xét, thẩm định tại chỗ:
Điều 358. Nghĩa vụ chịu chi phí xem xét, thẩm định tại chỗ
Trường hợp các bên đương sự không có thỏa thuận khác hoặc pháp luật không có quy định khác thì nghĩa vụ chịu chi phí xem xét, thẩm định tại chỗ được xác định như sau:
1. Đương sự phải chịu chi phí xem xét, thẩm định tại chỗ nếu yêu cầu của họ không được Tòa án chấp nhận;
2. Trường hợp đình chỉ giải quyết vụ án quy định tại điểm c khoản 1 Điều 143, khoản 1 Điều 234 của Luật này thì đương sự phải chịu chi phí xem xét, thẩm định tại chỗ.
Trường hợp đình chỉ giải quyết việc xét xử phúc thẩm quy định tại điểm a khoản 2 Điều 225, điểm c khoản 1 Điều 229 của Luật này thì người kháng cáo theo thủ tục phúc thẩm phải chịu chi phí xem xét, thẩm định tại chỗ;
3. Đối với các trường hợp đình chỉ giải quyết vụ án khác theo quy định của Luật này thì người yêu cầu xem xét, thẩm định phải chịu chi phí xem xét, thẩm định tại chỗ.

Luật Tố Tụng Hành Chính (93/2015/QH13) > Chương XIII. THỦ TỤC PHÚC THẨM > Mục 2. THỦ TỤC BẮT ĐẦU PHIÊN TÒA PHÚC THẨM > Điều 234. Người khởi kiện rút đơn khởi kiện trước khi mở phiên tòa hoặc tại phiên tòa phúc thẩm > Khoản 1:
1. Trước khi mở phiên tòa hoặc tại phiên tòa phúc thẩm mà người khởi kiện rút đơn khởi kiện thì Hội đồng xét xử phúc thẩm phải hỏi người bị kiện có đồng ý hay không và tùy từng trường hợp mà giải quyết như sau:
a) Người bị kiện không đồng ý thì không chấp nhận việc rút đơn khởi kiện của người khởi kiện;
b) Đương sự đồng ý thì chấp nhận việc rút đơn khởi kiện của người khởi kiện. Hội đồng xét xử phúc thẩm ra quyết định hủy bản án sơ thẩm và đình chỉ giải quyết vụ án. Trường hợp này, đương sự vẫn phải chịu án phí sơ thẩm theo quyết định của Tòa án cấp sơ thẩm và phải chịu một nửa án phí phúc thẩm theo quy định của pháp luật.","Trường hợp người khởi kiện rút đơn khởi kiện trước khi mở phiên tòa hoặc tại phiên tòa phúc thẩm và được đương sự đồng ý, chi phí xem xét, thẩm định tại chỗ được xác định như sau:

Nguyên đơn phải chịu chi phí xem xét, thẩm định tại chỗ [C4]. Điều này áp dụng khi Hội đồng xét xử phúc thẩm ra quyết định hủy bản án sơ thẩm và đình chỉ giải quyết vụ án do nguyên đơn rút đơn khởi kiện và bị đơn đồng ý [C1b], [C2b], [C3].",156.32161099983932,1178.0637079998542,"[""chunk:luat-93-2015-qh13:dieu-luat-93-2015-qh13-358:article:20722"", ""chunk:luat-93-2015-qh13:khoan-luat-93-2015-qh13-234-1:clause:20119""]","[""chunk:bo-luat-92-2015-qh13:khoan-bo-luat-92-2015-qh13-299-1:clause:4794"", ""chunk:luat-93-2015-qh13:khoan-luat-93-2015-qh13-234-1:clause:20119"", ""chunk:luat-93-2015-qh13:diem-luat-93-2015-qh13-234-1-b:point:20121"", ""chunk:bo-luat-92-2015-qh13:dieu-bo-luat-92-2015-qh13-157:article:4057""]",,0.5624587805979328
q0080,lightrag,multi_hop_abstract,"Trường hợp lao động nữ mang thai từ đủ 22 tuần tuổi trở lên mà bị sảy thai, phá thai, thai chết trong tử cung, thai chết trong khi chuyển dạ thì hồ sơ đề nghị hưởng chế độ thai sản gồm những giấy tờ gì?",1.0,0.5,1.0,0.9933869562678846,0.0,0.0,0.13,"LUẬT Bảo hiểm xã hội (41/2024/QH15) > Chương V. BẢO HIỂM XÃ HỘI BẮT BUỘC > Mục 2. CHẾ ĐỘ THAI SẢN > Điều 61. Hồ sơ đề nghị hưởng chế độ thai sản:
Điều 61. Hồ sơ đề nghị hưởng chế độ thai sản 1. Hồ sơ đề nghị hưởng chế độ thai sản đối với lao động nữ sinh con hoặc lao động nữ mang thai hộ sinh con hoặc lao động nữ nhờ mang thai hộ là bản sao giấy khai sinh hoặc trích lục khai sinh hoặc bản sao giấy chứng sinh của con và giấy tờ khác trong các trường hợp sau đây: a) Giấy tờ chứng minh quá trình điều trị vô sinh của lao động nữ trong trường hợp quy định tại khoản 5 Điều 50 của Luật này; b) Bản sao giấy chứng tử hoặc trích lục khai tử của lao động nữ sinh con, lao động nữ nhờ mang thai hộ trong trường hợp chết sau khi sinh con; c) Bản chính hoặc bản sao văn bản xác nhận của cơ sở khám bệnh, chữa bệnh về tình trạng người mẹ sau khi sinh con mà không còn đủ sức khỏe để chăm sóc con hoặc lao động nữ nhờ mang thai hộ sau khi nhận con mà không còn đủ sức khỏe để chăm sóc con; d) Bản chính hoặc bản sao giấy xác nhận của cơ sở khám bệnh, chữa bệnh về việc lao động nữ phải nghỉ việc để dưỡng thai trong trường hợp quy định tại khoản 3 Điều 50 của Luật này; đ) Bản sao bản thỏa thuận về mang thai hộ vì mục đích nhân đạo theo quy định tại Điều 96 của Luật Hôn nhân và gia đình và bản sao văn bản xác nhận thời điểm giao nhận con giữa bên mang thai hộ và bên nhờ mang thai hộ trong trường hợp lao động nữ mang thai hộ sinh con hoặc lao động nữ nhờ mang thai hộ nhận con. 2. Hồ sơ đề nghị hưởng chế độ thai sản đối với lao động nữ sinh con và lao động nữ mang thai hộ sinh con trong trường hợp con chết ngay sau khi sinh mà chưa được cấp giấy chứng sinh, lao động nữ mang thai từ 22 tuần tuổi trở lên đủ điều kiện

LUẬT Bảo hiểm xã hội (41/2024/QH15) > Chương V. BẢO HIỂM XÃ HỘI BẮT BUỘC > Mục 2. CHẾ ĐỘ THAI SẢN > Điều 52. Thời gian nghỉ việc hưởng chế độ thai sản khi sảy thai, phá thai, thai chết trong tử cung, thai chết trong khi chuyển dạ, thai ngoài tử cung > Khoản 2:
2. Trường hợp lao động nữ mang thai từ đủ 22 tuần tuổi trở lên đủ điều kiện quy định tại khoản 2 hoặc khoản 3 hoặc khoản 5 Điều 50 của Luật này mà bị sảy thai, phá thai, thai chết trong tử cung, thai chết trong khi chuyển dạ thì lao động nữ và người chồng được nghỉ việc hưởng chế độ thai sản như trường hợp lao động nữ sinh con.","Trường hợp lao động nữ mang thai từ đủ 22 tuần tuổi trở lên mà bị sảy thai, phá thai, thai chết trong tử cung, thai chết trong khi chuyển dạ, hồ sơ đề nghị hưởng chế độ thai sản là một trong các giấy tờ sau đây [C2]:
* Bản chính hoặc bản sao bản tóm tắt hồ sơ bệnh án có thể hiện thông tin con chết, thai chết [C2a].
* Bản chính hoặc bản sao giấy ra viện của lao động nữ sinh con hoặc của lao động nữ mang thai hộ sinh con có thể hiện thông tin con chết, thai chết [C2b].
* Bản sao giấy báo tử của con [C2c].
* Văn bản xác nhận của Ủy ban nhân dân cấp xã đối với trường hợp con chết trong vòng 24 giờ sau khi sinh [C2d].",119.98884800004816,1178.0637079998542,"[""chunk:luat-41-2024-qh15:dieu-luat-41-2024-qh15-61:article:11032"", ""chunk:luat-41-2024-qh15:khoan-luat-41-2024-qh15-52-2:clause:10978""]","[""chunk:luat-41-2024-qh15:khoan-luat-41-2024-qh15-52-2:clause:10978"", ""chunk:luat-41-2024-qh15:khoan-luat-41-2024-qh15-61-2:clause:11043"", ""chunk:luat-41-2024-qh15:dieu-luat-41-2024-qh15-61:article:11032"", ""chunk:luat-41-2024-qh15:dieu-luat-41-2024-qh15-61:sliding:11033""]",,0.4246773912535769
q0081,lightrag,multi_hop_abstract,"Người làm việc theo hợp đồng lao động có thời hạn từ đủ 01 tháng đến dưới 03 tháng khi nghỉ việc có đủ 20 năm đóng bảo hiểm xã hội trở lên được hưởng lương hưu với mức thấp hơn so với người đủ điều kiện hưởng lương hưu quy định tại điểm a và điểm b khoản 1 Điều 54 của Luật Bảo hiểm xã hội nếu nam đủ 50 tuổi, nữ đủ 45 tuổi và bị suy giảm khả năng lao động từ 81% trở lên đúng không?",0.5,0.25,0.9230769230769231,0.0,0.0,1.0,0.08,"Luật Bảo Hiểm Xã Hội (58/2014/QH13) > Chương III. BẢO HIỂM XÃ HỘI BẮT BUỘC > Mục 4. CHẾ ĐỘ HƯU TRÍ > Điều 55. Điều kiện hưởng lương hưu khi suy giảm khả năng lao động > Khoản 1:
1. Người lao động quy định tại các điểm a, b, c, d, g, h và i khoản 1 Điều 2 của Luật này khi nghỉ việc có đủ 20 năm đóng bảo hiểm xã hội trở lên được hưởng lương hưu với mức thấp hơn so với người đủ điều kiện hưởng lương hưu quy định tại điểm a và điểm b khoản 1 Điều 54 của Luật này nếu thuộc một trong các trường hợp sau đây:
a) Từ ngày 01 tháng 01 năm 2016, nam đủ 51 tuổi, nữ đủ 46 tuổi và bị suy giảm khả năng lao động từ 61% trở lên thì đủ điều kiện hưởng lương hưu khi suy giảm khả năng lao động. Sau đó mỗi năm tăng thêm một tuổi cho đến năm 2020 trở đi, nam đủ 55 tuổi và nữ đủ 50 tuổi thì mới đủ điều kiện hưởng lương hưu khi suy giảm khả năng lao động từ 61% trở lên;
b) Nam đủ 50 tuổi, nữ đủ 45 tuổi và bị suy giảm khả năng lao động từ 81% trở lên;
c) Bị suy giảm khả năng lao động từ 61% trở lên và có đủ 15 năm trở lên làm nghề hoặc công việc đặc biệt nặng nhọc, độc hại, nguy hiểm thuộc danh mục do Bộ Lao động - Thương binh và Xã hội, Bộ Y tế ban hành.

Luật Bảo Hiểm Xã Hội (58/2014/QH13) > Chương I. NHỮNG QUY ĐỊNH CHUNG > Điều 2. Đối tượng áp dụng > Khoản 1:
1. Người lao động là công dân Việt thuộc đối tượng tham gia bảo hiểm xã hội bắt buộc, bao gồm:
a) Người làm việc theo hợp đồng lao động không xác định thời hạn, hợp đồng lao động xác định thời hạn, hợp đồng lao động theo mùa vụ hoặc theo một công việc nhất định có thời hạn từ đủ 03 tháng đến dưới 12 tháng, kể cả hợp đồng lao động được ký kết giữa người sử dụng lao động với người đại diện theo pháp luật của người dưới 15 tuổi theo quy định của pháp luật về lao động;
b) Người làm việc theo hợp đồng lao động có thời hạn từ đủ 01 tháng đến dưới 03 tháng;
c) Cán bộ, công chức, viên chức;
d) Công nhân quốc phòng, công nhân công an, người làm công tác khác trong tổ chức cơ yếu;
đ) Sĩ quan, quân nhân chuyên nghiệp quân đội nhân dân; sĩ quan, hạ sĩ quan nghiệp vụ, sĩ quan, hạ sĩ quan chuyên môn kỹ thuật công an nhân dân; người làm công tác cơ yếu hưởng lương như đối với quân nhân;
e) Hạ sĩ quan, chiến sĩ quân đội nhân dân; hạ sĩ quan, chiến sĩ công an nhân dân phục vụ có thời hạn; học viên quân đội, công an, cơ yếu đang theo học được hưởng sinh hoạt phí;
g) Người đi làm việc ở nước ngoài theo hợp đồng quy định tại Luật người lao động Việt đi làm việc ở nước ngoài theo hợp đồng;
h) Người quản lý doanh nghiệp, người quản lý điều hành hợp tác xã có hưởng tiền lương;
i) Người hoạt động không chuyên trách ở xã, phường, thị trấn.","Dựa trên ngữ cảnh được cung cấp, không thể khẳng định người làm việc theo hợp đồng lao động có thời hạn từ đủ 01 tháng đến dưới 03 tháng khi nghỉ việc có đủ 20 năm đóng bảo hiểm xã hội trở lên được hưởng lương hưu với mức thấp hơn so với người đủ điều kiện hưởng lương hưu quy định tại điểm a và điểm b khoản 1 Điều 54 của Luật Bảo hiểm xã hội nếu nam đủ 50 tuổi, nữ đủ 45 tuổi và bị suy giảm khả năng lao động từ 81% trở lên.

Ngữ cảnh [C1] và [C2] chỉ xác định đối tượng áp dụng của Luật Bảo hiểm xã hội, trong đó có người làm việc theo hợp đồng lao động có thời hạn từ đủ 01 tháng đến dưới 03 tháng.

Ngữ cảnh [C3] quy định về mức lương hưu hằng tháng nhưng chỉ đề cập đến người đủ điều kiện quy định tại Điều 54 và Điều 55, không nêu rõ trường hợp hưởng lương hưu với mức thấp hơn cho đối tượng cụ thể được hỏi.

Ngữ cảnh [C4] là một phần của Điều 54, quy định điều kiện hưởng lương hưu cho nam từ đủ 55 tuổi đến đủ 60 tuổi, nữ từ đủ 50 tuổi đến đủ 55 tuổi và có đủ 15 năm làm nghề hoặc công việc nặng nhọc, độc hại, nguy hiểm hoặc làm việc ở nơi có phụ cấp khu vực hệ số 0,7 trở lên. Điều này không đề cập đến trường hợp nam đủ 50 tuổi, nữ đủ 45 tuổi và bị suy giảm khả năng lao động từ 81% trở lên.

Do đó, ngữ cảnh không đủ để trả lời câu hỏi.",177.02344200006337,1729.3848799999978,"[""chunk:luat-58-2014-qh13:khoan-luat-58-2014-qh13-55-1:clause:14326"", ""chunk:luat-58-2014-qh13:khoan-luat-58-2014-qh13-2-1:clause:13992""]","[""chunk:luat-58-2014-qh13:diem-luat-58-2014-qh13-2-1-b:point:13994"", ""chunk:luat-58-2014-qh13:khoan-luat-58-2014-qh13-2-1:clause:13992"", ""chunk:luat-58-2014-qh13:dieu-luat-58-2014-qh13-56:article:14333"", ""chunk:luat-58-2014-qh13:diem-luat-58-2014-qh13-54-1-b:point:14316""]",,0.4006153846153846
q0082,lightrag,multi_hop_abstract,"Người lao động làm nghề, công việc nặng nhọc, độc hại, nguy hiểm thuộc danh mục do Bộ Lao động - Thương binh và Xã hội ban hành được hưởng lương hưu khi đủ tuổi theo quy định tại khoản 3 Điều 169 của Bộ luật Lao động và có đủ bao nhiêu năm làm nghề?",0.0,0.0,0.75,0.9579942938518494,0.499999999975,1.0,0.0,"Bộ Luật Lao Động (45/2019/QH14) > Chương XVII. ĐIỀU KHOẢN THI HÀNH > Điều 219. Sửa đổi, bổ sung một số điều của các luật có liên quan đến lao động:
Điều 219. Sửa đổi, bổ sung một số điều của các luật có liên quan đến lao động 1. Sửa đổi, bổ sung một số điều của Luật Bảo hiểm xã hội số 58/2014/QH13 đã được sửa đổi, bổ sung theo Luật số 84/2015/QH13 và Luật số 35/2018/QH14: a) Sửa đổi, bổ sung Điều 54 như sau: “Điều 54. Điều kiện hưởng lương hưu 1. Người lao động quy định tại các điểm a, b, c, d, g, h và i khoản 1 Điều 2 của Luật này, trừ trường hợp quy định tại khoản 3 Điều này, khi nghỉ việc có đủ 20 năm đóng bảo hiểm xã hội trở lên thì được hưởng lương hưu nếu thuộc một trong các trường hợp sau đây: a) Đủ tuổi theo quy định tại khoản 2 Điều 169 của Bộ luật Lao động; b) Đủ tuổi theo quy định tại khoản 3 Điều 169 của Bộ luật Lao động và có đủ 15 năm làm nghề, công việc nặng nhọc, độc hại, nguy hiểm hoặc đặc biệt nặng nhọc, độc hại, nguy hiểm thuộc danh mục do Bộ Lao động - Thương binh và Xã hội ban hành hoặc có đủ 15 năm làm việc ở vùng có điều kiện kinh tế - xã hội đặc biệt khó khăn bao gồm cả thời gian làm việc ở nơi có phụ cấp khu vực hệ số 0,7 trở lên trước ngày 01 tháng 01 năm 2021; c) Người lao động có tuổi thấp hơn tối đa 10 tuổi so với tuổi nghỉ hưu của người lao động quy định tại khoản 2 Điều 169 của Bộ luật Lao động và có đủ 15 năm làm công việc khai thác than trong hầm lò; d) Người bị nhiễm HIV do tai nạn rủi ro nghề nghiệp trong khi thực hiện nhiệm vụ được giao. 2. Người lao động quy định tại điểm đ và điểm e khoản 1 Điều 2 của Luật này nghỉ việc có đủ 20 năm đóng bảo hiểm xã hội trở lên được hưởng lương hưu khi thuộc một trong các trường hợp sau đây: a) Có tuổi thấp

Bộ Luật Lao Động (45/2019/QH14) > Chương V. ĐỐI THOẠI TẠI NƠI LÀM VIỆC, THƯƠNG LƯỢNG TẬP THỂ, > Mục 2. THƯƠNG LƯỢNG TẬP THỂ > Điều 73. Thương lượng tập thể có nhiều doanh nghiệp tham gia thông qua Hội đồng thương lượng tập thể > Khoản 1:
1. Trên cơ sở đồng thuận, các bên thương lượng tập thể có nhiều doanh nghiệp tham gia có thể yêu cầu Ủy ban nhân dân cấp tỉnh nơi đặt trụ sở chính của các doanh nghiệp tham gia thương lượng hoặc nơi do các bên lựa chọn trong trường hợp các doanh nghiệp tham gia thương lượng có trụ sở chính tại nhiều tỉnh, thành phố trực thuộc Trung ương thành lập Hội đồng thương lượng tập thể để tiến hành thương lượng tập thể.","Người lao động làm nghề, công việc nặng nhọc, độc hại, nguy hiểm thuộc danh mục do Bộ Lao động - Thương binh và Xã hội ban hành được hưởng lương hưu khi đủ tuổi theo quy định tại khoản 3 Điều 169 của Bộ luật Lao động và có tổng thời gian đóng bảo hiểm xã hội bắt buộc từ đủ 15 năm trở lên khi làm nghề, công việc nặng nhọc, độc hại, nguy hiểm hoặc đặc biệt nặng nhọc, độc hại, nguy hiểm thuộc danh mục nghề, công việc nặng nhọc, độc hại, nguy hiểm hoặc đặc biệt nặng nhọc, độc hại, nguy hiểm do Bộ trưởng Bộ Lao động - Thương binh và Xã hội ban hành hoặc làm việc ở vùng có điều kiện kinh tế - xã hội đặc biệt khó khăn bao gồm cả thời gian làm việc ở nơi có phụ cấp khu vực hệ số 0,7 trở lên trước ngày 01 tháng 01 năm 2021 [C2].",153.69763099988631,1729.3848799999978,"[""chunk:bo-luat-45-2019-qh14:dieu-bo-luat-45-2019-qh14-219:article:3171"", ""chunk:bo-luat-45-2019-qh14:khoan-bo-luat-45-2019-qh14-73-1:clause:2443""]","[""chunk:bo-luat-45-2019-qh14:khoan-bo-luat-45-2019-qh14-169-3:clause:2888"", ""chunk:luat-41-2024-qh15:diem-luat-41-2024-qh15-64-1-b:point:11074"", ""chunk:luat-41-2024-qh15:diem-luat-41-2024-qh15-64-2-b:point:11079"", ""chunk:bo-luat-45-2019-qh14:diem-bo-luat-45-2019-qh14-219-2-b:point:3188""]",,0.6415988587653698
q0083,lightrag,multi_hop_abstract,"Doanh nghiệp đã được cấp Giấy phép hoạt động dịch vụ đưa người lao động Việt Nam đi làm việc ở nước ngoài trước ngày Nghị định 112/2021/NĐ-CP có hiệu lực phải rà soát, bổ sung, điều chỉnh để đáp ứng các điều kiện về cơ sở vật chất để tổ chức giáo dục định hướng cho người lao động, bao gồm phòng học có diện tích tối thiểu bao nhiêu mét vuông trên học viên và phòng nội trú có diện tích tối thiểu bao nhiêu mét vuông trên học viên?",0.5,0.25,1.0,0.9446223370345392,0.0,1.0,0.21,"NGHỊ ĐỊNH Quy định chi tiết một số điều và biện pháp thi hành Luật Người lao động Việt Nam đi làm việc ở nước ngoài theo hợp đồng (112/2021/NĐ-CP) > Chương VIII. ĐIỀU KHOẢN THI HÀNH > Điều 46. Quy định chuyển tiếp > Khoản 1:
1. Doanh nghiệp đã được cấp Giấy phép hoạt động dịch vụ đưa người lao động Việt Nam đi làm việc ở nước ngoài trước ngày Nghị định này có hiệu lực có trách nhiệm rà soát, bổ sung, điều chỉnh để đáp ứng các điều kiện quy định tại điểm a, b, d, đ và e khoản 1 Điều 10 của Luật Người lao động Việt Nam đi làm việc ở nước ngoài theo hợp đồng và quy định tại Điều 4, Điều 5 và Điều 6 Nghị định này, báo cáo theo Mẫu số 06 Phụ lục I và xác nhận việc ký quỹ theo Mẫu số 03 Phụ lục I ban hành kèm theo Nghị định này, gửi Bộ Lao động - Thương binh và Xã hội trước ngày 01 tháng 01 năm 2023.

NGHỊ ĐỊNH Quy định chi tiết một số điều và biện pháp thi hành Luật Người lao động Việt Nam đi làm việc ở nước ngoài theo hợp đồng (112/2021/NĐ-CP) > Chương II. ĐIỀU KIỆN, HỒ SƠ CẤP GIẤY PHÉP HOẠT ĐỘNG DỊCH VỤ ĐƯA NGƯỜI LAO ĐỘNG VIỆT NAM ĐI LÀM VIỆC Ở NƯỚC NGOÀI THEO HỢP ĐỒNG > Điều 5. Điều kiện về cơ sở vật chất để tổ chức giáo dục định hướng cho người lao động:
Điều 5. Điều kiện về cơ sở vật chất để tổ chức giáo dục định hướng cho người lao động
1. Cơ sở vật chất để tổ chức giáo dục định hướng phải đảm bảo điều kiện an toàn, vệ sinh và đáp ứng các tiêu chuẩn sau:
a) Có phòng học và phòng nội trú cho ít nhất 100 học viên tại một thời điểm; có nơi sơ cứu, cấp cứu với trang thiết bị, phương tiện sơ cứu, cấp cứu;
b) Phòng học có diện tích tối thiểu 1,4 m2/học viên, có trang thiết bị cơ bản phục vụ học tập;
c) Phòng nội trú có diện tích tối thiểu 3,5 m2/học viên, có trang thiết bị cơ bản đảm bảo phục vụ sinh hoạt nội trú; bố trí không quá 12 học viên/phòng; khu vực nội trú bố trí tách biệt cho học viên nam và nữ, có đủ buồng tắm và nhà vệ sinh.
2. Trường hợp doanh nghiệp thuê cơ sở vật chất để tổ chức giáo dục định hướng thì thời hạn thuê phải còn ít nhất 02 năm tại thời điểm doanh nghiệp nộp hồ sơ đề nghị cấp Giấy phép.
3. Chi nhánh được doanh nghiệp dịch vụ giao tổ chức giáo dục định hướng phải có cơ sở vật chất đảm bảo điều kiện an toàn, vệ sinh, có phòng học và phòng nội trú đáp ứng quy định tại điểm b và điểm c khoản 1 Điều này và thời hạn thuê (nếu chi nhánh thuê cơ sở vật chất) phải tối thiểu là 02 năm.
4. Doanh nghiệp dịch vụ phải duy trì quyền sử dụng hợp pháp cơ sở vật chất để tổ chức giáo dục định hướng trong suốt thời gian hoạt động dịch vụ đưa người lao động Việt Nam đi làm việc ở nước ngoài theo hợp đồng.","Doanh nghiệp đã được cấp Giấy phép hoạt động dịch vụ đưa người lao động Việt Nam đi làm việc ở nước ngoài trước ngày Nghị định 112/2021/NĐ-CP có hiệu lực phải rà soát, bổ sung, điều chỉnh để đáp ứng các điều kiện về cơ sở vật chất để tổ chức giáo dục định hướng cho người lao động [C4].

Tuy nhiên, ngữ cảnh được cung cấp không nêu rõ diện tích tối thiểu của phòng học trên học viên.

Đối với phòng nội trú, diện tích tối thiểu là 3,5 m2/học viên [C3].",161.7800779999925,55036.981455499925,"[""chunk:nghi-ddinh-112-2021-ndd-cp:khoan-nghi-ddinh-112-2021-ndd-cp-46-1:clause:21095"", ""chunk:nghi-ddinh-112-2021-ndd-cp:dieu-nghi-ddinh-112-2021-ndd-cp-5:article:20844""]","[""chunk:nghi-ddinh-372-2025-ndd-cp:khoan-nghi-ddinh-372-2025-ndd-cp-4-2:clause:29299"", ""chunk:nghi-ddinh-372-2025-ndd-cp:khoan-nghi-ddinh-372-2025-ndd-cp-1-1:clause:29231"", ""chunk:nghi-ddinh-112-2021-ndd-cp:diem-nghi-ddinh-112-2021-ndd-cp-5-1-c:point:20848"", ""chunk:nghi-ddinh-112-2021-ndd-cp:khoan-nghi-ddinh-112-2021-ndd-cp-46-1:clause:21095""]",,0.6309244674069079
q0084,lightrag,multi_hop_abstract,"Người thực hiện trợ giúp pháp lý có được tiếp tục thực hiện trợ giúp pháp lý khi họ nhận, đòi hỏi bất kỳ một khoản tiền, lợi ích vật chất hoặc lợi ích khác từ người được trợ giúp pháp lý và đã chấp hành xong hình thức xử lý vi phạm không?",0.5,0.25,0.8,0.0,0.3333333333,0.42105263157894735,0.1,"Luật Trợ Giúp Pháp Lý (11/2017/QH14) > Chương IV. NGƯỜI THỰC HIỆN TRỢ GIÚP PHÁP LÝ, QUYỀN, NGHĨA VỤ CỦA NGƯỜI THỰC HIỆN TRỢ GIÚP PHÁP LÝ > Điều 25. Các trường hợp không được tiếp tục thực hiện hoặc phải từ chối thực hiện trợ giúp pháp lý:
Điều 25. Các trường hợp không được tiếp tục thực hiện hoặc phải từ chối thực hiện trợ giúp pháp lý
1. Người thực hiện trợ giúp pháp lý không được tiếp tục thực hiện trợ giúp pháp lý khi thuộc một trong các trường hợp sau đây:
a) Thực hiện hành vi bị nghiêm cấm quy định tại khoản 1 Điều 6 của Luật này, trừ trường hợp đã chấp hành xong hình thức xử lý vi phạm và được thực hiện trợ giúp pháp lý theo quy định của Luật này;
b) Bị thu hồi thẻ trợ giúp viên pháp lý, thẻ cộng tác viên trợ giúp pháp lý, Chứng chỉ hành nghề luật sư, thẻ tư vấn viên pháp luật;
c) Các trường hợp không được tham gia tố tụng theo quy định của pháp luật về tố tụng.
2. Người thực hiện trợ giúp pháp lý phải từ chối thực hiện vụ việc trợ giúp pháp lý khi thuộc một trong các trường hợp sau đây:
a) Đã hoặc đang thực hiện trợ giúp pháp lý cho người được trợ giúp pháp lý là các bên có quyền lợi đối lập nhau trong cùng một vụ việc, trừ trường hợp các bên có thỏa thuận khác đối với vụ việc tư vấn pháp luật, đại diện ngoài tố tụng trong lĩnh vực dân sự;
b) Có căn cứ cho rằng người thực hiện trợ giúp pháp lý có thể không khách quan trong thực hiện trợ giúp pháp lý;
c) Có lý do cho thấy không thể thực hiện vụ việc trợ giúp pháp lý một cách hiệu quả, ảnh hưởng đến quyền và lợi ích hợp pháp của người được trợ giúp pháp lý.
3. Tổ chức thực hiện trợ giúp pháp lý phải thông báo bằng văn bản và nêu rõ lý do cho người được trợ giúp pháp lý và cử người khác thực hiện trợ giúp pháp lý trong trường hợp quy định tại khoản 1 và khoản 2 Điều này.

Luật Trợ Giúp Pháp Lý (11/2017/QH14) > Chương I. NHỮNG QUY ĐỊNH CHUNG > Điều 6. Các hành vi bị nghiêm cấm trong hoạt động trợ giúp pháp lý > Khoản 1:
1. Nghiêm cấm tổ chức thực hiện trợ giúp pháp lý và người thực hiện trợ giúp pháp lý có hành vi sau đây:
a) Xâm phạm danh dự, nhân phẩm, quyền và lợi ích hợp pháp của người được trợ giúp pháp lý; phân biệt đối xử người được trợ giúp pháp lý;
b) Nhận, đòi hỏi bất kỳ một khoản tiền, lợi ích vật chất hoặc lợi ích khác từ người được trợ giúp pháp lý; sách nhiễu người được trợ giúp pháp lý;
c) Tiết lộ thông tin về vụ việc trợ giúp pháp lý, về người được trợ giúp pháp lý, trừ trường hợp người được trợ giúp pháp lý đồng ý bằng văn bản hoặc luật có quy định khác;
d) Từ chối hoặc không tiếp tục thực hiện trợ giúp pháp lý, trừ trường hợp quy định tại Luật này và quy định của pháp luật về tố tụng;
đ) Lợi dụng hoạt động trợ giúp pháp lý để trục lợi, xâm phạm quốc phòng, an ninh quốc gia, gây mất trật tự, an toàn xã hội, ảnh hưởng xấu đến đạo đức xã hội;
e) Xúi giục, kích động người được trợ giúp pháp lý cung cấp thông tin, tài liệu sai sự thật, khiếu nại, tố cáo, khởi kiện trái pháp luật.","Ngữ cảnh được cung cấp không đủ để trả lời câu hỏi này.

Ngữ cảnh [C1], [C2], [C4] quy định rõ hành vi ""Nhận, đòi hỏi bất kỳ một khoản tiền, lợi ích vật chất hoặc lợi ích khác từ người được trợ giúp pháp lý"" là hành vi bị nghiêm cấm đối với người thực hiện trợ giúp pháp lý. Tuy nhiên, ngữ cảnh không đề cập đến việc người thực hiện trợ giúp pháp lý có được tiếp tục thực hiện trợ giúp pháp lý hay không sau khi đã chấp hành xong hình thức xử lý vi phạm đối với hành vi này. Ngữ cảnh [C3] quy định về quyền và nghĩa vụ của người thực hiện trợ giúp pháp lý nhưng cũng không đề cập đến vấn đề này.",152.8089399998862,55036.981455499925,"[""chunk:luat-11-2017-qh14:dieu-luat-11-2017-qh14-25:article:6714"", ""chunk:luat-11-2017-qh14:khoan-luat-11-2017-qh14-6-1:clause:6532""]","[""chunk:luat-11-2017-qh14:khoan-luat-11-2017-qh14-6-1:clause:6532"", ""chunk:luat-11-2017-qh14:diem-luat-11-2017-qh14-6-1-b:point:6534"", ""chunk:luat-11-2017-qh14:dieu-luat-11-2017-qh14-18:article:6648"", ""chunk:luat-11-2017-qh14:dieu-luat-11-2017-qh14-6:article:6531""]",,0.3308771929757895
q0085,lightrag,multi_hop_abstract,"Trợ cấp thai sản một ngày đối với trường hợp lao động nữ mang thai hộ khi sảy thai, phá thai hoặc có thai chết trong tử cung, thai chết trong khi chuyển dạ, thai ngoài tử cung được tính như thế nào?",1.0,0.5,1.0,0.9932851136312816,0.0,1.0,0.26,"LUẬT Bảo hiểm xã hội (41/2024/QH15) > Chương V. BẢO HIỂM XÃ HỘI BẮT BUỘC > Mục 2. CHẾ ĐỘ THAI SẢN > Điều 59. Trợ cấp thai sản:
Điều 59. Trợ cấp thai sản
1. Trợ cấp thai sản một tháng của người lao động quy định tại các điều 51, 52, 53, 54, 55, 56 và 57 của Luật này bằng 100% mức bình quân tiền lương làm căn cứ đóng bảo hiểm xã hội bắt buộc của 06 tháng gần nhất trước khi nghỉ việc hưởng chế độ thai sản.
Đối với người lao động đóng bảo hiểm xã hội bắt buộc chưa đủ 06 tháng thì trợ cấp thai sản của người lao động quy định tại Điều 51, Điều 52, các khoản 2, 5, 6 và 7 Điều 53, các khoản 1, 2 và 4 Điều 54, khoản 2 Điều 55 và Điều 57 của Luật này là mức bình quân tiền lương làm căn cứ đóng bảo hiểm xã hội bắt buộc của các tháng đã đóng.
2. Trợ cấp thai sản một ngày đối với trường hợp quy định tại Điều 51 và khoản 2 Điều 53 của Luật này được tính bằng trợ cấp thai sản một tháng chia cho 24 ngày.
3. Trợ cấp thai sản khi sinh con, nhận con khi nhờ mang thai hộ hoặc nhận nuôi con nuôi dưới 06 tháng tuổi được tính theo mức trợ cấp thai sản quy định tại khoản 1 Điều này, trường hợp có ngày lẻ hoặc trường hợp quy định tại Điều 52 và Điều 57 của Luật này thì mức trợ cấp mỗi ngày được tính bằng mức trợ cấp thai sản một tháng chia cho 30 ngày.
4. Trợ cấp thai sản của lao động nữ mang thai hộ, lao động nữ nhờ mang thai hộ được thực hiện theo quy định tại các khoản 1, 2 và 3 Điều này và được tính trên cơ sở mức bình quân tiền lương làm căn cứ đóng bảo hiểm xã hội bắt buộc theo quy định tại Điều này trước khi nghỉ việc hưởng chế độ thai sản của lao động nữ mang thai hộ, lao động nữ nhờ mang thai hộ.
5. Bộ trưởng Bộ Lao động - Thương binh và Xã hội quy định việc tính, việc xác định điều kiện đối với từng trường hợp hưởng chế độ thai sản.

LUẬT Bảo hiểm xã hội (41/2024/QH15) > Chương V. BẢO HIỂM XÃ HỘI BẮT BUỘC > Mục 2. CHẾ ĐỘ THAI SẢN > Điều 54. Chế độ thai sản của lao động nữ mang thai hộ:
Điều 54. Chế độ thai sản của lao động nữ mang thai hộ
1. Lao động nữ mang thai hộ được nghỉ việc hưởng chế độ thai sản khi khám thai theo quy định tại Điều 51 của Luật này.
2. Lao động nữ mang thai hộ khi sảy thai, phá thai hoặc có thai chết trong tử cung, thai chết trong khi chuyển dạ, thai ngoài tử cung được nghỉ việc hưởng chế độ thai sản theo quy định tại Điều 52 của Luật này.
3. Lao động nữ mang thai hộ khi sinh con mà có đủ điều kiện quy định tại khoản 2 hoặc khoản 3 Điều 50 của Luật này được:
a) Nghỉ việc hưởng chế độ thai sản cho đến thời điểm giao đứa trẻ cho bên nhờ mang thai hộ nhưng không vượt quá thời gian quy định tại khoản 1 Điều 53 của Luật này.
Trong trường hợp kể từ ngày sinh đến thời điểm giao đứa trẻ mà thời gian hưởng chế độ thai sản chưa đủ 60 ngày thì lao động nữ mang thai hộ vẫn được hưởng chế độ thai sản cho đến khi đủ 60 ngày tính cả ngày nghỉ lễ, tết, ngày nghỉ hằng tuần. Thời điểm giao đứa trẻ cho bên nhờ mang thai hộ là thời điểm ghi trong văn bản xác nhận thời điểm giao đứa trẻ của bên nhờ mang thai hộ và bên mang thai hộ.
Trường hợp trước thời điểm giao nếu đứa trẻ chết mà thời gian hưởng chế độ thai sản chưa đủ 60 ngày thì lao động nữ mang thai hộ vẫn được hưởng chế độ thai sản cho đến khi đủ 60 ngày tính cả ngày nghỉ lễ, tết, ngày nghỉ hằng tuần;
b) Trong khoảng thời gian 30 ngày đầu kể từ ngày hết thời hạn hưởng chế độ thai sản quy định tại khoản 2 Điều này và điểm a khoản này mà sức khỏe chưa phục hồi thì lao động nữ mang thai hộ được nghỉ dưỡng sức, phục hồi sức khỏe theo quy định tại Điều 60 của Luật này, trừ trường hợp lao động nữ mang thai hộ chấm dứt hợp đồng lao động, hợp đồng làm việc hoặc thôi việc trước thời điểm sinh con.
4. Khi lao động nữ mang thai hộ sinh con thì người chồng đang tham gia bảo hiểm xã hội bắt buộc được nghỉ việc hưởng chế độ thai sản theo quy định tại khoản 2 và khoản 3 Điều 53 của Luật này.","Trợ cấp thai sản một ngày đối với trường hợp lao động nữ mang thai hộ khi sảy thai, phá thai hoặc có thai chết trong tử cung, thai chết trong khi chuyển dạ, thai ngoài tử cung được tính như sau:

Mức trợ cấp mỗi ngày được tính bằng mức trợ cấp thai sản một tháng chia cho 30 ngày. [C4]

Trong đó, trợ cấp thai sản một tháng của lao động nữ mang thai hộ bằng 100% mức bình quân tiền lương làm căn cứ đóng bảo hiểm xã hội bắt buộc của 06 tháng gần nhất trước khi nghỉ việc hưởng chế độ thai sản. [C4]

Đối với lao động nữ mang thai hộ đóng bảo hiểm xã hội bắt buộc chưa đủ 06 tháng thì trợ cấp thai sản một tháng là mức bình quân tiền lương làm căn cứ đóng bảo hiểm xã hội bắt buộc của các tháng đã đóng. [C4]",146.29676499998823,982.2817069998564,"[""chunk:luat-41-2024-qh15:dieu-luat-41-2024-qh15-59:article:11017"", ""chunk:luat-41-2024-qh15:dieu-luat-41-2024-qh15-54:article:10996""]","[""chunk:luat-41-2024-qh15:dieu-luat-41-2024-qh15-52:article:10972"", ""chunk:luat-41-2024-qh15:khoan-luat-41-2024-qh15-54-2:clause:10998"", ""chunk:luat-41-2024-qh15:dieu-luat-41-2024-qh15-54:article:10996"", ""chunk:luat-41-2024-qh15:dieu-luat-41-2024-qh15-59:article:11017""]",,0.6506570227262563
q0086,lightrag,multi_hop_abstract,"Bộ Y tế có trách nhiệm hướng dẫn triển khai phòng vắt, trữ sữa mẹ trong trường hợp người sử dụng lao động sử dụng từ bao nhiêu lao động nữ trở lên thì phải lắp đặt phòng vắt, trữ sữa mẹ tại nơi làm việc?",1.0,0.5,0.6666666666666666,0.0,0.999999999975,1.0,0.2,"NGHỊ ĐỊNH Quy định chi tiết và hướng dẫn thi hành một số điều của Bộ luật Lao động về điều kiện lao động và quan hệ lao động (145/2020/NĐ-CP) > Chương IX. LAO ĐỘNG NỮ VÀ BẢO ĐẢM BÌNH ĐẲNG GIỚI > Mục 4. TRÁCH NHIỆM TỔ CHỨC THỰC HIỆN CHÍNH SÁCH ĐỐI VỚI LAO ĐỘNG NỮ VÀ BÌNH ĐẲNG GIỚI > Điều 87. Tổ chức thực hiện chính sách đối với lao động nữ và bảo đảm bình đẳng giới:
Điều 87. Tổ chức thực hiện chính sách đối với lao động nữ và bảo đảm bình đẳng giới
1. Bộ Lao động - Thương binh và Xã hội chủ trì, phối hợp với các cơ quan liên quan tuyên truyền, phổ biến các chính sách đối với lao động nữ, bảo đảm bình đẳng giới và phòng, chống quấy rối tình dục tại nơi làm việc.
2. Bộ Tài chính chủ trì, phối hợp với các cơ quan liên quan hướng dẫn thực hiện quy định tại khoản 2 Điều 83 Nghị định này.
3. Bộ Giáo dục và Đào tạo chủ trì, phối hợp với các cơ quan liên quan hướng dẫn thực hiện quy định tại Điều 81 Nghị định này.
4. Bộ Y tế có trách nhiệm:
a) Hướng dẫn tiêu chuẩn về buồng tắm, buồng vệ sinh quy định tại khoản 1 Điều 79 Nghị định này;
b) Ban hành danh mục khám chuyên khoa phụ sản cho lao động nữ quy định tại khoản 1 Điều 80 Nghị định này;
c) Hướng dẫn triển khai phòng vắt, trữ sữa mẹ quy định tại khoản 5 Điều 80 Nghị định này.
5. Ủy ban nhân dân cấp tỉnh có trách nhiệm:
a) Tuyên truyền, phổ biến, kiểm tra, thanh tra việc thực hiện các chính sách đối với lao động nữ, bảo đảm bình đẳng giới và phòng, chống quấy rối tình dục tại nơi làm việc quy định tại Chương này;
b) Rà soát, xác định nơi có nhiều lao động và tổ chức thực hiện quy định tại Điều 81 Nghị định này.
6. Đề nghị Mặt trận Tổ quốc Việt Nam và các tổ chức thành viên của Mặt trận trong phạm vi nhiệm vụ, quyền hạn của mình giám sát việc thực hiện quy định tại Chương này.

NGHỊ ĐỊNH Quy định chi tiết và hướng dẫn thi hành một số điều của Bộ luật Lao động về điều kiện lao động và quan hệ lao động (145/2020/NĐ-CP) > Chương IX. LAO ĐỘNG NỮ VÀ BẢO ĐẢM BÌNH ĐẲNG GIỚI > Mục 2. BẢO ĐẢM BÌNH ĐẲNG GIỚI VÀ NHỮNG QUY ĐỊNH RIÊNG ĐỐI VỚI LAO ĐỘNG NỮ > Điều 80. Chăm sóc sức khỏe đối với lao động nữ > Khoản 5:
5. Khuyến khích người sử dụng lao động lắp đặt phòng vắt, trữ sữa mẹ phù hợp với điều kiện thực tế tại nơi làm việc, nhu cầu của lao động nữ và khả năng của người sử dụng lao động. Trường hợp người sử dụng lao động sử dụng từ 1.000 người lao động nữ trở lên thì phải lắp đặt phòng vắt, trữ sữa mẹ tại nơi làm việc.","Bộ Y tế có trách nhiệm hướng dẫn triển khai phòng vắt, trữ sữa mẹ [C2], [C3], [C4]. Tuy nhiên, ngữ cảnh không nêu rõ Bộ Y tế hướng dẫn triển khai phòng vắt, trữ sữa mẹ trong trường hợp người sử dụng lao động sử dụng từ bao nhiêu lao động nữ trở lên thì phải lắp đặt phòng vắt, trữ sữa mẹ tại nơi làm việc.

Ngữ cảnh chỉ quy định rằng người sử dụng lao động sử dụng từ 1.000 người lao động nữ trở lên thì phải lắp đặt phòng vắt, trữ sữa mẹ tại nơi làm việc [C1].",157.29295600021942,982.2817069998564,"[""chunk:nghi-ddinh-145-2020-ndd-cp:dieu-nghi-ddinh-145-2020-ndd-cp-87:article:24881"", ""chunk:nghi-ddinh-145-2020-ndd-cp:khoan-nghi-ddinh-145-2020-ndd-cp-80-5:clause:24828""]","[""chunk:nghi-ddinh-145-2020-ndd-cp:khoan-nghi-ddinh-145-2020-ndd-cp-80-5:clause:24828"", ""chunk:nghi-ddinh-145-2020-ndd-cp:khoan-nghi-ddinh-145-2020-ndd-cp-87-4:clause:24885"", ""chunk:nghi-ddinh-145-2020-ndd-cp:diem-nghi-ddinh-145-2020-ndd-cp-87-4-c:point:24888"", ""chunk:nghi-ddinh-145-2020-ndd-cp:dieu-nghi-ddinh-145-2020-ndd-cp-87:article:24881""]",,0.5733333333283334
q0087,lightrag,multi_hop_abstract,"Khi người sử dụng lao động cần tham khảo ý kiến về quy chế thưởng theo Điều 104 của Bộ luật Lao động, các thành viên đại diện tham gia đối thoại của bên người lao động có trách nhiệm gì?",0.5,0.25,1.0,0.9999999999999998,0.99999999995,1.0,0.19,"NGHỊ ĐỊNH Quy định chi tiết và hướng dẫn thi hành một số điều của Bộ luật Lao động về điều kiện lao động và quan hệ lao động (145/2020/NĐ-CP) > Chương V. ĐỐI THOẠI TẠI NƠI LÀM VIỆC > Mục 1. TỔ CHỨC ĐỐI THOẠI TẠI NƠI LÀM VIỆC > Điều 41. Tổ chức đối thoại khi có vụ việc > Khoản 1:
1. Đối với vụ việc người sử dụng lao động phải tham khảo, trao đổi ý kiến với tổ chức đại diện người lao động tại cơ sở về quy chế đánh giá mức độ hoàn thành công việc theo quy định tại điểm a khoản 1 Điều 36; cho thôi việc đối với người lao động theo quy định tại Điều 42; phương án sử dụng lao động theo quy định tại Điều 44; thang lương, bảng lương và định mức lao động theo quy định tại Điều 93; quy chế thưởng theo quy định tại Điều 104 và nội quy lao động theo quy định tại Điều 118 của Bộ luật Lao động được thực hiện như sau: a) Người sử dụng lao động có trách nhiệm gửi văn bản kèm theo nội dung cần tham khảo, trao đổi ý kiến đến các thành viên đại diện tham gia đối thoại của bên người lao động; b) Các thành viên đại diện tham gia đối thoại của bên người lao động có trách nhiệm tổ chức lấy ý kiến người lao động do mình đại diện và tổng hợp thành văn bản của từng tổ chức đại diện người lao động tại cơ sở, nhóm đại diện đối thoại của người lao động để gửi tới người sử dụng lao động; trường hợp nội dung đối thoại liên quan đến quyền, lợi ích của lao động nữ thì cần bảo đảm lấy ý kiến của họ; c) Căn cứ ý kiến của các tổ chức đại diện người lao động tại cơ sở, nhóm đại diện đối thoại của người lao động, người sử dụng lao động tổ chức đối thoại để thảo luận, trao đổi ý kiến, tham vấn, chia sẻ thông tin về những nội dung người sử dụng lao động đưa ra; d) Số lượng, thành phần tham gia, thời gian, địa điểm tổ chức đối thoại do hai bên xác định theo quy chế dân chủ ở cơ sở tại nơi làm việc; đ) Diễn biến đối thoại phải được ghi thành biên bản và có chữ ký của đại diện các bên tham

NGHỊ ĐỊNH Quy định chi tiết và hướng dẫn thi hành một số điều của Bộ luật Lao động về điều kiện lao động và quan hệ lao động (145/2020/NĐ-CP) > Chương V. ĐỐI THOẠI TẠI NƠI LÀM VIỆC > Mục 2. THỰC HIỆN QUY CHẾ DÂN CHỦ Ở CƠ SỞ TẠI NƠI LÀM VIỆC > Điều 44. Nội dung, hình thức người lao động được tham gia ý kiến:
Điều 44. Nội dung, hình thức người lao động được tham gia ý kiến
1. Người lao động được tham gia ý kiến về những nội dung sau:
a) Xây dựng, sửa đổi, bổ sung nội quy, quy chế và các văn bản quy định khác của người sử dụng lao động liên quan đến quyền, nghĩa vụ và lợi ích của người lao động;
b) Xây dựng, sửa đổi, bổ sung thang lương, bảng lương, định mức lao động; đề xuất nội dung thương lượng tập thể;
c) Đề xuất, thực hiện giải pháp tiết kiệm chi phí, nâng cao năng suất lao động, cải thiện điều kiện làm việc, bảo vệ môi trường, phòng chống cháy nổ;
d) Nội dung khác liên quan đến quyền, nghĩa vụ và lợi ích của người lao động theo quy định của pháp luật.
2. Những nội dung quy định tại khoản 1 Điều này mà pháp luật quy định cụ thể hình thức người lao động tham gia ý kiến thì thực hiện theo quy định đó; trường hợp pháp luật không quy định cụ thể hình thức thì người lao động căn cứ vào đặc điểm sản xuất, kinh doanh, tổ chức lao động, nội dung người lao động được tham gia ý kiến và quy chế dân chủ ở cơ sở tại nơi làm việc để lựa chọn hình thức sau đây:
a) Tham gia ý kiến trực tiếp hoặc thông qua tổ chức đại diện người lao động tại cơ sở, nhóm đại diện đối thoại của người lao động tại hội nghị người lao động, đối thoại tại nơi làm việc;
b) Gửi góp ý, kiến nghị trực tiếp;
c) Hình thức khác mà pháp luật không cấm.","Khi người sử dụng lao động cần tham khảo ý kiến về quy chế thưởng theo Điều 104 của Bộ luật Lao động, các thành viên đại diện tham gia đối thoại của bên người lao động có trách nhiệm tổ chức lấy ý kiến người lao động do mình đại diện và tổng hợp thành văn bản của từng tổ chức đại diện người lao động tại cơ sở, nhóm đại diện đối thoại của người lao động để gửi tới người sử dụng lao động. [C1b], [C2b]

Đặc biệt, nếu nội dung đối thoại liên quan đến quyền, lợi ích của lao động nữ thì cần bảo đảm lấy ý kiến của họ. [C1b], [C2b]",185.90810300020166,872.3726934999831,"[""chunk:nghi-ddinh-145-2020-ndd-cp:khoan-nghi-ddinh-145-2020-ndd-cp-41-1:clause:24546"", ""chunk:nghi-ddinh-145-2020-ndd-cp:dieu-nghi-ddinh-145-2020-ndd-cp-44:article:24575""]","[""chunk:nghi-ddinh-145-2020-ndd-cp:khoan-nghi-ddinh-145-2020-ndd-cp-41-1:clause:24546"", ""chunk:nghi-ddinh-145-2020-ndd-cp:dieu-nghi-ddinh-145-2020-ndd-cp-41:article:24544"", ""chunk:bo-luat-45-2019-qh14:khoan-bo-luat-45-2019-qh14-104-2:clause:2566"", ""chunk:bo-luat-45-2019-qh14:dieu-bo-luat-45-2019-qh14-104:article:2564""]",,0.8379999999900001
q0088,lightrag,multi_hop_abstract,"Theo Khoản 4 Điều 4 của Nghị định 68/2025/NĐ-CP, mục số (4) cần ghi những thông tin gì?",0.0,0.0,1.0,1.0,0.9999999999,0.5555555555555556,0.17,"NGHỊ ĐỊNH Sửa đổi, bổ sung một số điều của Nghị định số 118/2021/NĐ-CP ngày 23 tháng 12 năm 2021 của Chính phủ quy định chi tiết một số điều (68/2025/NĐ-CP) > Điều 4. Trách nhiệm tổ chức thực hiện > Khoản 4:
4. Địa điểm xảy ra vi phạm: 4. Gửi cho (22) ................................... để biết và phối hợp thực hiện. Nơi nhận: - Như Điều 4; - Lưu: Hồ sơ. | CHỨC VỤ CỦA NGƯỜI KÝ(23) (Ký, đóng dấu (nếu có); ghi rõ họ và tên) <In ở mặt sau>(***) Quyết định đã giao trực tiếp cho <cá nhân/người đại diện của tổ chức>(**) bị xử phạt vào hồi.... giờ.... phút, ngày ..../..../….. NGƯỜI NHẬN QUYẾT ĐỊNH (Ký, ghi rõ họ và tên) * Mẫu này được sử dụng để ra quyết định xử phạt vi phạm hành chính theo thủ tục không lập biên bản. (*) Áp dụng đối với trường hợp chuyển hồ sơ vụ vi phạm để xử phạt hành chính. (**) Lưu ý lựa chọn và ghi thông tin cho phù hợp với thực tế của vụ việc. (***) Áp dụng đối với trường hợp quyết định được giao trực tiếp cho cá nhân/người đại diện của tổ chức bị xử phạt. (1) Ghi tên cơ quan của người có thẩm quyền ra quyết định xử phạt vi phạm hành chính theo hướng dẫn về thể thức của Chính phủ. (2) Ghi địa danh theo hướng dẫn về thể thức của Chính phủ. (3) Ghi chức danh và tên cơ quan của người ra quyết định. (4) Ghi đầy đủ tên loại văn bản; số, ký hiệu văn bản; ngày, tháng, năm, ban hành văn bản; tên cơ quan ban hành và tên gọi văn bản (tên của nghị định quy định xử phạt vi phạm hành chính trong lĩnh vực cụ thể). (5) Ghi cụ thể theo từng trường hợp: - Nếu quyết định xử phạt vi phạm hành chính có áp dụng hình thức xử phạt trục xuất thì ghi tên nghị định của Chính phủ quy định hình thức xử phạt trục xuất, biện pháp tạm giữ người, áp giải người vi phạm theo thủ tục hành chính và quản lý người nước ngoài vi phạm pháp luật Việt Nam trong thời gian làm thủ tục trục xuất. - Nếu chuyển hồ sơ vụ vi phạm để xử phạt vi phạm hành chính theo

NGHỊ ĐỊNH Sửa đổi, bổ sung một số điều của Nghị định số 118/2021/NĐ-CP ngày 23 tháng 12 năm 2021 của Chính phủ quy định chi tiết một số điều (68/2025/NĐ-CP) > Điều 1. Sửa đổi, bổ sung một số điều của Nghị định số 118/2021/NĐ-CP ngày 23 tháng 12 năm 2021 của Chính phủ quy định chi tiết một số điều và biện pháp thi hành Luật Xử lý vi phạm hành chính:
Điều 1. Sửa đổi, bổ sung một số điều của Nghị định số 118/2021/NĐ-CP ngày 23 tháng 12 năm 2021 của Chính phủ quy định chi tiết một số điều và biện pháp thi hành Luật Xử lý vi phạm hành chính 1. Sửa đổi, bổ sung một số khoản của Điều 4 như sau: a) Sửa đổi, bổ sung khoản 2 Điều 4 như sau: “2. Việc quy định hành vi vi phạm hành chính được thực hiện như sau: a) Hành vi vi phạm hành chính, hình thức xử phạt, mức xử phạt, biện pháp khắc phục hậu quả phải được quy định tại nghị định xử phạt vi phạm hành chính trong lĩnh vực quản lý nhà nước tương ứng, phù hợp với tính chất vi phạm của hành vi đó; b) Trường hợp hành vi vi phạm hành chính đã được quy định ở lĩnh vực này nhưng có liên quan đến lĩnh vực khác, thì quy định dẫn chiếu hành vi vi phạm, hình thức xử phạt, mức xử phạt, biện pháp khắc phục hậu quả đã quy định, đồng thời quy định thẩm quyền xử phạt đối với hành vi đó. Nếu do tính chất đặc thù liên quan đến lĩnh vực, địa điểm vi phạm, hậu quả của hành vi và các yếu tố, điều kiện khách quan khác thì có thể quy định hành vi vi phạm, hình thức xử phạt, mức xử phạt, biện pháp khắc phục hậu quả gắn với tính chất đặc thù của hành vi đó.”. b) Bổ sung khoản 5a vào sau khoản 5 Điều 4 như sau: “5a. Đối với hành vi vi phạm hành chính có quy định áp dụng hình thức xử phạt tịch thu tang vật, phương tiện vi phạm hành chính, thì nghị định quy định về xử phạt vi phạm hành chính trong lĩnh vực quản lý nhà nước quy định biện pháp khắc phục hậu quả buộc nộp lại số tiền bằng với giá trị tang vật, phương tiện vi phạm hành chính đã bị tiêu thụ, tẩu tán, tiêu hủy trái quy định của pháp luật, bảo đảm phù","Theo Khoản 4 Điều 4 của Nghị định 68/2025/NĐ-CP, mục số (4) cần ghi những thông tin sau:

*   Ghi căn cứ khác (nếu có): Ghi đầy đủ tên loại văn bản; số, ký hiệu văn bản; ngày, tháng, năm, ban hành văn bản; tên cơ quan ban hành và tên gọi văn bản. [C1]",130.87931499967453,872.3726934999831,"[""chunk:nghi-ddinh-68-2025-ndd-cp:khoan-nghi-ddinh-68-2025-ndd-cp-4-4:clause:30041"", ""chunk:nghi-ddinh-68-2025-ndd-cp:dieu-nghi-ddinh-68-2025-ndd-cp-1:article:29858""]","[""chunk:nghi-ddinh-68-2025-ndd-cp:khoan-nghi-ddinh-68-2025-ndd-cp-3-4:sliding:30081"", ""chunk:luat-15-2012-qh13:dieu-luat-15-2012-qh13-63:article:8429"", ""chunk:nghi-ddinh-68-2025-ndd-cp:khoan-nghi-ddinh-68-2025-ndd-cp-3-4:sliding:30084"", ""chunk:nghi-ddinh-68-2025-ndd-cp:khoan-nghi-ddinh-68-2025-ndd-cp-3-4:sliding:30085""]",,0.7451111110911111
q0089,lightrag,multi_hop_abstract,"Trong các trường hợp được hưởng bảo hiểm xã hội một lần, người lao động đủ tuổi nghỉ hưu theo quy định tại khoản 2 Điều 169 của Bộ luật Lao động nhưng có thời gian đóng bảo hiểm xã hội chưa đủ 15 năm và không tiếp tục tham gia bảo hiểm xã hội có thể lựa chọn hưởng trợ cấp hằng tháng theo quy định tại Điều 23 của Luật Bảo hiểm xã hội không?",0.5,0.25,1.0,0.954468351606538,0.7499999999625,0.3333333333333333,0.42,"LUẬT Bảo hiểm xã hội (41/2024/QH15) > Chương VI. BẢO HIỂM XÃ HỘI TỰ NGUYỆN > Mục 2. CHẾ ĐỘ HƯU TRÍ > Điều 102. Hưởng bảo hiểm xã hội một lần > Khoản 1:
1. Đối tượng quy định tại khoản 4 Điều 2 của Luật này mà có yêu cầu thì được hưởng bảo hiểm xã hội một lần nếu thuộc một trong các trường hợp sau đây:
a) Đủ tuổi nghỉ hưu theo quy định tại khoản 2 Điều 169 của Bộ luật Lao động nhưng có thời gian đóng bảo hiểm xã hội chưa đủ 15 năm mà không tiếp tục tham gia bảo hiểm xã hội.
Trường hợp người lao động không hưởng bảo hiểm xã hội một lần thì có thể lựa chọn hưởng trợ cấp hằng tháng theo quy định tại Điều 23 của Luật này;
b) Ra nước ngoài để định cư;
c) Người đang mắc một trong những bệnh ung thư, bại liệt, xơ gan mất bù, lao nặng, AIDS;
d) Người có mức suy giảm khả năng lao động từ 81% trở lên; người khuyết tật đặc biệt nặng;
đ) Người lao động có thời gian đóng bảo hiểm xã hội trước ngày Luật này có hiệu lực thi hành, sau 12 tháng không tiếp tục đóng bảo hiểm xã hội mà chưa đủ 20 năm đóng bảo hiểm xã hội.

LUẬT Bảo hiểm xã hội (41/2024/QH15) > Chương III. TRỢ CẤP HƯU TRÍ XÃ HỘI > Điều 23. Chế độ đối với người lao động không đủ điều kiện hưởng lương hưu và chưa đủ tuổi hưởng trợ cấp hưu trí xã hội:
Điều 23. Chế độ đối với người lao động không đủ điều kiện hưởng lương hưu và chưa đủ tuổi hưởng trợ cấp hưu trí xã hội 1. Công dân Việt Nam đủ tuổi nghỉ hưu có thời gian đóng bảo hiểm xã hội nhưng không đủ điều kiện hưởng lương hưu theo quy định của pháp luật và chưa đủ điều kiện hưởng trợ cấp hưu trí xã hội theo quy định tại Điều 21 của Luật này, nếu không hưởng bảo hiểm xã hội một lần và không bảo lưu mà có yêu cầu thì được hưởng trợ cấp hằng tháng từ chính khoản đóng của mình theo quy định tại khoản 2 Điều này. 2. Thời gian hưởng, mức hưởng trợ cấp hằng tháng được xác định căn cứ vào thời gian đóng, căn cứ đóng bảo hiểm xã hội của người lao động. 3. Mức trợ cấp hằng tháng thấp nhất bằng mức trợ cấp hưu trí xã hội hằng tháng quy định tại khoản 1 Điều 22 của Luật này. Trường hợp tổng số tiền tính theo thời gian đóng, căn cứ đóng bảo hiểm xã hội của người lao động cao hơn số tiền tính mức trợ cấp hằng tháng bằng mức trợ cấp hưu trí xã hội tại thời điểm giải quyết hưởng cho khoảng thời gian từ khi đủ tuổi nghỉ hưu đến khi đủ tuổi hưởng trợ cấp hưu trí xã hội thì người lao động được tính để hưởng trợ cấp hằng tháng với mức cao hơn. Trường hợp tổng số tiền tính theo thời gian đóng, căn cứ đóng bảo hiểm xã hội không đủ để người lao động hưởng trợ cấp hằng tháng cho đến khi đủ tuổi hưởng trợ cấp hưu trí xã hội, nếu người lao động có nguyện vọng thì được đóng một lần cho phần còn thiếu để hưởng cho đến khi đủ tuổi hưởng trợ cấp hưu trí xã hội. 4. Mức trợ cấp hằng tháng quy định tại khoản 3 Điều này được áp dụng việc điều chỉnh theo quy định tại Điều 67 của Luật này. 5. Trường hợp người đang","Có. Trong các trường hợp được hưởng bảo hiểm xã hội một lần, người lao động đủ tuổi nghỉ hưu theo quy định tại khoản 2 Điều 169 của Bộ luật Lao động nhưng có thời gian đóng bảo hiểm xã hội chưa đủ 15 năm và không tiếp tục tham gia bảo hiểm xã hội, nếu không hưởng bảo hiểm xã hội một lần thì có thể lựa chọn hưởng trợ cấp hằng tháng theo quy định tại Điều 23 của Luật Bảo hiểm xã hội [C4].",216.25712500008376,1055.0386260001687,"[""chunk:luat-41-2024-qh15:khoan-luat-41-2024-qh15-102-1:clause:11333"", ""chunk:luat-41-2024-qh15:dieu-luat-41-2024-qh15-23:article:10746""]","[""chunk:luat-41-2024-qh15:dieu-luat-41-2024-qh15-23:article:10746"", ""chunk:luat-41-2024-qh15:dieu-luat-41-2024-qh15-23:sliding:10747"", ""chunk:nghi-ddinh-158-2025-ndd-cp:dieu-nghi-ddinh-158-2025-ndd-cp-23:sliding:25805"", ""chunk:luat-41-2024-qh15:diem-luat-41-2024-qh15-102-1-a:point:11334""]",,0.6915603369804744
q0090,lightrag,multi_hop_abstract,"Trường hợp người kháng cáo không làm lại đơn kháng cáo hoặc không sửa đổi, bổ sung đơn kháng cáo mặc dù đã có yêu cầu của Tòa án theo quy định tại khoản 3 Điều 207 của Luật Tố tụng hành chính thì Tòa án có trả lại đơn kháng cáo không?",1.0,0.5,0.5,0.9528320269453336,0.99999999995,1.0,0.12,"Luật Tố Tụng Hành Chính (93/2015/QH13) > Chương XIII. THỦ TỤC PHÚC THẨM > Mục 1. QUY ĐỊNH CHUNG VỀ THỦ TỤC PHÚC THẨM > Điều 207. Kiểm tra đơn kháng cáo:
Điều 207. Kiểm tra đơn kháng cáo
1. Sau khi nhận được đơn kháng cáo, Tòa án cấp sơ thẩm phải kiểm tra tính hợp lệ của đơn kháng cáo theo quy định tại Điều 205 của Luật này.
2. Trường hợp đơn kháng cáo quá hạn thì Tòa án cấp sơ thẩm yêu cầu người kháng cáo trình bày rõ lý do và xuất trình tài liệu, chứng cứ (nếu có) để chứng minh cho lý do nộp đơn kháng cáo quá hạn là chính đáng.
3. Trường hợp đơn kháng cáo chưa đúng quy định tại Điều 205 của Luật này thì Tòa án cấp sơ thẩm yêu cầu người kháng cáo làm lại đơn kháng cáo hoặc sửa đổi, bổ sung trong thời hạn 05 ngày làm việc kể từ ngày nhận được yêu cầu của Tòa án.
4. Tòa án trả lại đơn kháng cáo trong các trường hợp sau đây:
a) Người kháng cáo không có quyền kháng cáo;
b) Người kháng cáo không làm lại đơn kháng cáo hoặc không sửa đổi, bổ sung đơn kháng cáo mặc dù đã có yêu cầu của Tòa án theo quy định tại khoản 3 Điều này;
c) Trường hợp quy định tại khoản 2 Điều 209 của Luật này.

Luật Tố Tụng Hành Chính (93/2015/QH13) > Chương XIII. THỦ TỤC PHÚC THẨM > Mục 1. QUY ĐỊNH CHUNG VỀ THỦ TỤC PHÚC THẨM > Điều 205. Đơn kháng cáo:
Điều 205. Đơn kháng cáo 1. Khi thực hiện quyền kháng cáo, người kháng cáo phải làm đơn kháng cáo. Đơn kháng cáo phải có các nội dung chính sau đây: a) Ngày, tháng, năm làm đơn kháng cáo; b) Tên, địa chỉ; số điện thoại, fax, địa chỉ thư điện tử (nếu có) của người kháng cáo; c) Kháng cáo toàn bộ hoặc một phần của bản án, quyết định của Tòa án cấp sơ thẩm chưa có hiệu lực pháp luật; d) Lý do của việc kháng cáo và yêu cầu của người kháng cáo; đ) Chữ ký hoặc điểm chỉ của người kháng cáo. 2. Người kháng cáo là cá nhân có năng lực hành vi tố tụng hành chính đầy đủ có thể tự mình làm đơn kháng cáo. Tại mục tên, địa chỉ của người kháng cáo trong đơn phải ghi họ, tên, địa chỉ của đương sự có kháng cáo; đồng thời ở phần cuối đơn kháng cáo, đương sự đó phải ký tên hoặc điểm chỉ. 3. Người kháng cáo quy định tại khoản 2 Điều này nếu không tự mình kháng cáo thì có thể ủy quyền cho người khác đại diện cho mình kháng cáo. Tại mục tên, địa chỉ của người kháng cáo trong đơn phải ghi họ, tên, địa chỉ của người đại diện theo ủy quyền có kháng cáo; họ, tên, địa chỉ của đương sự ủy quyền kháng cáo và văn bản ủy quyền; đồng thời ở phần cuối đơn kháng cáo, người đại diện theo ủy quyền phải ký tên hoặc điểm chỉ. 4. Người đại diện theo pháp luật của đương sự là cơ quan, tổ chức có thể tự mình làm đơn kháng cáo. Tại mục tên, địa chỉ của người kháng cáo trong đơn phải ghi tên, địa chỉ của đương sự là cơ quan, tổ chức; họ, tên, chức vụ của người đại diện theo pháp luật của đương sự là cơ quan, tổ chức; đồng thời ở phần cuối đơn kháng cáo, người đại diện theo pháp luật phải ký tên và đóng dấu của cơ quan, tổ chức đó, trường","Có. Trường hợp người kháng cáo không làm lại đơn kháng cáo hoặc không sửa đổi, bổ sung đơn kháng cáo mặc dù đã có yêu cầu của Tòa án theo quy định tại khoản 3 Điều 207 của Luật Tố tụng hành chính thì Tòa án sẽ trả lại đơn kháng cáo [C1], [C2].",157.3023290002311,1055.0386260001687,"[""chunk:luat-93-2015-qh13:dieu-luat-93-2015-qh13-207:article:19991"", ""chunk:luat-93-2015-qh13:dieu-luat-93-2015-qh13-205:article:19972""]","[""chunk:luat-93-2015-qh13:khoan-luat-93-2015-qh13-207-4:clause:19995"", ""chunk:luat-93-2015-qh13:dieu-luat-93-2015-qh13-207:article:19991"", ""chunk:luat-93-2015-qh13:khoan-luat-93-2015-qh13-207-3:clause:19994"", ""chunk:luat-93-2015-qh13:dieu-luat-93-2015-qh13-205:article:19972""]",,0.7145664053790668
q0091,lightrag,multi_hop_abstract,"Đối tượng bị áp dụng biện pháp đưa vào cơ sở giáo dục bắt buộc là người thực hiện hành vi xâm phạm tài sản của tổ chức trong nước hoặc nước ngoài; tài sản, sức khoẻ, danh dự, nhân phẩm của công dân, của người nước ngoài; vi phạm trật tự, an toàn xã hội 02 lần trở lên trong 06 tháng nhưng chưa đến mức truy cứu trách nhiệm hình sự, đã bị áp dụng biện pháp giáo dục tại xã, phường, thị trấn hoặc chưa bị áp dụng biện pháp này nhưng không có nơi cư trú ổn định có thời hiệu xử phạt vi phạm hành chính là bao lâu?",0.5,0.25,0.6666666666666666,0.0,0.0,0.5,0.25,"Luật Xử Lý Vi Phạm Hành Chính (15/2012/QH13) > Điều 6. Thời hiệu xử lý vi phạm hành chính:
Điều 6. Thời hiệu xử lý vi phạm hành chính 1. Thời hiệu xử phạt vi phạm hành chính được quy định như sau: a) Thời hiệu xử phạt vi phạm hành chính là 01 năm, trừ các trường hợp sau: Vi phạm hành chính về kế toán; thủ tục thuế; phí, lệ phí; kinh doanh bảo hiểm; quản lý giá; chứng khoán; sở hữu trí tuệ; xây dựng; bảo vệ nguồn lợi thuỷ sản, hải sản; quản lý rừng, lâm sản; điều tra, quy hoạch, thăm dò, khai thác, sử dụng nguồn tài nguyên nước; thăm dò, khai thác dầu khí và các loại khoáng sản khác; bảo vệ môi trường; năng lượng nguyên tử; quản lý, phát triển nhà và công sở; đất đai; đê điều; báo chí; xuất bản; sản xuất, xuất khẩu, nhập khẩu, kinh doanh hàng hóa; sản xuất, buôn bán hàng cấm, hàng giả; quản lý lao động ngoài nước thì thời hiệu xử phạt vi phạm hành chính là 02 năm. Vi phạm hành chính là hành vi trốn thuế, gian lận thuế, nộp chậm tiền thuế, khai thiếu nghĩa vụ thuế thì thời hiệu xử phạt vi phạm hành chính theo quy định của pháp luật về thuế; b) Thời điểm để tính thời hiệu xử phạt vi phạm hành chính quy định tại điểm a khoản 1 Điều này được quy định như sau: Đối với vi phạm hành chính đã kết thúc thì thời hiệu được tính từ thời điểm chấm dứt hành vi vi phạm. Đối với vi phạm hành chính đang được thực hiện thì thời hiệu được tính từ thời điểm phát hiện hành vi vi phạm; c) Trường hợp xử phạt vi phạm hành chính đối với cá nhân do cơ quan tiến hành tố tụng chuyển đến thì thời hiệu được áp dụng theo quy định tại điểm a và điểm b khoản này. Thời gian cơ quan tiến hành tố tụng thụ lý, xem xét được tính vào thời hiệu xử phạt vi phạm hành chính. d) Trong thời hạn được quy định tại điểm a và điểm b khoản này mà cá nhân,

Luật Xử Lý Vi Phạm Hành Chính (15/2012/QH13) > Chương I. CÁC HÌNH THỨC XỬ PHẠT > Điều 94. Đối tượng áp dụng biện pháp đưa vào cơ sở giáo dục bắt buộc > Khoản 1:
1. Đối tượng bị áp dụng biện pháp đưa vào cơ sở giáo dục bắt buộc là người thực hiện hành vi xâm phạm tài sản của tổ chức trong nước hoặc nước ngoài; tài sản, sức khoẻ, danh dự, nhân phẩm của công dân, của người nước ngoài; vi phạm trật tự, an toàn xã hội 02 lần trở lên trong 06 tháng nhưng chưa đến mức truy cứu trách nhiệm hình sự, đã bị áp dụng biện pháp giáo dục tại xã, phường, thị trấn hoặc chưa bị áp dụng biện pháp này nhưng không có nơi cư trú ổn định.","Ngữ cảnh được cung cấp không đề cập đến thời hiệu xử phạt vi phạm hành chính đối với đối tượng bị áp dụng biện pháp đưa vào cơ sở giáo dục bắt buộc. Ngữ cảnh chỉ nêu rõ đối tượng áp dụng biện pháp này [C1], [C2], [C3] và thời hạn áp dụng biện pháp này là từ 06 tháng đến 24 tháng [C4].",159.87769299999854,1060.570699499749,"[""chunk:luat-15-2012-qh13:dieu-luat-15-2012-qh13-6:article:7903"", ""chunk:luat-15-2012-qh13:khoan-luat-15-2012-qh13-94-1:clause:8607""]","[""chunk:luat-15-2012-qh13:khoan-luat-15-2012-qh13-94-1:clause:8607"", ""chunk:luat-15-2012-qh13:dieu-luat-15-2012-qh13-94:article:8606"", ""chunk:90-vbhn-vpqh-699548:dieu-90-vbhn-vpqh-699548-94:article:1672"", ""chunk:luat-15-2012-qh13:dieu-luat-15-2012-qh13-93:article:8603""]",,0.2833333333333333
q0092,lightrag,multi_hop_abstract,Đối tượng nào được điều chỉnh thu nhập tháng đã đóng bảo hiểm xã hội theo Khoản 2 Điều 4 Nghị định số 134/2015/NĐ-CP?,1.0,0.5,1.0,0.9606679016805795,0.6388888888675925,1.0,0.4,"Thông Tư Quy Định Mức Điều Chỉnh Tiền Lương Và Thu Nhập Tháng Đã Đóng Bảo Hiểm Xã Hội (35/2018/TT-BLĐTBXH) > Điều 3. Điều chỉnh thu nhập tháng đã đóng bảo hiểm xã hội:
Điều 3. Điều chỉnh thu nhập tháng đã đóng bảo hiểm xã hội
1. Thu nhập tháng đã đóng bảo hiểm xã hội đối với đối tượng quy định tại Khoản 2 Điều 1 Thông tư này được điều chỉnh theo công thức sau:
Thu nhập tháng đóng bảo hiểm xã hội tự nguyện sau điều chỉnh của từng năm | = | Tổng thu nhập tháng đóng bảo hiểm xã hội của từng năm | x | Mức điều chỉnh thu nhập tháng đã đóng bảo hiểm xã hội của năm tương ứng
Trong đó, mức điều chỉnh thu nhập tháng đã đóng bảo hiểm xã hội của năm tương ứng được thực hiện theo Bảng 2 dưới đây:
Bảng 2:
Năm | 2008 | 2009 | 2010 | 2011 | 2012 | 2013
Mức điều chỉnh | 1,86 | 1,74 | 1,59 | 1,34 | 1,23 | 1,15
Năm | 2014 | 2015 | 2016 | 2017 | 2018 | 2019
Mức điều chỉnh | 1,11 | 1,10 | 1,07 | 1,04 | 1,00 | 1,00
2. Đối với người lao động vừa có thời gian đóng bảo hiểm xã hội bắt buộc vừa có thời gian đóng bảo hiểm xã hội tự nguyện thì thu nhập tháng đã đóng bảo hiểm xã hội tự nguyện được điều chỉnh theo quy định tại Khoản 1 Điều này, tiền lương tháng đã đóng bảo hiểm xã hội bắt buộc được điều chỉnh theo quy định tại Điều 10 Nghị định số 115/2015/NĐ-CP và Điều 2 Thông tư này. Mức bình quân tiền lương và thu nhập tháng đã đóng bảo hiểm xã hội làm căn cứ tính hưởng lương hưu, trợ cấp một lần khi nghỉ hưu, bảo hiểm xã hội một lần và trợ cấp tuất một lần được tính theo quy định tại Khoản 4 Điều 11 Nghị định số 115/2015/NĐ-CP và Khoản 4 Điều 5 Nghị định số 134/2015/NĐ-CP.

Thông Tư Quy Định Mức Điều Chỉnh Tiền Lương Và Thu Nhập Tháng Đã Đóng Bảo Hiểm Xã Hội (35/2018/TT-BLĐTBXH) > Điều 1. Đối tượng áp dụng > Khoản 2:
2. Đối tượng điều chỉnh thu nhập tháng đã đóng bảo hiểm xã hội theo quy định tại Khoản 2 Điều 4 Nghị định số 134/2015/NĐ-CP là người tham gia bảo hiểm xã hội tự nguyện hưởng lương hưu, trợ cấp một lần khi nghỉ hưu, bảo hiểm xã hội một lần hoặc bị chết mà thân nhân được hưởng trợ cấp tuất một lần trong thời gian từ ngày 01 tháng 01 năm 2019 đến ngày 31 tháng 12 năm 2019.","Đối tượng được điều chỉnh thu nhập tháng đã đóng bảo hiểm xã hội theo Khoản 2 Điều 4 Nghị định số 134/2015/NĐ-CP là người tham gia bảo hiểm xã hội tự nguyện hưởng lương hưu, trợ cấp một lần khi nghỉ hưu, bảo hiểm xã hội một lần hoặc bị chết mà thân nhân được hưởng trợ cấp tuất một lần trong thời gian từ ngày 01 tháng 01 năm 2019 đến ngày 31 tháng 12 năm 2019 [C2].",177.49325300019336,1060.570699499749,"[""chunk:thong-tu-35-2018-tt-blddtbxh:dieu-thong-tu-35-2018-tt-blddtbxh-3:article:31416"", ""chunk:thong-tu-35-2018-tt-blddtbxh:khoan-thong-tu-35-2018-tt-blddtbxh-1-2:clause:31411""]","[""chunk:thong-tu-35-2018-tt-blddtbxh:dieu-thong-tu-35-2018-tt-blddtbxh-2:article:31412"", ""chunk:thong-tu-35-2018-tt-blddtbxh:khoan-thong-tu-35-2018-tt-blddtbxh-1-2:clause:31411"", ""chunk:thong-tu-35-2018-tt-blddtbxh:dieu-thong-tu-35-2018-tt-blddtbxh-3:article:31416"", ""chunk:thong-tu-35-2018-tt-blddtbxh:khoan-thong-tu-35-2018-tt-blddtbxh-3-2:clause:31419""]",,0.7999113581096344
q0093,lightrag,multi_hop_abstract,"Khi nào thì người giải quyết tố cáo kịp thời quyết định áp dụng biện pháp bảo vệ theo thẩm quyền hoặc đề nghị, yêu cầu cơ quan có thẩm quyền áp dụng biện pháp bảo vệ cần thiết?",1.0,0.5,,0.9433379817995564,0.9166666666361111,1.0,0.62,"Luật Tố Cáo (25/2018/QH14) > Chương VI. BẢO VỆ NGƯỜI TỐ CÁO > Mục 2. TRÌNH TỰ, THỦ TỤC BẢO VỆ > Điều 51. Xem xét, quyết định bảo vệ người tố cáo:
Điều 51. Xem xét, quyết định bảo vệ người tố cáo
1. Khi nhận được đề nghị áp dụng biện pháp bảo vệ và xét thấy đề nghị bảo vệ là có căn cứ, có tính xác thực hoặc trong quá trình giải quyết tố cáo, người giải quyết tố cáo thấy có căn cứ quy định tại khoản 3 Điều 47 của Luật này thì người giải quyết tố cáo kịp thời quyết định áp dụng biện pháp bảo vệ theo thẩm quyền hoặc đề nghị, yêu cầu cơ quan có thẩm quyền áp dụng biện pháp bảo vệ cần thiết.
2. Khi nhận được yêu cầu hoặc đề nghị của người giải quyết tố cáo, cơ quan có thẩm quyền xem xét, quyết định việc áp dụng biện pháp bảo vệ.
3. Trường hợp đề nghị của người tố cáo không có căn cứ hoặc xét thấy không cần thiết áp dụng biện pháp bảo vệ, cơ quan có thẩm quyền áp dụng biện pháp bảo vệ phải thông báo bằng văn bản và nêu rõ lý do cho người tố cáo hoặc gửi thông báo cho người giải quyết tố cáo để giải thích rõ lý do cho người tố cáo.

Luật Tố Cáo (25/2018/QH14) > Chương VI. BẢO VỆ NGƯỜI TỐ CÁO > Mục 1. QUY ĐỊNH CHUNG > Điều 47. Người được bảo vệ, phạm vi bảo vệ > Khoản 3:
3. Khi có căn cứ về việc vị trí công tác, việc làm, tính mạng, sức khỏe, tài sản, danh dự, nhân phẩm của người quy định tại khoản 1 Điều này đang bị xâm hại hoặc có nguy cơ bị xâm hại ngay tức khắc hay họ bị trù dập, phân biệt đối xử do việc tố cáo, người giải quyết tố cáo, cơ quan khác có thẩm quyền tự quyết định hoặc theo đề nghị của người tố cáo quyết định việc áp dụng biện pháp bảo vệ cần thiết.","Người giải quyết tố cáo kịp thời quyết định áp dụng biện pháp bảo vệ theo thẩm quyền hoặc đề nghị, yêu cầu cơ quan có thẩm quyền áp dụng biện pháp bảo vệ cần thiết khi:
* Nhận được đề nghị áp dụng biện pháp bảo vệ và xét thấy đề nghị bảo vệ là có căn cứ, có tính xác thực [C1].
* Trong quá trình giải quyết tố cáo, người giải quyết tố cáo thấy có căn cứ về việc vị trí công tác, việc làm, tính mạng, sức khỏe, tài sản, danh dự, nhân phẩm của người tố cáo đang bị xâm hại hoặc có nguy cơ bị xâm hại ngay tức khắc hay họ bị trù dập, phân biệt đối xử do việc tố cáo [C1], [C4].",179.29521299993212,47769.060259499835,"[""chunk:luat-25-2018-qh14:dieu-luat-25-2018-qh14-51:article:10069"", ""chunk:luat-25-2018-qh14:khoan-luat-25-2018-qh14-47-3:clause:10042""]","[""chunk:luat-25-2018-qh14:khoan-luat-25-2018-qh14-51-1:clause:10070"", ""chunk:luat-25-2018-qh14:dieu-luat-25-2018-qh14-51:article:10069"", ""chunk:luat-25-2018-qh14:diem-luat-25-2018-qh14-53-2-a:point:10090"", ""chunk:luat-25-2018-qh14:khoan-luat-25-2018-qh14-47-3:clause:10042""]","RuntimeError: Judge không trả được JSON hợp lệ: 1 validation error for NLIStatementOutput
statements
  Field required [type=missing, input_value={'statement': 'Người g...định."", 'verdict': 0}, input_type=dict]
    For further information visit https://errors.pydantic.dev/2.12/v/missing",0.8700011621089169
q0094,lightrag,multi_hop_abstract,"Việc xác định thời gian công tác liên tục, thời gian công tác thực tế để tính hưởng bảo hiểm xã hội của người lao động có thời gian công tác gián đoạn hoặc đã nghỉ việc trước ngày 01 tháng 01 năm 1995 được thực hiện theo các văn bản quy định trước đây về tính thời gian công tác trước ngày 01 tháng 01 năm 1995 để hưởng bảo hiểm xã hội, trừ các quy định tại Điều 2 của Nghị định số 158/2025/NĐ-CP?",0.0,0.0,1.0,0.9800251820445806,0.3333333333,1.0,0.56,"NGHỊ ĐỊNH Quy định chi tiết và hướng dẫn thi hành một số điều của Luật Bảo hiểm xã hội về bảo hiểm xã hội bắt buộc (158/2025/NĐ-CP) > Chương VI. QUY ĐỊNH CHUYỂN TIẾP > Điều 34. Tính thời gian công tác trước ngày 01 tháng 01 năm 1995 để hưởng bảo hiểm xã hội > Khoản 1 > Điểm b:
b) Người lao động có thời gian công tác gián đoạn hoặc đã nghỉ việc trước ngày 01 tháng 01 năm 1995 thì việc xác định thời gian công tác liên tục, thời gian công tác thực tế để tính hưởng bảo hiểm xã hội được thực hiện theo các văn bản quy định trước đây về tính thời gian công tác trước ngày 01 tháng 01 năm 1995 để hưởng bảo hiểm xã hội, trừ quy định tại Điều 3 của Nghị định số 66/CP ngày 30 tháng 9 năm 1993 của Chính phủ quy định tạm thời chế độ bảo hiểm xã hội đối với lực lượng vũ trang; Điều 3 của Nghị định số 43/CP ngày 22 tháng 6 năm 1993 của Chính phủ quy định tạm thời chế độ bảo hiểm xã hội; Điều 54 của Điều lệ bảo hiểm xã hội ban hành kèm theo Nghị định số 12/CP ngày 26 tháng 01 năm 1995 của Chính phủ; Điều 49 Điều lệ Bảo hiểm xã hội đối với sỹ quan, quân nhân chuyên nghiệp, hạ sỹ quan, binh sỹ Quân đội nhân dân và Công an nhân dân ban hành kèm theo Nghị định số 45/CP ngày 15 tháng 7 năm 1995 của Chính phủ; khoản4Điều 139 của Luật Bảo hiểm xã hội năm 2006; khoản 6 Điều 123 của Luật Bảo hiểm xã hội năm 2014; Điều 23 của Nghị định số 115/2015/NĐ-CP ngày 11 tháng 11 năm 2015 của Chính phủ quy định chi tiết một số điều của Luật Bảo hiểm xã hội về bảo hiểm xã hội bắt buộc; các khoản 7, 8 và 9 Điều 38 của Nghị định số 33/2023/NĐ-CP ngày 10 tháng 6 năm 2023 của Chính phủ quy định về cán bộ, công chức cấp xã và người hoạt động không chuyên trách ở cấp xã, ở thôn, tổ dân phố; khoản 2 và khoản 3 Điều 16 của Nghị định số 92/2009/NĐ-CP ngày 22 tháng 10 năm 2009 của Chính phủ về chức danh, số lượng, một số chế độ, chính sách đối với cán bộ, công chức ở xã, phường, thị trấn và những người

NGHỊ ĐỊNH Quy định chi tiết và hướng dẫn thi hành một số điều của Luật Bảo hiểm xã hội về bảo hiểm xã hội bắt buộc (158/2025/NĐ-CP) > Chương I. NHỮNG QUY ĐỊNH CHUNG > Điều 2. Đối tượng áp dụng:
Điều 2. Đối tượng áp dụng
1. Người lao động quy định tại các điểm a, b, c, g, h, i, k, l, m và n khoản 1 và khoản 2 Điều 2 của Luật Bảo hiểm xã hội.
2. Người thụ hưởng chế độ bảo hiểm xã hội theo quy định của Luật Bảo hiểm xã hội.
3. Người sử dụng lao động quy định tại khoản 3 Điều 2 của Luật Bảo hiểm xã hội.
4. Cơ quan, tổ chức, cá nhân khác có liên quan đến bảo hiểm xã hội bắt buộc.","Việc xác định thời gian công tác liên tục, thời gian công tác thực tế để tính hưởng bảo hiểm xã hội của người lao động có thời gian công tác gián đoạn hoặc đã nghỉ việc trước ngày 01 tháng 01 năm 1995 được thực hiện theo các văn bản quy định trước đây về tính thời gian công tác trước ngày 01 tháng 01 năm 1995 để hưởng bảo hiểm xã hội, trừ các quy định sau:
* Điều 3 của Nghị định số 66/CP ngày 30 tháng 9 năm 1993 của Chính phủ quy định tạm thời chế độ bảo hiểm xã hội đối với lực lượng vũ trang. [C2], [C3]
* Điều 3 của Nghị định số 43/CP ngày 22 tháng 6 năm 1993 của Chính phủ quy định tạm thời chế độ bảo hiểm xã hội. [C2], [C3]
* Điều 54 của Điều lệ bảo hiểm xã hội ban hành kèm theo Nghị định số 12/CP ngày 26 tháng 01 năm 1995 của Chính phủ. [C2], [C3]
* Điều 49 Điều lệ Bảo hiểm xã hội đối với sỹ quan, quân nhân chuyên nghiệp, hạ sỹ quan, binh sỹ Quân đội nhân dân và Công an nhân dân ban hành kèm theo Nghị định số 45/CP ngày 15 tháng 7 năm 1995 của Chính phủ. [C2], [C3]
* Khoản 4 Điều 139 của Luật Bảo hiểm xã hội. [C3]

Ngữ cảnh không đề cập đến việc trừ các quy định tại Điều 2 của Nghị định số 158/2025/NĐ-CP.",185.16569200028243,47769.060259499835,"[""chunk:nghi-ddinh-158-2025-ndd-cp:diem-nghi-ddinh-158-2025-ndd-cp-34-1-b:point:25919"", ""chunk:nghi-ddinh-158-2025-ndd-cp:dieu-nghi-ddinh-158-2025-ndd-cp-2:article:25617""]","[""chunk:nghi-ddinh-158-2025-ndd-cp:dieu-nghi-ddinh-158-2025-ndd-cp-3:article:25622"", ""chunk:nghi-ddinh-158-2025-ndd-cp:dieu-nghi-ddinh-158-2025-ndd-cp-34:article:25908"", ""chunk:nghi-ddinh-158-2025-ndd-cp:khoan-nghi-ddinh-158-2025-ndd-cp-34-1:clause:25915"", ""chunk:nghi-ddinh-158-2025-ndd-cp:dieu-nghi-ddinh-158-2025-ndd-cp-34:sliding:25913""]",,0.7746717030689162
q0095,lightrag,multi_hop_abstract,Hồ sơ đề nghị hưởng trợ cấp mai táng đối với trường hợp chỉ hưởng trợ cấp mai táng theo quy định tại Điều 112 Luật Bảo hiểm xã hội 2024 bao gồm những giấy tờ gì?,1.0,0.5,1.0,0.9999999999999996,0.9166666666361111,1.0,0.57,"LUẬT Bảo hiểm xã hội (41/2024/QH15) > Chương VI. BẢO HIỂM XÃ HỘI TỰ NGUYỆN > Mục 3. CHẾ ĐỘ TỬ TUẤT > Điều 112. Hồ sơ đề nghị và giải quyết hưởng chế độ tử tuất:
Điều 112. Hồ sơ đề nghị và giải quyết hưởng chế độ tử tuất
1. Hồ sơ đề nghị hưởng chế độ tử tuất được quy định như sau:
a) Hồ sơ đề nghị hưởng chế độ tử tuất đối với thân nhân của người đang tham gia bảo hiểm xã hội hoặc đang bảo lưu thời gian đóng bảo hiểm xã hội được thực hiện theo quy định tại các điểm a, b và c khoản 1 Điều 90 của Luật này;
b) Hồ sơ đề nghị hưởng chế độ tử tuất đối với thân nhân của người đang hưởng hoặc đang tạm dừng hưởng lương hưu thực hiện theo quy định tại điểm a và điểm b khoản 2 Điều 90 của Luật này;
c) Hồ sơ đối với trường hợp chỉ hưởng trợ cấp mai táng thực hiện theo quy định tại khoản 3 Điều 90 của Luật này.
2. Việc giải quyết hưởng chế độ tử tuất thực hiện như sau:
a) Trong thời hạn 90 ngày kể từ ngày người đang bảo lưu thời gian đóng bảo hiểm xã hội, người tham gia bảo hiểm xã hội tự nguyện, người đang hưởng lương hưu hoặc đang tạm dừng hưởng lương hưu chết thì thân nhân nộp hồ sơ cho cơ quan bảo hiểm xã hội;
b) Trong thời hạn 10 ngày làm việc kể từ ngày nhận đủ hồ sơ theo quy định, cơ quan bảo hiểm xã hội có trách nhiệm giải quyết; trường hợp không giải quyết thì phải trả lời bằng văn bản và nêu rõ lý do.

LUẬT Bảo hiểm xã hội (41/2024/QH15) > Chương V. BẢO HIỂM XÃ HỘI BẮT BUỘC > Mục 4. CHẾ ĐỘ TỬ TUẤT > Điều 90. Hồ sơ đề nghị hưởng chế độ tử tuất > Khoản 3:
3. Hồ sơ đề nghị hưởng trợ cấp mai táng đối với trường hợp chỉ hưởng trợ cấp mai táng bao gồm:
a) Sổ bảo hiểm xã hội, trừ trường hợp người đang hưởng lương hưu, trợ cấp hằng tháng;
b) Bản sao giấy chứng tử hoặc trích lục khai tử hoặc bản sao giấy báo tử hoặc bản sao quyết định của Tòa án tuyên bố là đã chết;
c) Tờ khai của tổ chức, cá nhân lo mai táng.","Hồ sơ đề nghị hưởng trợ cấp mai táng đối với trường hợp chỉ hưởng trợ cấp mai táng theo quy định tại Điều 112 Luật Bảo hiểm xã hội 2024 bao gồm các giấy tờ sau:
* Sổ bảo hiểm xã hội, trừ trường hợp người đang hưởng lương hưu, trợ cấp hằng tháng [C1a].
* Bản sao giấy chứng tử hoặc trích lục khai tử hoặc bản sao giấy báo tử hoặc bản sao quyết định của Tòa án tuyên bố là đã chết [C1b].
* Tờ khai của tổ chức, cá nhân lo mai táng [C1c].

Quy định này được dẫn chiếu từ khoản 3 Điều 90 của Luật Bảo hiểm xã hội 2024 [C2], [C3c].",220.86507699987123,1321.9231574998958,"[""chunk:luat-41-2024-qh15:dieu-luat-41-2024-qh15-112:article:11391"", ""chunk:luat-41-2024-qh15:khoan-luat-41-2024-qh15-90-3:clause:11275""]","[""chunk:luat-41-2024-qh15:khoan-luat-41-2024-qh15-90-3:clause:11275"", ""chunk:luat-41-2024-qh15:diem-luat-41-2024-qh15-112-1-c:point:11395"", ""chunk:luat-41-2024-qh15:khoan-luat-41-2024-qh15-112-1:clause:11392"", ""chunk:luat-41-2024-qh15:dieu-luat-41-2024-qh15-112:article:11391""]",,0.8973333333272221
q0096,lightrag,multi_hop_abstract,"Việc bảo vệ dữ liệu cá nhân đối với các thông tin sức khỏe và trong hoạt động kinh doanh bảo hiểm có cần sự đồng ý của chủ thể dữ liệu cá nhân trong quá trình thu thập, xử lý dữ liệu cá nhân không?",1.0,0.5,1.0,0.9429362076622414,0.5833333333041666,1.0,0.89,"Luật Bảo Vệ Dữ Liệu Cá Nhân (91/2025/QH15) > Chương II. BẢO VỆ DỮ LIỆU CÁ NHÂN > Mục 2. BẢO VỆ DỮ LIỆU CÁ NHÂN TRONG MỘT SỐ HOẠT ĐỘNG > Điều 26. Bảo vệ dữ liệu cá nhân đối với thông tin sức khỏe và trong hoạt động kinh doanh bảo hiểm > Khoản 1:
1. Việc bảo vệ dữ liệu cá nhân đối với các thông tin sức khỏe và trong hoạt động kinh doanh bảo hiểm được quy định như sau:
a) Phải có sự đồng ý của chủ thể dữ liệu cá nhân trong quá trình thu thập, xử lý dữ liệu cá nhân, trừ trường hợp quy định tại khoản 1 Điều 19 của Luật này;
b) Áp dụng đầy đủ quy định về bảo vệ dữ liệu cá nhân, quy định khác của pháp luật có liên quan.

Luật Bảo Vệ Dữ Liệu Cá Nhân (91/2025/QH15) > Chương II. BẢO VỆ DỮ LIỆU CÁ NHÂN > Mục 1. BẢO VỆ DỮ LIỆU CÁ NHÂN > Điều 19. Xử lý dữ liệu cá nhân trong trường hợp không cần sự đồng ý của chủ thể dữ liệu cá nhân > Khoản 1:
1. Các trường hợp xử lý dữ liệu cá nhân không cần sự đồng ý của chủ thể dữ liệu cá nhân bao gồm:
a) Để bảo vệ tính mạng, sức khỏe, danh dự, nhân phẩm, quyền, lợi ích hợp pháp của chủ thể dữ liệu cá nhân hoặc người khác trong trường hợp cấp bách; bảo vệ quyền hoặc lợi ích chính đáng của mình, của người khác hoặc lợi ích của Nhà nước, của cơ quan tổ chức một cách cần thiết trước hành vi xâm phạm lợi ích nói trên. Bên kiểm soát dữ liệu cá nhân, bên xử lý dữ liệu cá nhân, bên kiểm soát và xử lý dữ liệu cá nhân, bên thứ ba có trách nhiệm chứng minh trường hợp này;
b) Để giải quyết tình trạng khẩn cấp; nguy cơ đe dọa an ninh quốc gia nhưng chưa đến mức ban bố tình trạng khẩn cấp; phòng, chống bạo loạn, khủng bố, phòng, chống tội phạm và vi phạm pháp luật;
c) Phục vụ hoạt động của cơ quan nhà nước, hoạt động quản lý nhà nước theo quy định của pháp luật;
d) Thực hiện thỏa thuận của chủ thể dữ liệu cá nhân với cơ quan, tổ chức, cá nhân có liên quan theo quy định của pháp luật;
đ) Trường hợp khác theo quy định của pháp luật.","Có, việc bảo vệ dữ liệu cá nhân đối với các thông tin sức khỏe và trong hoạt động kinh doanh bảo hiểm cần sự đồng ý của chủ thể dữ liệu cá nhân trong quá trình thu thập, xử lý dữ liệu cá nhân [C2], [C3].

Tuy nhiên, có một số trường hợp ngoại lệ không cần sự đồng ý này, đó là các trường hợp được quy định tại khoản 1 Điều 19 của Luật Bảo vệ dữ liệu cá nhân [C2], [C3]. Các trường hợp này bao gồm:
* Để bảo vệ tính mạng, sức khỏe, danh dự, nhân phẩm, quyền, lợi ích hợp pháp của chủ thể dữ liệu cá nhân hoặc người khác trong trường hợp cấp bách; bảo vệ quyền hoặc lợi ích chính đáng của mình, của người khác hoặc lợi ích của Nhà nước, của cơ quan tổ chức một cách cần thiết trước hành vi xâm phạm lợi ích nói trên [C1a].
* Để giải quyết tình trạng khẩn cấp; nguy cơ đe dọa an ninh quốc gia nhưng chưa đến mức ban bố tình trạng khẩn cấp; phòng, chống bạo loạn, khủng bố, phòng, chống tội phạm và vi phạm pháp luật [C1b].
* Phục vụ hoạt động của cơ quan nhà nước, hoạt động quản lý nhà nước theo quy định của pháp luật [C1c].
* Thực hiện thỏa thuận của chủ thể dữ liệu cá nhân với cơ quan, tổ chức, cá nhân có liên quan theo quy định của pháp luật [C1d].
* Trường hợp khác theo quy định của pháp luật [C1đ].",163.07335900000908,1321.9231574998958,"[""chunk:luat-91-2025-qh15:khoan-luat-91-2025-qh15-26-1:clause:18712"", ""chunk:luat-91-2025-qh15:khoan-luat-91-2025-qh15-19-1:clause:18638""]","[""chunk:luat-91-2025-qh15:khoan-luat-91-2025-qh15-19-1:clause:18638"", ""chunk:luat-91-2025-qh15:dieu-luat-91-2025-qh15-26:article:18711"", ""chunk:luat-91-2025-qh15:khoan-luat-91-2025-qh15-26-1:clause:18712"", ""chunk:luat-91-2025-qh15:khoan-luat-91-2025-qh15-26-2:clause:18715""]",,0.8832539081932815
q0097,lightrag,multi_hop_abstract,"Người lao động là công dân nước ngoài làm việc tại Việt Nam được hưởng bảo hiểm xã hội một lần khi chấm dứt hợp đồng lao động hoặc giấy phép lao động, chứng chỉ hành nghề, giấy phép hành nghề hết hiệu lực mà không được gia hạn?",1.0,0.5,0.875,0.9364681770553767,0.9999999999,1.0,0.57,"Nghị Định Quy Định Chi Tiết Luật Bảo Hiểm Xã Hội Và Luật An Toàn, Vệ Sinh Lao Động Về Bảo Hiểm Xã Hội Bắt Buộc Đối Với Người Lao Động Là Công Dân Nước Ngoài Làm Việc Tại Việt Nam (143/2018/NĐ-CP) > Chương II. CÁC CHẾ ĐỘ BẢO HIỂM XÃ HỘI BẮT BUỘC > Điều 9. Chế độ hưu trí > Khoản 6:
6. Các trường hợp hưởng bảo hiểm xã hội một lần
Người lao động quy định tại khoản 1 Điều 2 của Nghị định này mà có yêu cầu thì được hưởng bảo hiểm xã hội một lần nếu thuộc một trong các trường hợp sau đây:
a) Đủ tuổi hưởng lương hưu theo quy định tại khoản 1 Điều này mà chưa đủ 20 năm đóng bảo hiểm xã hội;
b) Người đang bị mắc một trong những bệnh nguy hiểm đến tính mạng như ung thư, bại liệt, xơ gan cổ chướng, phong, lao nặng, nhiễm HIV đã chuyển sang giai đoạn AIDS và những bệnh khác theo quy định của Bộ Y tế;
c) Người lao động đủ điều kiện hưởng lương hưu theo quy định tại khoản 1 Điều này nhưng không tiếp tục cư trú tại Việt Nam;
d) Người lao động khi chấm dứt hợp đồng lao động hoặc giấy phép lao động, chứng chỉ hành nghề, giấy phép hành nghề hết hiệu lực mà không được gia hạn.

Nghị Định Quy Định Chi Tiết Luật Bảo Hiểm Xã Hội Và Luật An Toàn, Vệ Sinh Lao Động Về Bảo Hiểm Xã Hội Bắt Buộc Đối Với Người Lao Động Là Công Dân Nước Ngoài Làm Việc Tại Việt Nam (143/2018/NĐ-CP) > Chương I. QUY ĐỊNH CHUNG > Điều 2. Đối tượng áp dụng > Khoản 1:
1. Người lao động là công dân nước ngoài làm việc tại Việt Nam thuộc đối tượng tham gia bảo hiểm xã hội bắt buộc khi có giấy phép lao động hoặc chứng chỉ hành nghề hoặc giấy phép hành nghề do cơ quan có thẩm quyền của Việt Nam cấp và có hợp đồng lao động không xác định thời hạn, hợp đồng lao động xác định thời hạn từ đủ 01 năm trở lên với người sử dụng lao động tại Việt Nam.","Có. Người lao động là công dân nước ngoài làm việc tại Việt Nam được hưởng bảo hiểm xã hội một lần khi chấm dứt hợp đồng lao động hoặc giấy phép lao động, chứng chỉ hành nghề, giấy phép hành nghề hết hiệu lực mà không được gia hạn, nếu có yêu cầu [C1].

Cụ thể, người lao động là công dân nước ngoài thuộc đối tượng tham gia bảo hiểm xã hội bắt buộc khi có giấy phép lao động hoặc chứng chỉ hành nghề hoặc giấy phép hành nghề do cơ quan có thẩm quyền của Việt Nam cấp và có hợp đồng lao động không xác định thời hạn, hợp đồng lao động xác định thời hạn từ đủ 01 năm trở lên với người sử dụng lao động tại Việt Nam [C4].

Trong thời hạn 10 ngày tính đến thời điểm chấm dứt hợp đồng lao động hoặc thời điểm giấy phép lao động, chứng chỉ hành nghề, giấy phép hành nghề hết hiệu lực (tùy thuộc điều kiện nào đến trước) mà người lao động không tiếp tục làm việc theo hợp đồng lao động hoặc không được gia hạn giấy phép, người lao động có yêu cầu hưởng bảo hiểm xã hội một lần nộp hồ sơ theo quy định cho cơ quan bảo hiểm xã hội [C2].",182.46364900005574,20159.132453999973,"[""chunk:nghi-ddinh-143-2018-ndd-cp:khoan-nghi-ddinh-143-2018-ndd-cp-9-6:clause:24102"", ""chunk:nghi-ddinh-143-2018-ndd-cp:khoan-nghi-ddinh-143-2018-ndd-cp-2-1:clause:24041""]","[""chunk:nghi-ddinh-143-2018-ndd-cp:khoan-nghi-ddinh-143-2018-ndd-cp-9-6:clause:24102"", ""chunk:nghi-ddinh-143-2018-ndd-cp:khoan-nghi-ddinh-143-2018-ndd-cp-15-3:clause:24143"", ""chunk:nghi-ddinh-158-2025-ndd-cp:dieu-nghi-ddinh-158-2025-ndd-cp-18:article:25764"", ""chunk:nghi-ddinh-143-2018-ndd-cp:khoan-nghi-ddinh-143-2018-ndd-cp-2-1:clause:24041""]",,0.8762936353910753
q0098,lightrag,multi_hop_abstract,Chủ tịch Ủy ban nhân dân cấp xã có quyền phạt tiền tối đa bao nhiêu đối với lĩnh vực hôn nhân và gia đình?,1.0,0.5,0.6875,0.0,0.49999999995,1.0,0.31,"Luật Xử Lý Vi Phạm Hành Chính (15/2012/QH13) > Chương II. THẨM QUYỀN XỬ PHẠT VI PHẠM HÀNH CHÍNH > Điều 38. Thẩm quyền của Chủ tịch Ủy ban nhân dân > Khoản 1:
1. Chủ tịch Uỷ ban nhân dân cấp xã có quyền:
a) Phạt cảnh cáo;
b) Phạt tiền đến 10% mức tiền phạt tối đa đối với lĩnh vực tương ứng quy định tại Điều 24 của Luật này nhưng không quá 5.000.000 đồng;
c) Tịch thu tang vật, phương tiện vi phạm hành chính có giá trị không vượt quá mức xử phạt tiền được quy định tại điểm b khoản này;
d) Áp dụng biện pháp khắc phục hậu quả quy định tại các điểm a, b, c và đ khoản 1 Điều 28 của Luật này.

Luật Xử Lý Vi Phạm Hành Chính (15/2012/QH13) > Chương I. CÁC HÌNH THỨC XỬ PHẠT > Mục 1. CÁC HÌNH THỨC XỬ PHẠT > Điều 24. Mức phạt tiền tối đa trong các lĩnh vực:
Điều 24. Mức phạt tiền tối đa trong các lĩnh vực 1. Mức phạt tiền tối đa trong các lĩnh vực quản lý nhà nước đối với cá nhân được quy định như sau: a) Phạt tiền đến 30.000.000 đồng: hôn nhân và gia đình; bình đẳng giới; bạo lực gia đình; lưu trữ; tôn giáo; thi đua khen thưởng; hành chính tư pháp; dân số; vệ sinh môi trường; thống kê; b) Phạt tiền đến 40.000.000 đồng: an ninh trật tự, an toàn xã hội; phòng, chống tệ nạn xã hội; thi hành án dân sự; phá sản doanh nghiệp, hợp tác xã; giao thông đường bộ; giao dịch điện tử; bưu chính; c) Phạt tiền đến 50.000.000 đồng: phòng cháy, chữa cháy; cơ yếu; quản lý và bảo vệ biên giới quốc gia; bổ trợ tư pháp; y tế dự phòng; phòng, chống HIV/AIDS; giáo dục; văn hóa; thể thao; du lịch; quản lý khoa học, công nghệ; chuyển giao công nghệ; bảo vệ, chăm sóc trẻ em; bảo trợ, cứu trợ xã hội; phòng chống thiên tai; bảo vệ và kiểm dịch thực vật; quản lý và bảo tồn nguồn gen; sản xuất, kinh doanh giống vật nuôi, cây trồng; thú y; kế toán; kiểm toán độc lập; phí, lệ phí; quản lý tài sản công; hóa đơn; dự trữ quốc gia; điện lực; hóa chất; khí tượng thủy văn; đo đạc bản đồ; đăng ký kinh doanh; d) Phạt tiền đến 75.000.000 đồng: quốc phòng, an ninh quốc gia; lao động; dạy nghề; giao thông đường sắt; giao thông đường thủy nội địa; bảo hiểm y tế; bảo hiểm xã hội; đ) Phạt tiền đến 100.000.000 đồng: quản lý công trình thuỷ lợi; đê điều; khám bệnh, chữa bệnh; mỹ phẩm; dược, trang thiết bị y tế; sản xuất, kinh doanh thức ăn chăn nuôi, phân bón; quảng cáo; đặt cược và trò chơi có thưởng; quản lý lao động ngoài nước; giao thông hàng hải; giao thông hàng không dân dụng; quản lý và bảo vệ công trình giao thông; công nghệ thông tin; viễn thông; tần số vô tuyến điện; báo chí; xuất bản;","Chủ tịch Ủy ban nhân dân cấp xã có quyền phạt tiền tối đa 5.000.000 đồng đối với lĩnh vực hôn nhân và gia đình. [C2], [C3]

Giải thích:
*   Mức phạt tiền tối đa trong lĩnh vực hôn nhân và gia đình đối với cá nhân là 30.000.000 đồng. [C1]
*   Chủ tịch Ủy ban nhân dân cấp xã có quyền phạt tiền đến 10% mức tiền phạt tối đa đối với lĩnh vực tương ứng nhưng không quá 5.000.000 đồng. [C2], [C3]
*   10% của 30.000.000 đồng là 3.000.000 đồng.
*   Vì 3.000.000 đồng không vượt quá 5.000.000 đồng, nên mức phạt tối đa mà Chủ tịch Ủy ban nhân dân cấp xã có thể áp dụng là 3.000.000 đồng. Tuy nhiên, câu hỏi hỏi về ""quyền phạt tiền tối đa bao nhiêu"", và quy định là ""không quá 5.000.000 đồng"", nên mức tối đa mà Chủ tịch Ủy ban nhân dân cấp xã có thể phạt là 5.000.000 đồng, miễn là không vượt quá 10% mức phạt tối đa của lĩnh vực đó. Trong trường hợp này, 10% của 30.000.000 đồng là 3.000.000 đồng, nên mức phạt tối đa là 3.000.000 đồng.

Tuy nhiên, nếu hiểu câu hỏi là ""mức phạt tiền tối đa mà Chủ tịch Ủy ban nhân dân cấp xã có thể áp dụng trong bất kỳ trường hợp nào, miễn là không vượt quá 10% của lĩnh vực đó và không quá 5.000.000 đồng"", thì câu trả lời là 5.000.000 đồng.

Dựa trên cách diễn đạt của [C2] và [C3]: ""Phạt tiền đến 10% mức tiền phạt tối đa đối với lĩnh vực tương ứng quy định tại Điều 24 của Luật này nhưng không quá 5.000.000 đồng"", thì mức phạt tối đa mà Chủ tịch Ủy ban nhân dân cấp xã có thể áp dụng là 5.000.000 đồng.",159.29249800001344,20159.132453999973,"[""chunk:luat-15-2012-qh13:khoan-luat-15-2012-qh13-38-1:clause:8085"", ""chunk:luat-15-2012-qh13:dieu-luat-15-2012-qh13-24:article:8030""]","[""chunk:luat-15-2012-qh13:dieu-luat-15-2012-qh13-24:article:8030"", ""chunk:luat-15-2012-qh13:khoan-luat-15-2012-qh13-38-1:clause:8085"", ""chunk:luat-15-2012-qh13:dieu-luat-15-2012-qh13-38:article:8084"", ""chunk:nghi-ddinh-283-2026-ndd-cp:dieu-nghi-ddinh-283-2026-ndd-cp-55:article:27842""]",,0.49949999999
q0099,lightrag,multi_hop_abstract,"Cán bộ, công chức không được làm những việc nào liên quan đến đạo đức công vụ ngoài những việc không được làm quy định tại Luật phòng, chống tham nhũng và Luật thực hành tiết kiệm, chống lãng phí?",1.0,0.5,,0.9621437775052516,0.0,1.0,0.75,"Luật Cán Bộ, Công Chức Của Quốc Hội Khóa Xii, Kỳ Họp Thứ Tư (22/2008/QH12) > Chương II. NGHĨA VỤ, QUYỀN CỦA CÁN BỘ, CÔNG CHỨC > Mục 4. NHỮNG VIỆC CÁN BỘ, CÔNG CHỨC KHÔNG ĐƯỢC LÀM > Điều 20. Những việc khác cán bộ, công chức không được làm:
Điều 20. Những việc khác cán bộ, công chức không được làm
Ngoài những việc không được làm quy định tại Điều 18 và Điều 19 của Luật này, cán bộ, công chức còn không được làm những việc liên quan đến sản xuất, kinh doanh, công tác nhân sự quy định tại Luật phòng, chống tham nhũng, Luật thực hành tiết kiệm, chống lãng phí và những việc khác theo quy định của pháp luật và của cơ quan có thẩm quyền.

Luật Cán Bộ, Công Chức Của Quốc Hội Khóa Xii, Kỳ Họp Thứ Tư (22/2008/QH12) > Chương II. NGHĨA VỤ, QUYỀN CỦA CÁN BỘ, CÔNG CHỨC > Mục 4. NHỮNG VIỆC CÁN BỘ, CÔNG CHỨC KHÔNG ĐƯỢC LÀM > Điều 18. Những việc cán bộ, công chức không được làm liên quan đến đạo đức công vụ:
Điều 18. Những việc cán bộ, công chức không được làm liên quan đến đạo đức công vụ
1. Trốn tránh trách nhiệm, thoái thác nhiệm vụ được giao; gây bè phái, mất đoàn kết; tự ý bỏ việc hoặc tham gia đình công.
2. Sử dụng tài sản của Nhà nước và của nhân dân trái pháp luật.
3. Lợi dụng, lạm dụng nhiệm vụ, quyền hạn; sử dụng thông tin liên quan đến công vụ để vụ lợi.
4. Phân biệt đối xử dân tộc, nam nữ, thành phần xã hội, tín ngưỡng, tôn giáo dưới mọi hình thức.","Cán bộ, công chức không được làm những việc liên quan đến đạo đức công vụ ngoài những việc không được làm quy định tại Luật phòng, chống tham nhũng và Luật thực hành tiết kiệm, chống lãng phí bao gồm:

*   Trốn tránh trách nhiệm, thoái thác nhiệm vụ được giao; gây bè phái, mất đoàn kết; tự ý bỏ việc hoặc tham gia đình công [C1].
*   Sử dụng tài sản của Nhà nước và của nhân dân trái pháp luật [C1].
*   Lợi dụng, lạm dụng nhiệm vụ, quyền hạn; sử dụng thông tin liên quan đến công vụ để vụ lợi [C1].
*   Phân biệt đối xử dân tộc, nam nữ, thành phần xã hội, tín ngưỡng, tôn giáo dưới mọi hình thức [C1].

Hoặc theo quy định mới hơn:

*   Trốn tránh, thoái thác, né tránh, đùn đẩy trong việc thực hiện chức trách, nhiệm vụ được giao; gây bè phái, mất đoàn kết; tự ý nghỉ việc, bỏ việc; tham gia đình công; đăng tải, phát tán, phát ngôn thông tin sai lệch làm ảnh hưởng đến hình ảnh, uy tín của đất nước, địa phương, cơ quan, tổ chức, đơn vị nơi công tác [C4].
*   Có hành vi tham ô, tham nhũng, tiêu cực, lãng phí, trục lợi, nhũng nhiễu và các hành vi khác vi phạm pháp luật đối với người dân, doanh nghiệp, cơ quan, tổ chức, cá nhân khác có liên quan trong quá trình thực hiện nhiệm vụ [C4].
*   Sử dụng tài sản công của Nhà nước và tài sản của Nhân dân trái pháp luật [C4].
*   Lợi dụng, lạm dụng nhiệm vụ, quyền hạn, sử dụng thông tin liên quan đến công vụ để trục lợi [C4].
*   Có hành vi phân biệt đối xử dân tộc, giới tính, độ tuổi, khuyết tật, tôn giáo, tín ngưỡng, thành phần xã hội dưới mọi hình thức trong thi hành công vụ [C4].",169.35763099991163,1294.5874335000553,"[""chunk:luat-22-2008-qh12:dieu-luat-22-2008-qh12-20:article:8986"", ""chunk:luat-22-2008-qh12:dieu-luat-22-2008-qh12-18:article:8977""]","[""chunk:luat-22-2008-qh12:dieu-luat-22-2008-qh12-18:article:8977"", ""chunk:luat-22-2008-qh12:dieu-luat-22-2008-qh12-20:article:8986"", ""chunk:luat-80-2025-qh15:khoan-luat-80-2025-qh15-14-6:clause:17407"", ""chunk:luat-80-2025-qh15:dieu-luat-80-2025-qh15-14:article:17401""]","RuntimeError: Judge không trả được JSON hợp lệ: 1 validation error for NLIStatementOutput
statements
  Field required [type=missing, input_value={'statement': 'Cán bộ,...c giao.', 'verdict': 1}, input_type=dict]
    For further information visit https://errors.pydantic.dev/2.12/v/missing",0.6780359443763129
q0100,lightrag,multi_hop_abstract,Người sử dụng lao động có phải xác định nhu cầu sử dụng người lao động nước ngoài không nếu người lao động nước ngoài đó là người quản lý doanh nghiệp theo quy định tại khoản 24 Điều 4 Luật Doanh nghiệp?,0.5,0.25,0.5,0.9930880530591297,0.0,1.0,0.14,"NGHỊ ĐỊNH Quy định về người lao động nước ngoài làm việc tại Việt Nam và tuyển dụng, quản lý người lao động Việt Nam làm việc cho tổ chức, cá nhân nước ngoài tại Việt Nam (152/2020/NĐ-CP) > Chương I. NHỮNG QUY ĐỊNH CHUNG > Điều 3. Giải thích từ ngữ:
Điều 3. Giải thích từ ngữ 1. Người lao động nước ngoài di chuyển trong nội bộ doanh nghiệp là nhà quản lý, giám đốc điều hành, chuyên gia và lao động kỹ thuật của một doanh nghiệp nước ngoài đã thành lập hiện diện thương mại trên lãnh thổ Việt Nam, di chuyển tạm thời trong nội bộ doanh nghiệp sang hiện diện thương mại trên lãnh thổ Việt Nam và đã được doanh nghiệp nước ngoài tuyển dụng trước đó ít nhất 12 tháng liên tục. 2. Tình nguyện viên là người lao động nước ngoài làm việc tại Việt Nam theo hình thức tự nguyện và không hưởng lương để thực hiện điều ước quốc tế mà nước Cộng hòa xã hội chủ nghĩa Việt Nam là thành viên và có xác nhận của cơ quan đại diện ngoại giao nước ngoài hoặc tổ chức quốc tế tại Việt Nam. 3. Chuyên gia là người lao động nước ngoài thuộc một trong các trường hợp sau đây: a) Có bằng đại học trở lên hoặc tương đương và có ít nhất 3 năm kinh nghiệm làm việc trong chuyên ngành được đào tạo phù hợp với vị trí công việc mà người lao động nước ngoài dự kiến làm việc tại Việt Nam; b) Có ít nhất 5 năm kinh nghiệm và có chứng chỉ hành nghề phù hợp với vị trí công việc mà người lao động nước ngoài dự kiến làm việc tại Việt Nam; c) Trường hợp đặc biệt do Thủ tướng Chính phủ quyết định theo đề nghị của Bộ Lao động - Thương binh và Xã hội. 4. Nhà quản lý là người quản lý doanh nghiệp theo quy định tại khoản 24 Điều 4 Luật Doanh nghiệp hoặc là người đứng đầu, cấp phó của người đứng đầu của cơ quan, tổ chức. 5. Giám đốc điều hành là người đứng đầu và trực tiếp điều hành đơn vị trực thuộc cơ quan, tổ chức, doanh nghiệp. 6. Lao động kỹ thuật là người lao động nước ngoài thuộc một trong các trường hợp sau đây: a) Được đào tạo chuyên

NGHỊ ĐỊNH Quy định về người lao động nước ngoài làm việc tại Việt Nam và tuyển dụng, quản lý người lao động Việt Nam làm việc cho tổ chức, cá nhân nước ngoài tại Việt Nam (152/2020/NĐ-CP) > Chương II. CHẤP THUẬN NHU CẦU SỬ DỤNG NGƯỜI LAO ĐỘNG NƯỚC NGOÀI; NGƯỜI LAO ĐỘNG NƯỚC NGOÀI KHÔNG THUỘC DIỆN CẤP GIẤY PHÉP LAO ĐỘNG; CẤP, CẤP LẠI, GIA HẠN VÀ THU HỒI GIẤY PHÉP LAO ĐỘNG > Mục 1. CHẤP THUẬN NHU CẦU SỬ DỤNG NGƯỜI LAO ĐỘNG NƯỚC NGOÀI > Điều 4. Sử dụng người lao động nước ngoài:
Điều 4. Sử dụng người lao động nước ngoài 1. Xác định nhu cầu sử dụng người lao động nước ngoài a) Trước ít nhất 30 ngày kể từ ngày dự kiến sử dụng người lao động nước ngoài, người sử dụng lao động (trừ nhà thầu) có trách nhiệm xác định nhu cầu sử dụng người lao động nước ngoài đối với từng vị trí công việc mà người lao động Việt Nam chưa đáp ứng được và báo cáo giải trình với Bộ Lao động - Thương binh và Xã hội hoặc Ủy ban nhân dân tỉnh, thành phố trực thuộc trung ương (sau đây viết tắt là Ủy ban nhân dân cấp tỉnh) nơi người lao động nước ngoài dự kiến làm việc theo Mẫu số 01/PLI Phụ lục I ban hành kèm theo Nghị định này. Trong quá trình thực hiện nếu thay đổi nhu cầu sử dụng người lao động nước ngoài thì người sử dụng lao động phải báo cáo Bộ Lao động - Thương binh và Xã hội hoặc Ủy ban nhân dân cấp tỉnh theo mẫu số 02/PLI Phụ lục I ban hành kèm theo Nghị định này trước ít nhất 30 ngày kể từ ngày dự kiến sử dụng người lao động nước ngoài. b) Trường hợp người lao động nước ngoài quy định tại các khoản 3, 4 và 5 Điều 154 của Bộ luật Lao động và các khoản 1, 2, 8, 9, 10, 11, 12 và 13 Điều 7 Nghị định này thì người sử dụng lao động không phải thực hiện xác định nhu cầu sử dụng người lao động nước ngoài. 2. Bộ Lao động - Thương binh và Xã hội hoặc Ủy ban nhân dân cấp tỉnh có văn bản chấp thuận hoặc không chấp thuận về việc sử dụng người lao động nước ngoài đối với từng vị trí công việc theo Mẫu số 03/PLI Phụ lục I ban hành kèm theo Nghị định này trong thời hạn 10 ngày làm việc kể từ ngày nhận được báo cáo giải trình hoặc báo cáo giải trình thay đổi nhu cầu sử dụng người lao","Người sử dụng lao động **không phải** xác định nhu cầu sử dụng người lao động nước ngoài nếu người lao động nước ngoài đó là người quản lý doanh nghiệp theo quy định tại khoản 24 Điều 4 Luật Doanh nghiệp. [C1b]

Lý do là:
*   Người quản lý doanh nghiệp theo quy định tại khoản 24 Điều 4 Luật Doanh nghiệp được định nghĩa là ""Nhà quản lý"" trong Nghị định 152/2020/NĐ-CP. [C4]
*   Nghị định 152/2020/NĐ-CP quy định rằng người sử dụng lao động không phải thực hiện xác định nhu cầu sử dụng người lao động nước ngoài đối với các trường hợp quy định tại khoản 1, 2, 8, 9, 10, 11, 12 và 13 Điều 7 Nghị định này. [C1b], [C2b]
*   Mặc dù ngữ cảnh không cung cấp đầy đủ nội dung Điều 7, nhưng việc ""Nhà quản lý"" được liệt kê trong các trường hợp không phải xác định nhu cầu sử dụng người lao động nước ngoài là một quy định chung.",192.82924200024354,1294.5874335000553,"[""chunk:nghi-ddinh-152-2020-ndd-cp:dieu-nghi-ddinh-152-2020-ndd-cp-3:article:25275"", ""chunk:nghi-ddinh-152-2020-ndd-cp:dieu-nghi-ddinh-152-2020-ndd-cp-4:article:25293""]","[""chunk:nghi-ddinh-152-2020-ndd-cp:khoan-nghi-ddinh-152-2020-ndd-cp-4-1:clause:25304"", ""chunk:nghi-ddinh-152-2020-ndd-cp:dieu-nghi-ddinh-152-2020-ndd-cp-4:article:25293"", ""chunk:nghi-ddinh-152-2020-ndd-cp:khoan-nghi-ddinh-152-2020-ndd-cp-4-3:sliding:25587"", ""chunk:nghi-ddinh-152-2020-ndd-cp:khoan-nghi-ddinh-152-2020-ndd-cp-3-4:clause:25283""]",,0.526617610611826
q0001,graphrag,single_hop_specific,"Người khiếu nại có quyền yêu cầu cá nhân, cơ quan, tổ chức có liên quan đang lưu giữ, quản lý thông tin, tài liệu liên quan tới nội dung khiếu nại cung cấp nội dung thông tin, tài liệu đó cho mình trong thời hạn bao lâu?",0.0,0.0,1.0,0.9708385682650901,0.4166666666458333,1.0,0.35,"Nghị Định Quy Định Về Giải Quyết Khiếu Nại, Tố Cáo Trong Lĩnh Vực Lao Động, Giáo Dục Nghề Nghiệp, Hoạt Động Đưa Người Lao Động Việt Nam Đi Làm Việc Ở Nước Ngoài Theo Hợp Đồng, Việc Làm, An Toàn, Vệ Sinh Lao Động (24/2018/NĐ-CP) > Chương II. KHIẾU NẠI VÀ GIẢI QUYẾT KHIẾU NẠI > Mục 2. QUYỀN, NGHĨA VỤ CỦA NGƯỜI KHIẾU NẠI, NGƯỜI BỊ KHIẾU NẠI, NGƯỜI GIẢI QUYẾT KHIẾU NẠI, LUẬT SƯ, TRỢ GIÚP VIÊN PHÁP LÝ VÀ NGƯỜI THAM GIA TRỢ GIÚP PHÁP LÝ > Điều 10. Quyền, nghĩa vụ của người khiếu nại > Khoản 1:
1. Người khiếu nại có quyền sau đây:
a) Tự mình khiếu nại hoặc ủy quyền cho người khác khiếu nại;
b) Tham gia đối thoại hoặc ủy quyền cho người đại diện hợp pháp tham gia đối thoại;
c) Được biết, đọc, sao chụp, sao chép tài liệu, chứng cứ do người giải quyết khiếu nại thu thập để giải quyết khiếu nại; trừ thông tin, tài liệu thuộc bí mật nhà nước hoặc bí mật của người bị khiếu nại theo quy định của pháp luật;
d) Yêu cầu cá nhân, cơ quan, tổ chức có liên quan đang lưu giữ, quản lý thông tin, tài liệu liên quan tới nội dung khiếu nại cung cấp nội dung thông tin, tài liệu đó cho mình trong thời hạn 05 ngày làm việc, kể từ ngày có yêu cầu và giao cho người giải quyết khiếu nại để giải quyết khiếu nại; trừ thông tin, tài liệu thuộc bí mật nhà nước hoặc bí mật của người bị khiếu nại theo quy định của pháp luật;
đ) Yêu cầu người giải quyết khiếu nại áp dụng biện pháp khẩn cấp để ngăn chặn hậu quả có thể xảy ra do việc thi hành quyết định, hành vi bị khiếu nại;
e) Đưa ra chứng cứ về việc khiếu nại và giải trình ý kiến của mình về chứng cứ đó;
g) Được khôi phục quyền, lợi ích hợp pháp đã bị xâm hại do việc thi hành quyết định, hành vi bị khiếu nại;
h) Được bồi thường thiệt hại theo quy định của pháp luật;
i) Rút khiếu nại theo quy định tại Điều 8 Nghị định này;
k) Khiếu nại lần hai;
l) Khởi kiện vụ án tại Tòa án theo quy định tại khoản 2 Điều này.","Người khiếu nại có quyền yêu cầu cá nhân, cơ quan, tổ chức có liên quan đang lưu giữ, quản lý thông tin, tài liệu liên quan tới nội dung khiếu nại cung cấp nội dung thông tin, tài liệu đó cho mình trong thời hạn:
* **07 ngày**, kể từ ngày có yêu cầu để giao nộp cho người giải quyết khiếu nại, trừ thông tin, tài liệu thuộc bí mật nhà nước. [C1]
* Trong lĩnh vực lao động, giáo dục nghề nghiệp, hoạt động đưa người lao động Việt Nam đi làm việc ở nước ngoài theo hợp đồng, việc làm, an toàn, vệ sinh lao động, thời hạn này là **05 ngày làm việc**, kể từ ngày có yêu cầu và giao cho người giải quyết khiếu nại để giải quyết khiếu nại; trừ thông tin, tài liệu thuộc bí mật nhà nước hoặc bí mật của người bị khiếu nại theo quy định của pháp luật. [C3]",153.53027499986638,741.5614445003484,"[""chunk:nghi-ddinh-24-2018-ndd-cp:khoan-nghi-ddinh-24-2018-ndd-cp-10-1:clause:26259""]","[""chunk:luat-02-2011-qh13:diem-luat-02-2011-qh13-12-1-dd:point:5993"", ""chunk:luat-02-2011-qh13:diem-luat-02-2011-qh13-13-1-c:point:6010"", ""chunk:nghi-ddinh-24-2018-ndd-cp:diem-nghi-ddinh-24-2018-ndd-cp-10-1-d:point:26263"", ""chunk:nghi-ddinh-24-2018-ndd-cp:diem-nghi-ddinh-24-2018-ndd-cp-11-1-c:point:26283""]",,0.7475010469821848
q0002,graphrag,single_hop_specific,Giáo dục mẫu giáo phải tạo điều kiện cho trẻ em được làm gì?,1.0,0.25,1.0,0.9653125887451922,0.9999999999666667,1.0,0.27,"Luật Giáo Dục (43/2019/QH14) > Chương II. HỆ THỐNG GIÁO DỤC QUỐC DÂN > Mục 1. CÁC CẤP HỌC VÀ TRÌNH ĐỘ ĐÀO TẠO > Điều 24. Yêu cầu về nội dung, phương pháp giáo dục mầm non:
Điều 24. Yêu cầu về nội dung, phương pháp giáo dục mầm non
1. Nội dung giáo dục mầm non phải bảo đảm phù hợp với sự phát triển tâm sinh lý của trẻ em; hài hòa giữa bảo vệ, chăm sóc, nuôi dưỡng với giáo dục trẻ em; phát triển toàn diện về thể chất, tình cảm, kỹ năng xã hội, trí tuệ, thẩm mỹ; tôn trọng sự khác biệt; phù hợp với các độ tuổi và liên thông với giáo dục tiểu học.
2. Phương pháp giáo dục mầm non được quy định như sau:
a) Giáo dục nhà trẻ phải tạo điều kiện thuận lợi cho trẻ em được tích cực hoạt động, vui chơi, tạo sự gắn bó giữa người lớn với trẻ em; kích thích sự phát triển các giác quan, cảm xúc và các chức năng tâm sinh lý;
b) Giáo dục mẫu giáo phải tạo điều kiện cho trẻ em được vui chơi, trải nghiệm, tìm tòi, khám phá môi trường xung quanh bằng nhiều hình thức, đáp ứng nhu cầu, hứng thú của trẻ em.","Giáo dục mẫu giáo phải tạo điều kiện cho trẻ em được vui chơi, trải nghiệm, tìm tòi, khám phá môi trường xung quanh bằng nhiều hình thức, đáp ứng nhu cầu, hứng thú của trẻ em [C1], [C2], [C3].",90.78035199991064,741.5614445003484,"[""chunk:luat-43-2019-qh14:dieu-luat-43-2019-qh14-24:article:11711""]","[""chunk:luat-43-2019-qh14:khoan-luat-43-2019-qh14-24-2:clause:11713"", ""chunk:luat-43-2019-qh14:diem-luat-43-2019-qh14-24-2-b:point:11715"", ""chunk:luat-43-2019-qh14:dieu-luat-43-2019-qh14-24:article:11711"", ""chunk:luat-43-2019-qh14:diem-luat-43-2019-qh14-24-2-a:point:11714""]",,0.8470625177423716
q0003,graphrag,single_hop_specific,Thông tin đăng ký lao động theo Nghị định 318/2025/NĐ-CP gồm những nhóm thông tin nào?,1.0,0.25,1.0,0.9970119320528535,0.9999999999,1.0,0.96,"NGHỊ ĐỊNH Quy định chi tiết một số điều của Luật Việc làm về đăng ký lao động và hệ thống thông tin thị trường lao động (318/2025/NĐ-CP) > Chương II. ĐĂNG KÝ LAO ĐỘNG > Mục 1. HỒ SƠ, TRÌNH TỰ, THỦ TỤC ĐĂNG KÝ, ĐIỀU CHỈNH > Điều 4. Thông tin đăng ký lao động:
Điều 4. Thông tin đăng ký lao động
1. Thông tin cơ bản của người lao động, gồm: Họ, chữ đệm và tên khai sinh; số định danh cá nhân; ngày, tháng, năm sinh; giới tính; dân tộc; nơi ở hiện tại (nơi thường trú hoặc nơi tạm trú).
2. Nhóm thông tin về giáo dục phổ thông, giáo dục nghề nghiệp, giáo dục đại học, chứng chỉ kỹ năng nghề và các chứng chỉ khác, gồm:
a) Thông tin về trình độ giáo dục phổ thông cao nhất đạt được;
b) Thông tin về cấp trình độ, lĩnh vực đào tạo đạt được của giáo dục nghề nghiệp; giáo dục đại học;
c) Thông tin về chứng chỉ kỹ năng nghề quốc gia đã đạt được;
d) Các chứng chỉ khác.
3. Nhóm thông tin về tình trạng việc làm và nhu cầu về việc làm, gồm:
a) Thông tin về việc làm đang làm, gồm: chức vụ, chức danh nghề, nghề nghiệp, loại hợp đồng, địa điểm làm việc;
b) Thông tin về người sử dụng lao động, gồm: tên người sử dụng lao động; mã số; loại hình; địa chỉ trụ sở chính; ngành kinh tế;
c) Thông tin về tình trạng thất nghiệp, gồm: thời gian thất nghiệp; lý do thất nghiệp;
d) Thông tin về nhu cầu việc làm là những thông tin về việc làm mong muốn có được, gồm: nghề nghiệp, loại hợp đồng, mức lương và chế độ phúc lợi, nơi làm việc.
4. Nhóm thông tin về bảo hiểm xã hội, bảo hiểm thất nghiệp, gồm:
a) Thông tin về tình trạng tham gia đóng bảo hiểm xã hội, bảo hiểm thất nghiệp, gồm: mã số bảo hiểm xã hội, loại hình, loại bảo hiểm xã hội.
b) Thông tin về tình trạng hưởng chế độ bảo hiểm xã hội, bảo hiểm thất nghiệp, gồm: chế độ, thời gian hưởng chế độ.
5. Nhóm thông tin về đặc điểm, đặc thù, gồm:
a) Thông tin về người khuyết tật;
b) Thông tin về người thuộc hộ nghèo, hộ cận nghèo, hộ có đất thu hồi;
c) Thông tin về thân nhân của người có công với cách mạng;
d) Thông tin về người hoàn thành nghĩa vụ quân sự, nghĩa vụ tham gia công an nhân dân.","Theo Nghị định 318/2025/NĐ-CP, thông tin đăng ký lao động gồm các nhóm thông tin sau [C1]:
1.  **Thông tin cơ bản của người lao động**: Bao gồm họ, chữ đệm và tên khai sinh; số định danh cá nhân; ngày, tháng, năm sinh; giới tính; dân tộc; nơi ở hiện tại (nơi thường trú hoặc nơi tạm trú) [C1], [C4].
2.  **Nhóm thông tin về giáo dục phổ thông, giáo dục nghề nghiệp, giáo dục đại học, chứng chỉ kỹ năng nghề và các chứng chỉ khác**: Gồm thông tin về trình độ giáo dục phổ thông cao nhất đạt được; cấp trình độ, lĩnh vực đào tạo đạt được của giáo dục nghề nghiệp, giáo dục đại học; chứng chỉ kỹ năng nghề quốc gia đã đạt được và các chứng chỉ khác [C1].
3.  **Nhóm thông tin về tình trạng việc làm và nhu cầu về việc làm**: Gồm thông tin về việc làm đang làm (chức vụ, chức danh nghề, nghề nghiệp, loại hợp đồng, địa điểm làm việc); thông tin về người sử dụng lao động (tên, mã số, loại hình, địa chỉ trụ sở chính, ngành kinh tế); thông tin về tình trạng thất nghiệp (thời gian, lý do thất nghiệp); và thông tin về nhu cầu việc làm mong muốn (nghề nghiệp, loại hợp đồng, mức lương và chế độ phúc lợi, nơi làm việc) [C1].
4.  **Nhóm thông tin về bảo hiểm xã hội, bảo hiểm thất nghiệp**: Gồm thông tin về tình trạng tham gia đóng bảo hiểm xã hội, bảo hiểm thất nghiệp (mã số bảo hiểm xã hội, loại hình, loại bảo hiểm xã hội) và thông tin về tình trạng hưởng chế độ bảo hiểm xã hội, bảo hiểm thất nghiệp (chế độ, thời gian hưởng chế độ) [C1], [C3].
5.  **Nhóm thông tin về đặc điểm, đặc thù**: Gồm thông tin về người khuyết tật; người thuộc hộ nghèo, hộ cận nghèo, hộ có đất thu hồi; thân nhân của người có công với cách mạng; và người hoàn thành nghĩa vụ quân sự, nghĩa vụ tham gia công an nhân dân [C1].",110.48279699980412,1622.1259305002604,"[""chunk:nghi-ddinh-318-2025-ndd-cp:dieu-nghi-ddinh-318-2025-ndd-cp-4:article:28172""]","[""chunk:nghi-ddinh-318-2025-ndd-cp:dieu-nghi-ddinh-318-2025-ndd-cp-4:article:28172"", ""chunk:nghi-ddinh-318-2025-ndd-cp:dieu-nghi-ddinh-318-2025-ndd-cp-8:article:28225"", ""chunk:nghi-ddinh-318-2025-ndd-cp:khoan-nghi-ddinh-318-2025-ndd-cp-4-4:clause:28184"", ""chunk:nghi-ddinh-318-2025-ndd-cp:khoan-nghi-ddinh-318-2025-ndd-cp-4-1:clause:28173""]",,0.9914023863905708
q0004,graphrag,single_hop_specific,Phương án đưa người lao động Việt Nam đi làm việc ở nước ngoài bao gồm những nội dung gì?,1.0,0.25,1.0,1.0000000000000002,0.9999999999666667,1.0,0.5,"Luật Người Lao Động Việt Nam Đi Làm Việc Ở Nước Ngoài Theo Hợp Đồng (69/2020/QH14) > Chương II. DOANH NGHIỆP, ĐƠN VỊ SỰ NGHIỆP, TỔ CHỨC, CÁ NHÂN VIỆT NAM ĐƯA NGƯỜI LAO ĐỘNG VIỆT NAM ĐI LÀM VIỆC Ở NƯỚC NGOÀI > Mục 2. DOANH NGHIỆP VIỆT NAM TRÚNG THẦU, NHẬN THẦU CÔNG TRÌNH, DỰ ÁN Ở NƯỚC NGOÀI ĐƯA NGƯỜI LAO ĐỘNG VIỆT NAM ĐI LÀM VIỆC Ở NƯỚC NGOÀI > Điều 31. Báo cáo đưa người lao động Việt Nam đi làm việc ở nước ngoài của doanh nghiệp trúng thầu, nhận thầu công trình, dự án ở nước ngoài > Khoản 2:
2. Nội dung phương án đưa người lao động Việt Nam đi làm việc ở nước ngoài bao gồm:
a) Việc quản lý, sử dụng người lao động ở nước ngoài, trong đó nêu rõ số lượng người lao động đưa đi, giới tính, ngành, nghề, công việc cụ thể, thời hạn làm việc, thời giờ làm việc, thời giờ nghỉ ngơi, làm thêm giờ, tiền lương, điều kiện làm việc, điều kiện sinh hoạt, chế độ khám bệnh, chữa bệnh; xử lý rủi ro, giải quyết quyền lợi, chế độ đối với người lao động trong trường hợp bị tai nạn lao động, bệnh nghề nghiệp và quyền lợi, chế độ khác có liên quan đến người lao động;
b) Việc đưa người lao động về nước trong trường hợp thiên tai, dịch bệnh, chiến tranh, bất ổn chính trị, suy thoái kinh tế, tình trạng khẩn cấp hoặc vì lý do bất khả kháng khác.","Phương án đưa người lao động Việt Nam đi làm việc ở nước ngoài bao gồm các nội dung sau:
1.  **Việc quản lý, sử dụng người lao động ở nước ngoài**: Trong đó phải nêu rõ số lượng người lao động được đưa đi, giới tính, ngành, nghề, công việc cụ thể, thời hạn làm việc, thời giờ làm việc, thời giờ nghỉ ngơi, làm thêm giờ, tiền lương, điều kiện làm việc, điều kiện sinh hoạt, chế độ khám bệnh, chữa bệnh. Đồng thời, phương án cũng phải đề cập đến việc xử lý rủi ro, giải quyết quyền lợi, chế độ đối với người lao động trong trường hợp bị tai nạn lao động, bệnh nghề nghiệp và các chế độ khác có liên quan đến người lao động [C1], [C2].
2.  **Việc đưa người lao động về nước**: Trong các trường hợp như thiên tai, dịch bệnh, chiến tranh, bất ổn chính trị, suy thoái kinh tế, tình trạng khẩn cấp hoặc vì lý do bất khả kháng khác [C1], [C2].",138.39255100037917,1622.1259305002604,"[""chunk:luat-69-2020-qh14:khoan-luat-69-2020-qh14-31-2:clause:16007""]","[""chunk:luat-69-2020-qh14:khoan-luat-69-2020-qh14-34-2:clause:16030"", ""chunk:luat-69-2020-qh14:khoan-luat-69-2020-qh14-31-2:clause:16007"", ""chunk:luat-69-2020-qh14:dieu-luat-69-2020-qh14-31:article:16005"", ""chunk:luat-69-2020-qh14:khoan-luat-69-2020-qh14-35-4:clause:16040""]",,0.8999999999933334
q0005,graphrag,single_hop_specific,"Trong thời hạn 01 năm kể từ ngày Luật Trợ Giúp Pháp Lý có hiệu lực thi hành, Ủy ban nhân dân cấp tỉnh có trách nhiệm gì đối với các Chi nhánh của Trung tâm trợ giúp pháp lý nhà nước đã được thành lập tại địa phương?",1.0,0.25,1.0,0.9648091176755166,0.4166666666458333,1.0,0.67,"Luật Trợ Giúp Pháp Lý (11/2017/QH14) > Chương VIII. ĐIỀU KHOẢN THI HÀNH > Điều 48. Quy định chuyển tiếp > Khoản 4:
4. Trong thời hạn 01 năm kể từ ngày Luật này có hiệu lực thi hành, Ủy ban nhân dân cấp tỉnh rà soát các Chi nhánh của Trung tâm trợ giúp pháp lý nhà nước đã được thành lập tại địa phương và căn cứ vào nhu cầu trợ giúp pháp lý, nguồn lực thực hiện trợ giúp pháp lý và hiệu quả hoạt động báo cáo Bộ Tư pháp để thống nhất việc duy trì, sáp nhập hoặc giải thể Chi nhánh của Trung tâm trợ giúp pháp lý nhà nước.
Luật này được Quốc hội nước Cộng hòa xã hội chủ nghĩa Việt Nam khóa XIV, kỳ họp thứ 3 thông qua ngày 20 tháng 6 năm 2017.
CHỦ TỊCH QUỐC HỘI Nguyễn Thị Kim Ngân","Trong thời hạn 01 năm kể từ ngày Luật Trợ Giúp Pháp Lý có hiệu lực thi hành, Ủy ban nhân dân cấp tỉnh có trách nhiệm rà soát các Chi nhánh của Trung tâm trợ giúp pháp lý nhà nước đã được thành lập tại địa phương. Sau đó, căn cứ vào nhu cầu trợ giúp pháp lý, nguồn lực thực hiện trợ giúp pháp lý và hiệu quả hoạt động, Ủy ban nhân dân cấp tỉnh báo cáo Bộ Tư pháp để thống nhất việc duy trì, sáp nhập hoặc giải thể Chi nhánh của Trung tâm trợ giúp pháp lý nhà nước [C3], [C4].",157.2562550004477,10032.061177500054,"[""chunk:luat-11-2017-qh14:khoan-luat-11-2017-qh14-48-4:clause:6842""]","[""chunk:luat-11-2017-qh14:khoan-luat-11-2017-qh14-21-1:clause:6677"", ""chunk:luat-11-2017-qh14:dieu-luat-11-2017-qh14-21:article:6676"", ""chunk:luat-11-2017-qh14:khoan-luat-11-2017-qh14-48-4:clause:6842"", ""chunk:luat-11-2017-qh14:dieu-luat-11-2017-qh14-48:article:6838""]",,0.81029515686427
q0006,graphrag,single_hop_specific,Mặt trận Tổ quốc Việt Nam và các tổ chức thành viên có trách nhiệm gì trong việc thực hiện và bảo đảm bình đẳng giới?,1.0,0.25,1.0,0.9972513338111869,0.8333333332916666,1.0,1.0,"Luật Bình Đẳng Giới Của Quốc Hội Khóa Xi, Kỳ Họp Thứ 10 (73/2006/QH11) > Chương IV. TRÁCH NHIỆM CỦA CƠ QUAN, TỔ CHỨC, GIA ĐÌNH VÀ CÁ NHÂN TRONG VIỆC THỰC HIỆN VÀ BẢO ĐẢM BÌNH ĐẲNG GIỚI > Điều 29. Trách nhiệm của Mặt trận Tổ quốc Việt Nam và các tổ chức thành viên:
Điều 29. Trách nhiệm của Mặt trận Tổ quốc Việt Nam và các tổ chức thành viên
1. Tham gia xây dựng chính sách, pháp luật và tham gia quản lý nhà nước về bình đẳng giới theo quy định của pháp luật.
2. Bảo đảm bình đẳng giới trong tổ chức.
3. Tham gia giám sát việc thực hiện pháp luật bình đẳng giới.
4. Tuyên truyền, vận động nhân dân, hội viên, đoàn viên thực hiện bình đẳng giới.","Mặt trận Tổ quốc Việt Nam và các tổ chức thành viên có các trách nhiệm sau trong việc thực hiện và bảo đảm bình đẳng giới:
*   Tham gia xây dựng chính sách, pháp luật và tham gia quản lý nhà nước về bình đẳng giới theo quy định của pháp luật [C1].
*   Bảo đảm bình đẳng giới trong tổ chức của mình [C1], [C3].
*   Tham gia giám sát việc thực hiện pháp luật bình đẳng giới [C1], [C4].
*   Tuyên truyền, vận động nhân dân, hội viên, đoàn viên thực hiện bình đẳng giới [C1].",157.59333799996966,10032.061177500054,"[""chunk:luat-73-2006-qh11:dieu-luat-73-2006-qh11-29:article:16483""]","[""chunk:luat-73-2006-qh11:dieu-luat-73-2006-qh11-29:article:16483"", ""chunk:luat-73-2006-qh11:dieu-luat-73-2006-qh11-30:article:16488"", ""chunk:luat-73-2006-qh11:khoan-luat-73-2006-qh11-29-2:clause:16485"", ""chunk:luat-73-2006-qh11:khoan-luat-73-2006-qh11-29-3:clause:16486""]",,0.9661169334205708
q0007,graphrag,single_hop_specific,Người đang hưởng trợ cấp thất nghiệp bị chấm dứt hưởng trợ cấp thất nghiệp khi đi học tập có thời hạn từ bao nhiêu tháng trở lên?,1.0,0.25,0.3333333333333333,0.9038631566030635,0.5833333333041666,1.0,0.11,"Luật Việc Làm (38/2013/QH13) > Mục 3. CHÍNH SÁCH VIỆC LÀM CÔNG > Điều 53. Tạm dừng, tiếp tục, chấm dứt hưởng trợ cấp thất nghiệp:
Điều 53. Tạm dừng, tiếp tục, chấm dứt hưởng trợ cấp thất nghiệp
1. Người đang hưởng trợ cấp thất nghiệp bị tạm dừng hưởng trợ cấp thất nghiệp khi không thông báo về việc tìm kiếm việc làm hằng tháng theo quy định tại Điều 52 của Luật này.
2. Người lao động bị tạm dừng hưởng trợ cấp thất nghiệp nếu vẫn còn thời gian được hưởng theo quyết định thì tiếp tục hưởng trợ cấp thất nghiệp khi thực hiện thông báo về việc tìm kiếm việc làm hằng tháng theo quy định tại Điều 52 của Luật này.
3. Người đang hưởng trợ cấp thất nghiệp bị chấm dứt hưởng trợ cấp thất nghiệp trong các trường hợp sau đây:
a) Hết thời hạn hưởng trợ cấp thất nghiệp;
b) Tìm được việc làm;
c) Thực hiện nghĩa vụ quân sự, nghĩa vụ công an;
d) Hưởng lương hưu hằng tháng;
đ) Sau 02 lần từ chối nhận việc làm do trung tâm dịch vụ việc làm nơi đang hưởng trợ cấp thất nghiệp giới thiệu mà không có lý do chính đáng;
e) Không thực hiện thông báo tìm kiếm việc làm hằng tháng theo quy định tại Điều 52 của Luật này trong 03 tháng liên tục;
g) Ra nước ngoài để định cư, đi lao động ở nước ngoài theo hợp đồng;
h) Đi học tập có thời hạn từ đủ 12 tháng trở lên;
i) Bị xử phạt vi phạm hành chính về hành vi vi phạm pháp luật bảo hiểm thất nghiệp;
k) Chết;
l) Chấp hành quyết định áp dụng biện pháp đưa vào trường giáo dưỡng, cơ sở giáo dục bắt buộc, cơ sở cai nghiện bắt buộc;
m) Bị tòa án tuyên bố mất tích;
n) Bị tạm giam; chấp hành hình phạt tù.
4. Người lao động bị chấm dứt hưởng trợ cấp thất nghiệp thuộc các trường hợp quy định tại các điểm b, c, h, l, m và n khoản 3 Điều này được bảo lưu thời gian đóng bảo hiểm thất nghiệp làm căn cứ để tính thời gian hưởng trợ cấp thất nghiệp cho lần tiếp theo khi đủ điều kiện quy định tại Điều 49 của Luật này.
Thời gian bảo lưu được tính bằng tổng thời gian đóng bảo hiểm thất nghiệp trừ đi thời gian đóng đã hưởng trợ cấp thất nghiệp, theo nguyên tắc mỗi tháng đã hưởng trợ cấp thất nghiệp tương ứng 12 tháng đã đóng bảo hiểm thất nghiệp.","Người đang hưởng trợ cấp thất nghiệp bị chấm dứt hưởng trợ cấp thất nghiệp khi đi học tập có thời hạn từ đủ 12 tháng trở lên [C2], [C3].",125.02183900005548,924.3021980000776,"[""chunk:luat-38-2013-qh13:dieu-luat-38-2013-qh13-53:article:10431""]","[""chunk:luat-38-2013-qh13:dieu-luat-38-2013-qh13-52:article:10425"", ""chunk:luat-38-2013-qh13:dieu-luat-38-2013-qh13-53:article:10431"", ""chunk:luat-38-2013-qh13:khoan-luat-38-2013-qh13-53-3:clause:10434"", ""chunk:luat-38-2013-qh13:dieu-luat-38-2013-qh13-49:article:10405""]",,0.5861059646481126
q0008,graphrag,single_hop_specific,"Cơ sở sản xuất dụng cụ chỉnh hình, phương tiện, thiết bị phục hồi chức năng, trợ giúp sinh hoạt, học tập và lao động cho người khuyết tật được hưởng chính sách ưu đãi gì?",1.0,0.25,1.0,0.9943670619835838,0.5833333333041666,1.0,0.75,"Luật Người Khuyết Tật (51/2010/QH12) > Chương III. CHĂM SÓC SỨC KHỎE > Điều 26. Nghiên cứu khoa học, đào tạo chuyên gia, kỹ thuật viên, sản xuất trang thiết bị dành cho người khuyết tật:
Điều 26. Nghiên cứu khoa học, đào tạo chuyên gia, kỹ thuật viên, sản xuất trang thiết bị dành cho người khuyết tật
1. Nhà nước hỗ trợ kinh phí theo dự án cho cơ quan, tổ chức nghiên cứu khoa học về người khuyết tật, đào tạo chuyên gia, kỹ thuật viên về chỉnh hình, phục hồi chức năng.
2. Cơ sở sản xuất dụng cụ chỉnh hình, phương tiện, thiết bị phục hồi chức năng, trợ giúp sinh hoạt, học tập và lao động cho người khuyết tật được vay vốn với lãi suất ưu đãi, được miễn, giảm thuế theo quy định của pháp luật.
3. Dụng cụ chỉnh hình, phương tiện, thiết bị phục hồi chức năng, trợ giúp sinh hoạt, học tập và lao động cho người khuyết tật từ chương trình, dự án viện trợ không hoàn lại hoặc do tổ chức, cá nhân nước ngoài tặng, hỗ trợ được miễn, giảm thuế theo quy định của pháp luật về thuế.","Cơ sở sản xuất dụng cụ chỉnh hình, phương tiện, thiết bị phục hồi chức năng, trợ giúp sinh hoạt, học tập và lao động cho người khuyết tật được hưởng chính sách ưu đãi sau:
* Được vay vốn với lãi suất ưu đãi [C2], [C3].
* Được miễn, giảm thuế theo quy định của pháp luật [C2], [C3].",136.2703119998514,924.3021980000776,"[""chunk:luat-51-2010-qh12:dieu-luat-51-2010-qh12-26:article:12697""]","[""chunk:luat-84-2015-qh13:dieu-luat-84-2015-qh13-51:article:18042"", ""chunk:luat-51-2010-qh12:dieu-luat-51-2010-qh12-26:article:12697"", ""chunk:luat-51-2010-qh12:khoan-luat-51-2010-qh12-26-2:clause:12699"", ""chunk:nghi-ddinh-143-2018-ndd-cp:dieu-nghi-ddinh-143-2018-ndd-cp-8:article:24074""]",,0.86554007905755
q0009,graphrag,single_hop_specific,Người lao động nước ngoài làm việc theo hình thức chào bán dịch vụ có được bán trực tiếp dịch vụ cho công chúng không?,0.0,0.0,1.0,0.9980316562523881,0.249999999975,1.0,0.33,"NGHỊ ĐỊNH Quy định về người lao động nước ngoài làm việc tại Việt Nam và tuyển dụng, quản lý người lao động Việt Nam làm việc cho tổ chức, cá nhân nước ngoài tại Việt Nam (152/2020/NĐ-CP) > Chương I. NHỮNG QUY ĐỊNH CHUNG > Điều 3. Giải thích từ ngữ > Khoản 9:
9. Người lao động nước ngoài làm việc theo hình thức chào bán dịch vụ là người lao động nước ngoài không sống tại Việt Nam và không nhận thù lao từ bất cứ nguồn nào tại Việt Nam, tham gia vào các hoạt động liên quan đến việc đại diện cho một nhà cung cấp dịch vụ để đàm phán tiêu thụ dịch vụ của nhà cung cấp đó, với điều kiện không được bán trực tiếp dịch vụ đó cho công chúng và không trực tiếp tham gia cung cấp dịch vụ.","Không, người lao động nước ngoài làm việc theo hình thức chào bán dịch vụ không được bán trực tiếp dịch vụ đó cho công chúng [C4].",173.16030100028001,18701.415930499934,"[""chunk:nghi-ddinh-152-2020-ndd-cp:khoan-nghi-ddinh-152-2020-ndd-cp-3-9:clause:25290""]","[""chunk:nghi-ddinh-152-2020-ndd-cp:khoan-nghi-ddinh-152-2020-ndd-cp-2-1:clause:25242"", ""chunk:nghi-ddinh-152-2020-ndd-cp:khoan-nghi-ddinh-152-2020-ndd-cp-11-1:clause:25392"", ""chunk:nghi-ddinh-152-2020-ndd-cp:dieu-nghi-ddinh-152-2020-ndd-cp-11:article:25391"", ""chunk:he-thong:thuatngu-nguoi-lao-ddong-nuoc-ngoai-lam-viec-theo-hinh-thuc-chao-ban-dich-vu:semantic:31676""]",,0.7156063312454777
q0010,graphrag,single_hop_specific,"Bộ, cơ quan ngang bộ, Ủy ban nhân dân cấp tỉnh thông báo cho Ủy ban nhân dân cấp xã nơi có chương trình, dự án, hoạt động thực hiện chính sách việc làm công về những nội dung gì?",1.0,0.25,1.0,1.0,0.99999999995,1.0,0.67,"NGHỊ ĐỊNH Quy định chi tiết một số điều của Luật Việc làm về chính sách hỗ trợ tạo việc làm (338/2025/NĐ-CP) > Chương IV. CHÍNH SÁCH VIỆC LÀM CÔNG > Điều 18. Thông báo chương trình, dự án, hoạt động thực hiện chính sách việc làm công > Khoản 1:
1. Trong thời hạn 10 ngày làm việc, kể từ ngày quyết định thực hiện chính sách việc làm công, bộ, cơ quan ngang bộ, Ủy ban nhân dân cấp tỉnh thông báo cho Ủy ban nhân dân cấp xã nơi có chương trình, dự án, hoạt động thực hiện chính sách việc làm công về phạm vi, nội dung công việc cần thực hiện; chất lượng, tiến độ công việc cần đạt được và nhu cầu sử dụng lao động tham gia thực hiện chính sách việc làm công.","Bộ, cơ quan ngang bộ, Ủy ban nhân dân cấp tỉnh thông báo cho Ủy ban nhân dân cấp xã nơi có chương trình, dự án, hoạt động thực hiện chính sách việc làm công về những nội dung sau:
* Phạm vi, nội dung công việc cần thực hiện [C1].
* Chất lượng, tiến độ công việc cần đạt được [C1].
* Nhu cầu sử dụng lao động tham gia thực hiện chính sách việc làm công [C1].",180.66158000010546,18701.415930499934,"[""chunk:nghi-ddinh-338-2025-ndd-cp:khoan-nghi-ddinh-338-2025-ndd-cp-18-1:clause:28652""]","[""chunk:nghi-ddinh-338-2025-ndd-cp:khoan-nghi-ddinh-338-2025-ndd-cp-18-1:clause:28652"", ""chunk:nghi-ddinh-338-2025-ndd-cp:dieu-nghi-ddinh-338-2025-ndd-cp-18:article:28651"", ""chunk:nghi-ddinh-318-2025-ndd-cp:dieu-nghi-ddinh-318-2025-ndd-cp-24:article:28347"", ""chunk:nghi-ddinh-338-2025-ndd-cp:khoan-nghi-ddinh-338-2025-ndd-cp-35-8:clause:28807""]",,0.9339999999899999
q0011,graphrag,single_hop_specific,"Trường hợp người bị tố cáo đã chuyển công tác sang cơ quan, tổ chức khác và là người đứng đầu, cấp phó của người đứng đầu cơ quan, tổ chức đó thì ai chủ trì giải quyết?",1.0,0.25,1.0,0.9856226206139281,0.5833333333041666,1.0,0.6,"Luật Tố Cáo (25/2018/QH14) > Chương III. GIẢI QUYẾT TỐ CÁO ĐỐI VỚI HÀNH VI VI PHẠM PHÁP LUẬT TRONG VIỆC THỰC HIỆN NHIỆM VỤ, CÔNG VỤ > Mục 1. THẨM QUYỀN GIẢI QUYẾT TỐ CÁO > Điều 12. Nguyên tắc xác định thẩm quyền > Khoản 3 > Điểm b:
b) Trường hợp người bị tố cáo đã chuyển công tác sang cơ quan, tổ chức khác và giữ chức vụ cao hơn thì do người đứng đầu cơ quan, tổ chức đang quản lý người bị tố cáo chủ trì giải quyết; người đứng đầu cơ quan, tổ chức quản lý người bị tố cáo tại thời điểm có hành vi vi phạm pháp luật phối hợp giải quyết.
Trường hợp người bị tố cáo đã chuyển công tác sang cơ quan, tổ chức khác và là người đứng đầu, cấp phó của người đứng đầu cơ quan, tổ chức đó thì do người đứng đầu cơ quan, tổ chức cấp trên trực tiếp của cơ quan, tổ chức đó chủ trì giải quyết; người đứng đầu cơ quan, tổ chức đã quản lý người bị tố cáo tại thời điểm có hành vi vi phạm pháp luật phối hợp giải quyết;","Trong trường hợp người bị tố cáo đã chuyển công tác sang cơ quan, tổ chức khác và là người đứng đầu, cấp phó của người đứng đầu cơ quan, tổ chức đó, thì người đứng đầu cơ quan, tổ chức cấp trên trực tiếp của cơ quan, tổ chức đó sẽ chủ trì giải quyết. Đồng thời, người đứng đầu cơ quan, tổ chức đã quản lý người bị tố cáo tại thời điểm có hành vi vi phạm pháp luật sẽ phối hợp giải quyết. [C2], [C3]",160.6118139998216,1419.7668434999287,"[""chunk:luat-25-2018-qh14:diem-luat-25-2018-qh14-12-3-b:point:9794""]","[""chunk:luat-25-2018-qh14:dieu-luat-25-2018-qh14-12:article:9786"", ""chunk:luat-25-2018-qh14:diem-luat-25-2018-qh14-12-3-b:point:9794"", ""chunk:luat-25-2018-qh14:khoan-luat-25-2018-qh14-12-3:clause:9791"", ""chunk:luat-25-2018-qh14:dieu-luat-25-2018-qh14-20:article:9860""]",,0.8337911907836189
q0012,graphrag,single_hop_specific,"Cụm từ ""Chủ tịch Ủy ban nhân dân cấp tỉnh"" tại khoản 1 Điều 5 được thay thế bằng cụm từ nào?",1.0,0.25,1.0,0.8794661938812337,0.499999999975,1.0,0.13,"NGHỊ ĐỊNH Sửa đổi, bổ sung một số điều của Nghị định số 152/2020/NĐ-CP ngày 30 tháng 12 năm 2020 của Chính phủ quy định về người lao động nước ngoài làm việc tại Việt Nam và tuyển dụng, quản lý người lao động Việt Nam làm việc cho tổ chức, cá nhân nước ngoài tại Việt Nam (70/2023/NĐ-CP) > Điều 1. Sửa đổi, bổ sung một số điều của Nghị định số 152/2020/NĐ-CP ngày 30 tháng 12 năm 2020 của Chính phủ quy định về người lao động nước ngoài làm việc tại Việt Nam và tuyển dụng, quản lý người lao động Việt Nam làm việc cho tổ chức, cá nhân nước ngoài tại Việt Nam > Khoản 13:
13. Thay thế, bổ sung một số từ, cụm từ tại các điểm, khoản, điều, phụ lục sau đây: a) Thay thế cụm từ “Chủ tịch Ủy ban nhân dân cấp tỉnh” tại khoản 1 Điều 5 bằng cụm từ “Sở Lao động - Thương binh và Xã hội”; Thay thế cụm từ “Chủ tịch Ủy ban nhân dân cấp tỉnh chỉ đạo” bằng cụm từ “Sở Lao động - Thương binh và Xã hội đề nghị” tại khoản 2 Điều 5; b) Thay thế cụm từ “khoản 4, 6 và 8 Điều 154” bằng cụm từ “khoản 4 và khoản 6 Điều 154” và cụm từ “3 ngày” thành cụm từ “3 ngày làm việc” tại khoản 2 Điều 8; c) Thay thế cụm từ “dịch ra tiếng Việt và có chứng thực” bằng cụm từ “dịch ra tiếng Việt và công chứng hoặc chứng thực” tại điểm e khoản 3 Điều 8; d) Thay thế cụm từ “dịch ra tiếng Việt và chứng thực” bằng cụm từ “dịch ra tiếng Việt và công chứng hoặc chứng thực” tại khoản 10 Điều 9 và khoản 4 Điều 23; đ) Thay thế cụm từ “Giấy tờ quy định tại khoản 3 và 4 Điều này” bằng cụm từ “Giấy tờ quy định tại khoản 3 Điều này” tại khoản 5 Điều 13; e) Thay thế cụm từ “dịch ra tiếng Việt” bằng cụm từ “dịch ra tiếng Việt và công chứng hoặc chứng thực” tại khoản 5 Điều 13 và khoản 8 Điều 17; g) Thay thế cụm từ “Bản sao có chứng thực hộ chiếu” bằng cụm từ “Bản sao có chứng thực hộ chiếu hoặc bản sao hộ chiếu có xác nhận của người sử dụng lao động” tại điểm d khoản 3 Điều 8; khoản 7 Điều 9 và khoản 5 Điều 17; h) Thay thế cụm từ “20. Mức lương:….VNĐ” bằng cụm từ “20. Lương bình quân/tháng:…. triệu đồng” tại Mẫu số 11/PLI Phụ lục I ban hành kèm theo Nghị định số 152/2020/NĐ-CP; i) Thay thế cụm từ “Ủy ban nhân dân tỉnh/thành phố….” bằng cụm từ “Sở Lao động - Thương binh và Xã","Cụm từ ""Chủ tịch Ủy ban nhân dân cấp tỉnh"" tại khoản 1 Điều 5 được thay thế bằng cụm từ ""Sở Lao động - Thương binh và Xã hội"" [C4].",117.75424400002521,1419.7668434999287,"[""chunk:nghi-ddinh-70-2023-ndd-cp:khoan-nghi-ddinh-70-2023-ndd-cp-1-13:clause:30160""]","[""chunk:nghi-ddinh-70-2023-ndd-cp:dieu-nghi-ddinh-70-2023-ndd-cp-1:article:30114"", ""chunk:nghi-ddinh-70-2023-ndd-cp:khoan-nghi-ddinh-70-2023-ndd-cp-1-13:clause:30160"", ""chunk:90-vbhn-vpqh-699548:dieu-90-vbhn-vpqh-699548-142:article:1948"", ""chunk:nghi-ddinh-70-2023-ndd-cp:diem-nghi-ddinh-70-2023-ndd-cp-1-13-a:point:30162""]",,0.7018932387712467
q0013,graphrag,single_hop_specific,"Ủy ban nhân dân các tỉnh, thành phố trực thuộc Trung ương có trách nhiệm gì trong việc thực hiện Thông tư 26/2025/TT-BNV?",0.0,0.0,1.0,0.9970174628039336,0.3333333333,1.0,0.12,"THÔNG TƯ Ban hành Danh mục vùng có điều kiện kinh tế - xã hội đặc biệt khó khăn để làm căn cứ xác định các trường hợp có thể nghỉ hưu ở tuổi thấp hơn (26/2025/TT-BNV) > Điều 5. Tổ chức thực hiện > Khoản 1:
1. Ủy ban nhân dân các tỉnh, thành phố trực thuộc Trung ương có trách nhiệm chỉ đạo Sở Nội vụ và các cơ quan có liên quan kiểm tra, đôn đốc việc thực hiện Thông tư này. 1. Đặc khu Thổ Châu. II. Tỉnh Cao Bằng 1. Các xã: Bảo Lạc, Bảo Lâm, Bế Văn Đàn, Cô Ba, Cốc Pàng, Đàm Thủy, Đình Phong, Đoài Dương, Hạ Lang, Hà Quảng, Huy Giáp, Hưng Đạo, Khánh Xuân, Lũng Nặm, Lý Bôn, Lý Quốc, Nam Quang, Phan Thanh, Phục Hòa, Quang Hán, Quảng Lâm, Quang Long, Quang Trung, Sơn Lộ, Tam Kim, Tổng Cọt, Trùng Khánh, Vinh Quý, Xuân Trường, Yên Thổ. III. Tỉnh Đắk Lắk 1. Các xã: Buôn Đôn, Dliê Ya, Ea Hiao, Ia Lốp, Ia Rvê, Krông Nô, Cư Pui, Ea Bung, Ea Rốk, Ea Súp, Yang Mao. IV. Tỉnh Điện Biên 1. Các xã: Chà Tở, Chiềng Sinh, Mường Chà, Mường Luân, Mường Mùn, Mường Nhà, Mường Nhé, Mường Toong, Nà Bủng, Nà Hỳ, Na Son, Nậm Kè, Nậm Nèn, Núa Ngam, Pa Ham, Pu Nhi, Pú Nhung, Phình Giàng, Quảng Lâm, Sam Mứn, Sáng Nhè, Si Pa Phìn, Sín Chải, Sín Thầu, Sính Phình, Tìa Dình, Tủa Chùa, Tủa Thàng, Thanh Yên, Xa Dung. V. Tỉnh Đồng Nai 1. Các xã: Bù Gia Mập, Đak Nhau, Đăk Ơ. VI. Tỉnh Gia Lai 1. Các xã: Đak Rong, Ia Chia, Ia Dom, Ia Mơ, Ia Nan, Ia O, Ia Pnôn, Ia Púch, SRó. VII. Tỉnh Khánh Hòa 1. Đặc khu Trường Sa VIII. Tỉnh Lai Châu 1. Các xã: Bum Nưa, Bum Tở, Dào San, Hồng Thu, Hua Bum, Khoen On, Khổng Lào, Khun Há, Lê Lợi, Mù Cả, Mường Kim, Mường Mô, Mường Tè, Nậm Sỏ, Nậm Cuổi, Nậm Hàng, Nậm Mạ, Nậm Tăm, Pa Tần, Pa Ủ, Pu Sam Cáp, Sì Lở Lầu, Sìn Hồ, Sin Suối Hồ, Tà Tổng, Tủa Sín Chải, Thu Lũm, Tả Lèng. IX. Tỉnh Lạng Sơn 1. Các xã: Ba Sơn, Cao Lộc, Công Sơn, Đoàn Kết, Kiên Mộc, Khuất Xá, Mẫu Sơn, Quốc Việt. X. Tỉnh Lào Cai 1. Các xã: A Mú Sung, Bắc Hà, Bản Hồ, Bản","Ủy ban nhân dân các tỉnh, thành phố trực thuộc Trung ương có các trách nhiệm sau trong việc thực hiện Thông tư 26/2025/TT-BNV:
*   Chỉ đạo Sở Nội vụ và các cơ quan có liên quan kiểm tra, đôn đốc việc thực hiện Thông tư này [C3].
*   Trong quá trình thực hiện nếu có thay đổi về tên gọi, điều kiện kinh tế - xã hội của các vùng được quy định tại Điều 1 Thông tư này, phản ánh về Bộ Nội vụ để kịp thời nghiên cứu, giải quyết [C4].",133.07876899989424,1060.4219530000591,"[""chunk:thong-tu-26-2025-tt-bnv:khoan-thong-tu-26-2025-tt-bnv-5-1:clause:31028""]","[""chunk:nghi-ddinh-68-2025-ndd-cp:dieu-nghi-ddinh-68-2025-ndd-cp-4:article:30026"", ""chunk:nghi-ddinh-68-2025-ndd-cp:khoan-nghi-ddinh-68-2025-ndd-cp-4-2:clause:30037"", ""chunk:thong-tu-26-2025-tt-bnv:dieu-thong-tu-26-2025-tt-bnv-5:article:31023"", ""chunk:thong-tu-26-2025-tt-bnv:khoan-thong-tu-26-2025-tt-bnv-5-3:clause:31032""]",,0.6900701592207867
q0014,graphrag,single_hop_specific,Mức lương cơ sở dùng làm căn cứ để tính những gì?,0.0,0.0,0.8,0.9978081693065195,0.0,0.0,0.0,"NGHỊ ĐỊNH Quy định mức lương cơ sở và chế độ tiền thưởng đối với cán bộ, công chức, viên chức và lực lượng vũ trang (161/2026/NĐ-CP) > Điều 3. Mức lương cơ sở > Khoản 1:
1. Mức lương cơ sở dùng làm căn cứ:
a) Tính mức lương trong các bảng lương, mức phụ cấp và thực hiện các chế độ khác theo quy định của pháp luật đối với các đối tượng quy định tại Điều 2 Nghị định này;
b) Tính mức hoạt động phí, sinh hoạt phí theo quy định của pháp luật;
c) Tính các khoản trích và các chế độ được hưởng theo mức lương cơ sở.","Dựa trên ngữ cảnh được cung cấp, mức lương cơ sở được dùng làm căn cứ để tính:

*   **Mức bình quân tiền lương làm căn cứ đóng bảo hiểm xã hội để tính lương hưu, trợ cấp một lần** đối với người lao động thuộc đối tượng thực hiện chế độ tiền lương do Nhà nước quy định có toàn bộ thời gian đóng bảo hiểm xã hội theo chế độ tiền lương này [C1], [C2], [C3], [C4]. Cụ thể, việc tính bình quân tiền lương này sẽ dựa trên số năm đóng bảo hiểm xã hội cuối cùng trước khi nghỉ hưu, tùy thuộc vào thời điểm bắt đầu tham gia bảo hiểm xã hội [C1], [C3], [C4].",92.83626900014497,1060.4219530000591,"[""chunk:nghi-ddinh-161-2026-ndd-cp:khoan-nghi-ddinh-161-2026-ndd-cp-3-1:clause:26088""]","[""chunk:luat-41-2024-qh15:khoan-luat-41-2024-qh15-72-1:clause:11137"", ""chunk:nghi-ddinh-158-2025-ndd-cp:dieu-nghi-ddinh-158-2025-ndd-cp-15:article:25726"", ""chunk:thong-tu-12-2025-tt-bnv:dieu-thong-tu-12-2025-tt-bnv-16:article:30949"", ""chunk:luat-41-2024-qh15:dieu-luat-41-2024-qh15-72:article:11135""]",,0.3595616338613039
q0015,graphrag,single_hop_specific,"Từ ngày 01 tháng 01 năm 2021, tuổi nghỉ hưu của lao động nam trong điều kiện bình thường là bao nhiêu?",0.0,0.0,1.0,0.9962398765230597,0.49999999995,1.0,0.4,"NGHỊ ĐỊNH Quy định về tuổi nghỉ hưu (135/2020/NĐ-CP) > Điều 4. Tuổi nghỉ hưu trong điều kiện lao động bình thường > Khoản 1:
1. Kể từ ngày 01 tháng 01 năm 2021, tuổi nghỉ hưu của người lao động trong điều kiện lao động bình thường là đủ 60 tuổi 03 tháng đối với lao động nam và đủ 55 tuổi 04 tháng đối với lao động nữ; sau đó, cứ mỗi năm tăng thêm 03 tháng đối với lao động nam cho đến khi đủ 62 tuổi vào năm 2028 và cứ mỗi năm tăng thêm 04 tháng đối với lao động nữ cho đến khi đủ 60 tuổi vào năm 2035.","Từ ngày 01 tháng 01 năm 2021, tuổi nghỉ hưu của lao động nam trong điều kiện bình thường là đủ 60 tuổi 03 tháng [C2].",153.95834200035097,875.6658259999313,"[""chunk:nghi-ddinh-135-2020-ndd-cp:khoan-nghi-ddinh-135-2020-ndd-cp-4-1:clause:23463""]","[""chunk:nghi-ddinh-135-2020-ndd-cp:dieu-nghi-ddinh-135-2020-ndd-cp-7:article:23478"", ""chunk:nghi-ddinh-135-2020-ndd-cp:dieu-nghi-ddinh-135-2020-ndd-cp-4:article:23462"", ""chunk:bo-luat-45-2019-qh14:dieu-bo-luat-45-2019-qh14-219:article:3171"", ""chunk:nghi-ddinh-135-2020-ndd-cp:dieu-nghi-ddinh-135-2020-ndd-cp-5:article:23466""]",,0.7792479752946119
q0016,graphrag,single_hop_specific,"Hành vi cố ý báo cáo sai lệch kết quả xác minh nội dung khiếu nại dẫn đến quyết định giải quyết khiếu nại sai gây mất ổn định nghiêm trọng về an ninh, trật tự xã hội hoặc gây hậu quả chết người sẽ bị áp dụng hình thức kỷ luật nào đối với người được giao nhiệm vụ xác minh nội dung khiếu nại?",1.0,0.25,1.0,0.9464227526696166,0.49999999995,1.0,0.4,"NGHỊ ĐỊNH Quy định chi tiết một số điều và biện pháp thi hành Luật Khiếu nại (124/2020/NĐ-CP) > Chương VI. XỬ LÝ VI PHẠM PHÁP LUẬT > Điều 40. Xử lý kỷ luật đối với người được giao nhiệm vụ xác minh nội dung khiếu nại:
Điều 40. Xử lý kỷ luật đối với người được giao nhiệm vụ xác minh nội dung khiếu nại
1. Hình thức kỷ luật khiển trách áp dụng đối với người được giao nhiệm vụ xác minh nội dung khiếu nại khi có một trong những hành vi vi phạm pháp luật sau đây:
a) Sách nhiễu, cản trở, gây khó khăn, phiền hà cho người khiếu nại, người được ủy quyền khiếu nại, người bị khiếu nại.
b) Bao che cho người bị khiếu nại.
c) Đe dọa trả thù, trù dập người khiếu nại, người được ủy quyền khiếu nại, người bị khiếu nại.
2. Hình thức kỷ luật cảnh cáo áp dụng đối với người được giao nhiệm vụ xác minh nội dung khiếu nại khi có một trong những hành vi cố ý bỏ qua các bằng chứng, bỏ lọt các thông tin, tài liệu hoặc làm sai lệch hồ sơ vụ việc trong quá trình xác minh nội dung khiếu nại.
3. Hình thức kỷ luật giáng chức hoặc cách chức áp dụng đối với người được giao nhiệm vụ xác minh nội dung khiếu nại khi có hành vi cố ý báo cáo sai lệch kết quả xác minh nội dung khiếu nại dẫn đến quyết định giải quyết khiếu nại sai gây mất ổn định nghiêm trọng về an ninh, trật tự xã hội hoặc gây hậu quả chết người. Trường hợp người được giao nhiệm vụ xác minh không có chức vụ thì áp dụng hình thức kỷ luật hạ bậc lương.","Đối với người được giao nhiệm vụ xác minh nội dung khiếu nại, hành vi cố ý báo cáo sai lệch kết quả xác minh nội dung khiếu nại dẫn đến quyết định giải quyết khiếu nại sai gây mất ổn định nghiêm trọng về an ninh, trật tự xã hội hoặc gây hậu quả chết người sẽ bị áp dụng hình thức kỷ luật giáng chức hoặc cách chức. Trường hợp người được giao nhiệm vụ xác minh không có chức vụ thì áp dụng hình thức kỷ luật hạ bậc lương [C2].",138.42753599965363,875.6658259999313,"[""chunk:nghi-ddinh-124-2020-ndd-cp:dieu-nghi-ddinh-124-2020-ndd-cp-40:article:23408""]","[""chunk:nghi-ddinh-124-2020-ndd-cp:khoan-nghi-ddinh-124-2020-ndd-cp-41-3:clause:23424"", ""chunk:nghi-ddinh-124-2020-ndd-cp:dieu-nghi-ddinh-124-2020-ndd-cp-40:article:23408"", ""chunk:nghi-ddinh-124-2020-ndd-cp:dieu-nghi-ddinh-124-2020-ndd-cp-27:article:23351"", ""chunk:nghi-ddinh-124-2020-ndd-cp:khoan-nghi-ddinh-124-2020-ndd-cp-39-1:clause:23406""]",,0.7692845505239233
q0017,graphrag,single_hop_specific,"Trước khi ban hành hoặc sửa đổi, bổ sung nội quy lao động, người sử dụng lao động có phải tham khảo ý kiến của tổ chức đại diện người lao động tại cơ sở đối với nơi có tổ chức đại diện người lao động tại cơ sở không?",1.0,0.25,1.0,0.9880547654892842,0.999999999975,1.0,0.4,"NGHỊ ĐỊNH Quy định chi tiết và hướng dẫn thi hành một số điều của Bộ luật Lao động về điều kiện lao động và quan hệ lao động (145/2020/NĐ-CP) > Chương VIII. KỶ LUẬT LAO ĐỘNG, TRÁCH NHIỆM VẬT CHẤT > Điều 69. Nội quy lao động > Khoản 3:
3. Trước khi ban hành nội quy lao động hoặc sửa đổi, bổ sung nội quy lao động, người sử dụng lao động phải tham khảo ý kiến của tổ chức đại diện người lao động tại cơ sở đối với nơi có tổ chức đại diện người lao động tại cơ sở. Việc tham khảo ý kiến tổ chức đại diện người lao động tại cơ sở thực hiện theo quy định tại khoản 1 Điều 41 Nghị định này.","Có. Trước khi ban hành hoặc sửa đổi, bổ sung nội quy lao động, người sử dụng lao động phải tham khảo ý kiến của tổ chức đại diện người lao động tại cơ sở đối với nơi có tổ chức đại diện người lao động tại cơ sở [C2], [C3], [C4].

Việc tham khảo ý kiến này được thực hiện theo quy định tại khoản 1 Điều 41 Nghị định 145/2020/NĐ-CP [C1], [C4]. Cụ thể:
*   Người sử dụng lao động gửi văn bản kèm theo nội dung cần tham khảo, trao đổi ý kiến đến các thành viên đại diện tham gia đối thoại của bên người lao động [C1].
*   Các thành viên đại diện tham gia đối thoại của bên người lao động tổ chức lấy ý kiến người lao động do mình đại diện và tổng hợp thành văn bản của từng tổ chức đại diện người lao động tại cơ sở, nhóm đại diện đối thoại của người lao động để gửi tới người sử dụng lao động. Trường hợp nội dung đối thoại liên quan đến quyền, lợi ích của lao động nữ thì cần bảo đảm lấy ý kiến của họ [C1].
*   Căn cứ ý kiến của các tổ chức đại diện người lao động tại cơ sở, nhóm đại diện đối thoại của người lao động, người sử dụng lao động tổ chức đối thoại để thảo luận, trao đổi ý kiến, tham vấn, chia sẻ thông tin về những nội dung người sử dụng lao động đưa ra [C1].
*   Số lượng, thành phần tham gia, thời gian, địa điểm tổ chức đối thoại do hai bên xác định theo quy chế dân chủ ở cơ sở tại nơi làm việc [C1].
*   Diễn biến đối thoại phải được ghi thành biên bản và có chữ ký của đại diện các bên tham gia [C1].",198.7207499996657,1539.016360000005,"[""chunk:nghi-ddinh-145-2020-ndd-cp:khoan-nghi-ddinh-145-2020-ndd-cp-69-3:clause:24762""]","[""chunk:nghi-ddinh-145-2020-ndd-cp:khoan-nghi-ddinh-145-2020-ndd-cp-41-1:clause:24546"", ""chunk:bo-luat-45-2019-qh14:dieu-bo-luat-45-2019-qh14-118:article:2634"", ""chunk:bo-luat-45-2019-qh14:khoan-bo-luat-45-2019-qh14-118-3:clause:2646"", ""chunk:nghi-ddinh-145-2020-ndd-cp:khoan-nghi-ddinh-145-2020-ndd-cp-69-3:clause:24762""]",,0.8776109530928569
q0018,graphrag,single_hop_specific,"Ai có thẩm quyền quyết định tạm đình chỉ công tác đối với cán bộ, công chức?",1.0,0.25,1.0,0.9999999999999998,0.249999999975,1.0,0.29,"Luật Cán Bộ, Công Chức (80/2025/QH15) > Chương V. KHEN THƯỞNG, XỬ LÝ KỶ LUẬT > Điều 39. Tạm đình chỉ công tác đối với cán bộ, công chức:
Điều 39. Tạm đình chỉ công tác đối với cán bộ, công chức
Người đứng đầu cơ quan, tổ chức có thẩm quyền có thể quyết định tạm đình chỉ công tác đối với cán bộ, công chức trong trường hợp phát hiện cán bộ, công chức có dấu hiệu vi phạm trong thi hành nhiệm vụ hoặc theo đề nghị của cơ quan, tổ chức có thẩm quyền.
Chính phủ quy định chi tiết Điều này.","Theo ngữ cảnh được cung cấp, thẩm quyền quyết định tạm đình chỉ công tác đối với cán bộ, công chức được quy định như sau:

*   **Cơ quan, tổ chức có thẩm quyền** là chủ thể ra quyết định tạm đình chỉ công tác đối với cán bộ, công chức [C2].
*   **Cơ quan, tổ chức, đơn vị quản lý cán bộ, công chức** có thể ra quyết định tạm đình chỉ công tác trong thời gian xem xét, xử lý kỷ luật cán bộ, công chức [C3].
*   **Người đứng đầu cơ quan, tổ chức có thẩm quyền** có thể quyết định tạm đình chỉ công tác đối với cán bộ, công chức trong trường hợp phát hiện cán bộ, công chức có dấu hiệu vi phạm trong thi hành nhiệm vụ hoặc theo đề nghị của cơ quan, tổ chức có thẩm quyền [C4].",118.76212499964822,1539.016360000005,"[""chunk:luat-80-2025-qh15:dieu-luat-80-2025-qh15-39:article:17587""]","[""chunk:he-thong:thuatngu-tam-ddinh-chi-cong-tac:semantic:31525"", ""chunk:luat-80-2025-qh15:khoan-luat-80-2025-qh15-5-13:clause:17349"", ""chunk:luat-22-2008-qh12:dieu-luat-22-2008-qh12-81:article:9314"", ""chunk:luat-80-2025-qh15:dieu-luat-80-2025-qh15-39:article:17587""]",,0.707999999995
q0019,graphrag,single_hop_specific,Thông tư 09/2020/TT-BLĐTBXH có hiệu lực thi hành từ ngày nào?,0.0,0.0,1.0,0.9999999999999998,0.9999999999,0.3333333333333333,0.29,"THÔNG TƯ Quy định chi tiết và hướng dẫn thi hành một số điều của Bộ luật Lao động về lao động chưa thành niên (09/2020/TT-BLĐTBXH) > Chương V. ĐIỀU KHOẢN THI HÀNH > Điều 13. Hiệu lực thi hành > Khoản 1:
1. Thông tư này có hiệu lực thi hành kể từ ngày 15 tháng 3 năm 2021.
1. Tên doanh nghiệp, cơ quan, tổ chức, hợp tác xã, hộ gia đình, cá nhân (ghi bằng chữ in hoa): …………………..
1. Người chưa đủ 13 tuổi
Họ và tên:
Ngày, tháng, năm sinh:
Nơi đăng ký hộ khẩu thường trú:
Địa chỉ nơi cư trú:
Tình trạng đi học (nếu có): Là học sinh lớp.... Trường
Điện thoại (nếu có):
Số định danh cá nhân/Số hộ chiếu (nếu có): Cấp ngày ..... tại.......
1. Người chưa đủ 13 tuổi
Họ và tên:
Ngày, tháng, năm sinh:
Địa chỉ đăng ký hộ khẩu:
Địa chỉ nơi cư trú:
Tình trạng đi học (nếu có): Là học sinh lớp.... Trường
Điện thoại (nếu có):
Số định danh cá nhân/Số hộ chiếu (nếu có): Cấp ngày .....tại .....
1. Biểu diễn nghệ thuật.
1. Trực tiếp luyện quặng kim loại màu (đồng, chì, thiếc, thuỷ ngân, kẽm, bạc).
1. Tiếp xúc với các yếu tố nguy hiểm, yếu tố có hại có trong môi trường lao động nằm ngoài giới hạn cho phép theo tiêu chuẩn, quy chuẩn kỹ thuật quốc gia về vệ sinh lao động, bao gồm: điện từ trường, rung, ồn, nhiệt độ, bụi silic, bụi không chứa silic, bụi bông, bụi amiăng, bụi than, bụi tale; các loại chất, tia phóng xạ; bức xạ bởi tia X, các chất độc hại và các tia có hại khác.
1. Biểu diễn nghệ thuật.
1. Biểu diễn nghệ thuật.",Thông tư 09/2020/TT-BLĐTBXH có hiệu lực thi hành kể từ ngày 15 tháng 3 năm 2021 [C1].,89.31091299973559,866.4211420000356,"[""chunk:thong-tu-09-2020-tt-blddtbxh:khoan-thong-tu-09-2020-tt-blddtbxh-13-1:clause:30623""]","[""chunk:thong-tu-09-2020-tt-blddtbxh:dieu-thong-tu-09-2020-tt-blddtbxh-13:article:30606"", ""chunk:thong-tu-09-2020-tt-blddtbxh:dieu-thong-tu-09-2020-tt-blddtbxh-9:article:30588"", ""chunk:thong-tu-09-2020-tt-blddtbxh:doc-thong-tu-09-2020-tt-blddtbxh:document_intro:30542"", ""chunk:thong-tu-09-2020-tt-blddtbxh:diem-thong-tu-09-2020-tt-blddtbxh-13-2-a:point:30627""]",,0.7246666666466667
q0020,graphrag,single_hop_specific,"Ủy ban nhân dân tỉnh, thành phố trực thuộc trung ương có trách nhiệm báo cáo định kỳ hàng năm tới Bộ Lao động - Thương binh và Xã hội về tình hình người lao động Việt Nam đi làm việc ở nước ngoài theo hợp đồng tại địa phương hay không?",1.0,0.25,1.0,0.997660173408524,0.99999999995,1.0,0.27,"NGHỊ ĐỊNH Quy định chi tiết một số điều và biện pháp thi hành Luật Người lao động Việt Nam đi làm việc ở nước ngoài theo hợp đồng (112/2021/NĐ-CP) > Chương VII. TỔ CHỨC THỰC HIỆN > Điều 44. Trách nhiệm của Ủy ban nhân dân tỉnh, thành phố trực thuộc trung ương:
Điều 44. Trách nhiệm của Ủy ban nhân dân tỉnh, thành phố trực thuộc trung ương
1. Thực hiện quản lý nhà nước về người lao động đi làm việc ở nước ngoài tại địa phương.
2. Chỉ đạo các cơ quan chuyên môn trực thuộc và Ủy ban nhân dân cấp dưới:
a) Tuyên truyền, phổ biến chủ trương, chính sách, pháp luật của Nhà nước về người lao động Việt Nam đi làm việc ở nước ngoài theo hợp đồng;
b) Hỗ trợ các doanh nghiệp hoạt động dịch vụ đưa người lao động Việt Nam đi làm việc ở nước ngoài theo hợp đồng, đơn vị sự nghiệp tuyển lao động tại địa phương và quản lý người lao động của địa phương làm việc ở nước ngoài;
c) Giải quyết khiếu nại, tố cáo của tổ chức, cá nhân liên quan đến lĩnh vực người lao động Việt Nam đi làm việc ở nước ngoài theo hợp đồng theo thẩm quyền quy định của pháp luật;
d) Thanh tra, kiểm tra và xử lý kịp thời các vi phạm tại địa phương của các tổ chức và cá nhân đưa người lao động đi làm việc ở nước ngoài;
đ) Tổ chức tiếp nhận đăng ký hợp đồng của người lao động Việt Nam đi làm việc ở nước ngoài theo hợp đồng lao động trực tiếp giao kết với người sử dụng lao động ở nước ngoài và cập nhật trên Hệ thống cơ sở dữ liệu về người lao động Việt Nam đi làm việc ở nước ngoài theo hợp đồng;
e) Tổ chức tiếp nhận đăng ký hợp đồng của doanh nghiệp Việt Nam đưa người lao động đi làm việc ở nước ngoài theo hình thức đào tạo, nâng cao trình độ, kỹ năng nghề có thời gian dưới 90 ngày.
3. Báo cáo định kỳ hàng năm tới Bộ Lao động - Thương binh và Xã hội và báo cáo đột xuất theo yêu cầu về tình hình người lao động Việt Nam đi làm việc ở nước ngoài theo hợp đồng tại địa phương.","Có. Ủy ban nhân dân tỉnh, thành phố trực thuộc trung ương có trách nhiệm báo cáo định kỳ hàng năm tới Bộ Lao động - Thương binh và Xã hội về tình hình người lao động Việt Nam đi làm việc ở nước ngoài theo hợp đồng tại địa phương [C1], [C2].",149.06965999989552,866.4211420000356,"[""chunk:nghi-ddinh-112-2021-ndd-cp:dieu-nghi-ddinh-112-2021-ndd-cp-44:article:21080""]","[""chunk:nghi-ddinh-112-2021-ndd-cp:khoan-nghi-ddinh-112-2021-ndd-cp-44-3:clause:21089"", ""chunk:nghi-ddinh-112-2021-ndd-cp:dieu-nghi-ddinh-112-2021-ndd-cp-44:article:21080"", ""chunk:nghi-ddinh-337-2025-ndd-cp:diem-nghi-ddinh-337-2025-ndd-cp-27-4-c:point:28563"", ""chunk:nghi-ddinh-112-2021-ndd-cp:diem-nghi-ddinh-112-2021-ndd-cp-44-2-e:point:21088""]",,0.8535320346717047
q0021,graphrag,single_hop_specific,"Nghị định 162/2026/NĐ-CP điều chỉnh mức lương hưu, trợ cấp bảo hiểm xã hội và trợ cấp hằng tháng đối với các đối tượng hưởng lương hưu, trợ cấp bảo hiểm xã hội và trợ cấp hằng tháng trước ngày nào?",1.0,0.25,1.0,0.9108878074853944,0.9999999999,1.0,0.44,"NGHỊ ĐỊNH Điều chỉnh lương hưu, trợ cấp bảo hiểm xã hội và trợ cấp hằng tháng (162/2026/NĐ-CP) > Chương I. QUY ĐỊNH CHUNG > Điều 1. Phạm vi áp dụng và đối tượng điều chỉnh > Khoản 1:
1. Nghị định này điều chỉnh mức lương hưu, trợ cấp bảo hiểm xã hội và trợ cấp hằng tháng đối với các đối tượng hưởng lương hưu, trợ cấp bảo hiểm xã hội và trợ cấp hằng tháng trước ngày 01 tháng 7 năm 2026, bao gồm: a) Cán bộ, công chức, công nhân, viên chức và người lao động (kể cả người có thời gian tham gia bảo hiểm xã hội tự nguyện, người nghỉ hưu từ quỹ bảo hiểm xã hội nông dân Nghệ An chuyển sang theo Quyết định số 41/2009/QĐ-TTg về việc chuyển bảo hiểm xã hội nông dân Nghệ An sang bảo hiểm xã hội tự nguyện); quân nhân, công an nhân dân và người làm công tác cơ yếu đang hưởng lương hưu hằng tháng. b) Cán bộ xã, phường, thị trấn quy định tại Nghị định số 33/2023/NĐ-CP quy định về cán bộ, công chức cấp xã và người hoạt động không chuyên trách ở cấp xã, ở thôn, tổ dân phố, Nghị định số 34/2019/NĐ-CP sửa đổi, bổ sung một số quy định về cán bộ, công chức cấp xã và người hoạt động không chuyên trách ở cấp xã, ở thôn, tổ dân phố, Nghị định số 92/2009/NĐ-CP về chức danh, số lượng, một số chế độ, chính sách đối với cán bộ, công chức ở xã, phường, thị trấn và những người hoạt động không chuyên trách ở cấp xã, Nghị định số 121/2003/NĐ-CP về chế độ, chính sách đối với cán bộ, công chức ở xã, phường, thị trấn và Nghị định số 09/1998/NĐ-CP sửa đổi, bổ sung Nghị định số 50/CP ngày 26 tháng 7 năm 1995 của Chính phủ về chế độ sinh hoạt phí đối với cán bộ xã, phường, thị trấn đang hưởng lương hưu, trợ cấp hằng tháng. c) Người đang hưởng trợ cấp mất sức lao động hằng tháng theo quy định của pháp luật; người đang hưởng trợ cấp hằng tháng theo Quyết định số 91/2000/QĐ-TTg về việc trợ cấp cho những người đã hết tuổi lao động tại thời điểm ngừng hưởng trợ cấp mất sức lao động hằng tháng,","Nghị định 162/2026/NĐ-CP điều chỉnh mức lương hưu, trợ cấp bảo hiểm xã hội và trợ cấp hằng tháng đối với các đối tượng hưởng lương hưu, trợ cấp bảo hiểm xã hội và trợ cấp hằng tháng trước ngày 01 tháng 7 năm 2026 [C1].",160.7682159997239,995.7495799999379,"[""chunk:nghi-ddinh-162-2026-ndd-cp:khoan-nghi-ddinh-162-2026-ndd-cp-1-1:clause:26139""]","[""chunk:nghi-ddinh-162-2026-ndd-cp:khoan-nghi-ddinh-162-2026-ndd-cp-1-1:clause:26139"", ""chunk:nghi-ddinh-162-2026-ndd-cp:khoan-nghi-ddinh-162-2026-ndd-cp-2-1:clause:26153"", ""chunk:nghi-ddinh-162-2026-ndd-cp:dieu-nghi-ddinh-162-2026-ndd-cp-4:article:26161"", ""chunk:nghi-ddinh-162-2026-ndd-cp:doc-nghi-ddinh-162-2026-ndd-cp:document_intro:26134""]",,0.8701775614770788
q0022,graphrag,single_hop_specific,Việc xử lý vi phạm hành chính trên môi trường điện tử phải đảm bảo những yêu cầu gì?,1.0,0.25,1.0,0.9992530679773267,0.5833333333041666,1.0,0.5,"LUẬT XỬ LÝ VI PHẠM HÀNH CHÍNH Luật Xử lý vi phạm hành chính số 15/2012/QH13 ngày 20 tháng 6 năm 2012 của Quốc hội, có hiệu lực kể từ ngày 01 tháng 7 năm 2013, được sửa đổi, bổ sung bởi: (90/VBHN-VPQH) > Điều 18a. Xử lý vi phạm hành chính trên môi trường điện tử[24]:
Điều 18a. Xử lý vi phạm hành chính trên môi trường điện tử[24]
1. Việc xử lý vi phạm hành chính trên môi trường điện tử được thực hiện khi bảo đảm điều kiện về cơ sở hạ tầng, kỹ thuật, thông tin.
2. Việc xử lý vi phạm hành chính trên môi trường điện tử phải bảo đảm các yêu cầu sau đây:
a) Tuân thủ quy định của pháp luật về xử lý vi phạm hành chính, pháp luật về giao dịch điện tử và pháp luật có liên quan;
b) Việc thu thập, lưu trữ, khai thác, sử dụng dữ liệu phải bảo đảm tính toàn vẹn, xác thực, an toàn, đúng mục đích, phạm vi theo quy định của pháp luật;
c) Kết nối hệ thống, chia sẻ dữ liệu, cung cấp thông tin chính xác, kịp thời phục vụ quản lý nhà nước và giám sát của cơ quan, tổ chức, cá nhân có thẩm quyền.
3. Chính phủ quy định chi tiết Điều này.","Việc xử lý vi phạm hành chính trên môi trường điện tử phải đảm bảo các yêu cầu sau đây [C2]:
*   Tuân thủ quy định của pháp luật về xử lý vi phạm hành chính, pháp luật về giao dịch điện tử và pháp luật có liên quan [C2].
*   Việc thu thập, lưu trữ, khai thác, sử dụng dữ liệu phải bảo đảm tính toàn vẹn, xác thực, an toàn, đúng mục đích, phạm vi theo quy định của pháp luật [C2].
*   Kết nối hệ thống, chia sẻ dữ liệu, cung cấp thông tin chính xác, kịp thời phục vụ quản lý nhà nước và giám sát của cơ quan, tổ chức, cá nhân có thẩm quyền [C2].",128.81966600025407,995.7495799999379,"[""chunk:90-vbhn-vpqh-699548:dieu-90-vbhn-vpqh-699548-18a:article:1309""]","[""chunk:90-vbhn-vpqh-699548:dieu-90-vbhn-vpqh-699548-142:article:1948"", ""chunk:90-vbhn-vpqh-699548:khoan-90-vbhn-vpqh-699548-18a-2:clause:1311"", ""chunk:90-vbhn-vpqh-699548:dieu-90-vbhn-vpqh-699548-18a:article:1309"", ""chunk:luat-15-2012-qh13:dieu-luat-15-2012-qh13-1:article:7861""]",,0.8165172802562987
q0023,graphrag,single_hop_specific,Nếu vợ chồng không thỏa thuận chia được tài sản chung và yêu cầu Tòa án giải quyết thì mỗi người phải chịu án phí dân sự như thế nào?,0.0,0.0,0.875,0.9792795354619063,0.0,0.0,0.22,"Nghị Quyết Quy Định Về Mức Thu, Miễn, Giảm, Thu, Nộp, Quản Lý Và Sử Dụng Án Phí Và Lệ Phí Tòa Án Nước Cộng Hòa Xã Hội Chủ Nghĩa Việt Nam (326/2016/UBTVQH14) > Chương III. ÁN PHÍ TRONG VỤ ÁN DÂN SỰ > Điều 27. Nghĩa vụ chịu án phí dân sự sơ thẩm trong một số loại việc cụ thể > Khoản 5 > Điểm c:
c) Trường hợp vợ chồng yêu cầu người khác thực hiện nghĩa vụ về tài sản mà Tòa án chấp nhận yêu cầu của vợ, chồng, thì người có nghĩa vụ về tài sản phải chịu án phí dân sự sơ thẩm đối với giá trị phân tài sản mà họ phải thực hiện; nếu họ không thỏa thuận chia được với nhau mà gộp vào tài sản chung và có yêu cầu Tòa án giải quyết thì mỗi người phải chịu án phí dân sự tương ứng với giá trị phần tài sản mà họ được chia;","Nếu vợ chồng không thỏa thuận chia được tài sản chung và yêu cầu Tòa án giải quyết, thì nghĩa vụ chịu án phí dân sự sơ thẩm được xác định như sau:

*   Trường hợp Tòa án phải xác định giá trị của tài sản hoặc xác định quyền sở hữu tài sản theo phần, thì mỗi người phải chịu án phí dân sự sơ thẩm như trường hợp vụ án có giá ngạch đối với phần giá trị mà mình được hưởng [C1].
*   Trường hợp Tòa án không xem xét giá trị tài sản, chỉ xem xét quyền sở hữu tài sản của ai, thì mỗi người phải chịu án phí dân sự sơ thẩm như đối với trường hợp vụ án không có giá ngạch [C1].

Ngoài ra, nghĩa vụ chịu án phí dân sự sơ thẩm còn được quy định chung như sau:
*   Đương sự phải chịu án phí dân sự sơ thẩm đối với yêu cầu của họ không được Tòa án chấp nhận, trừ trường hợp được miễn hoặc không phải chịu án phí sơ thẩm [C2].
*   Nguyên đơn phải chịu toàn bộ án phí dân sự sơ thẩm trong trường hợp toàn bộ yêu cầu của nguyên đơn không được Tòa án chấp nhận [C2].
*   Nguyên đơn phải chịu án phí dân sự sơ thẩm tương ứng với phần yêu cầu không được Tòa án chấp nhận [C2].
*   Bị đơn phải chịu án phí dân sự sơ thẩm tương ứng với phần yêu cầu của nguyên đơn đối với bị đơn được Tòa án chấp nhận [C2].",125.0099929998214,20021.695750999697,"[""chunk:nghi-quyet-326-2016-ubtvqh14:diem-nghi-quyet-326-2016-ubtvqh14-27-5-c:point:30436""]","[""chunk:nghi-quyet-326-2016-ubtvqh14:dieu-nghi-quyet-326-2016-ubtvqh14-27:article:30418"", ""chunk:nghi-quyet-326-2016-ubtvqh14:dieu-nghi-quyet-326-2016-ubtvqh14-26:article:30405"", ""chunk:nghi-quyet-326-2016-ubtvqh14:dieu-nghi-quyet-326-2016-ubtvqh14-23:article:30368"", ""chunk:nghi-quyet-326-2016-ubtvqh14:khoan-nghi-quyet-326-2016-ubtvqh14-23-1:clause:30371""]",,0.4148559070923813
q0024,graphrag,single_hop_specific,"Tiền bồi thường, trợ cấp phải được thanh toán một lần cho người lao động hoặc thân nhân của họ trong thời hạn bao nhiêu ngày kể từ ngày người sử dụng lao động ra quyết định bồi thường, trợ cấp?",1.0,0.25,1.0,0.9516766101647148,0.5833333333041666,1.0,0.57,"THÔNG TƯ Quy định chi tiết và hướng dẫn thi hành một số điều của Luật An toàn, vệ sinh lao động về chế độ đối với người lao động bị tai nạn lao động, bệnh nghề nghiệp (28/2021/TT-BLĐTBXH) > Chương II. MỘT SỐ CHẾ ĐỘ ĐỐI VỚI NGƯỜI BỊ TAI NẠN LAO ĐỘNG, BỆNH NGHỀ NGHIỆP THUỘC TRÁCH NHIỆM CỦA NGƯỜI SỬ DỤNG LAO ĐỘNG > Điều 7. Thời hạn thực hiện bồi thường, trợ cấp:
Điều 7. Thời hạn thực hiện bồi thường, trợ cấp
1. Quyết định bồi thường, trợ cấp của người sử dụng lao động đối với người bị tai nạn lao động, bệnh nghề nghiệp phải được hoàn tất trong thời hạn 5 ngày làm việc, kể từ ngày nhận được biên bản giám định của Hội đồng Giám định Y khoa về mức độ suy giảm khả năng lao động đối với những vụ tai nạn lao động nặng hoặc kể từ ngày Đoàn điều tra tai nạn lao động cấp tỉnh hoặc cấp trung ương tổ chức cuộc họp công bố Biên bản điều tra tai nạn lao động tại cơ sở đối với những vụ tai nạn lao động chết người.
2. Tiền bồi thường, trợ cấp phải được thanh toán một lần cho người lao động hoặc thân nhân của họ, trong thời hạn 05 ngày kể từ ngày người sử dụng lao động ra quyết định bồi thường, trợ cấp.","Tiền bồi thường, trợ cấp phải được thanh toán một lần cho người lao động hoặc thân nhân của họ trong thời hạn 05 ngày kể từ ngày người sử dụng lao động ra quyết định bồi thường, trợ cấp [C2], [C3].",155.3888990001724,20021.695750999697,"[""chunk:thong-tu-28-2021-tt-blddtbxh:dieu-thong-tu-28-2021-tt-blddtbxh-7:article:31273""]","[""chunk:luat-84-2015-qh13:dieu-luat-84-2015-qh13-61:article:18086"", ""chunk:thong-tu-28-2021-tt-blddtbxh:khoan-thong-tu-28-2021-tt-blddtbxh-7-2:clause:31275"", ""chunk:thong-tu-28-2021-tt-blddtbxh:dieu-thong-tu-28-2021-tt-blddtbxh-7:article:31273"", ""chunk:luat-84-2015-qh13:khoan-luat-84-2015-qh13-61-1:clause:18087""]",,0.8210019886937763
q0025,graphrag,single_hop_specific,"Trong trường hợp nào, việc chuyển và bàn giao tang vật, phương tiện vi phạm hành chính đến cơ quan tiếp nhận quyết định xử phạt để thi hành phải lập thành biên bản?",0.0,0.0,1.0,0.9995289626724352,0.0,0.0,0.0,"NGHỊ ĐỊNH Quy định chi tiết một số điều và biện pháp thi hành Luật Xử lý vi phạm hành chính (118/2021/NĐ-CP) > Chương III. ÁP DỤNG QUY ĐỊNH VỀ XỬ PHẠT VI PHẠM HÀNH CHÍNH > Điều 22. Chuyển quyết định xử phạt vi phạm hành chính để tổ chức thi hành > Khoản 1:
1. Cơ quan của người đã ra quyết định xử phạt vi phạm hành chính đối với các trường hợp quy định tại khoản 1 và khoản 2 Điều 71 Luật Xử lý vi phạm hành chính có trách nhiệm chuyển toàn bộ bản gốc hồ sơ, giấy tờ liên quan đến cơ quan tiếp nhận quyết định xử phạt để thi hành. Tang vật, phương tiện vi phạm hành chính bị tạm giữ, tịch thu (nếu có) được chuyển đến cơ quan tiếp nhận quyết định xử phạt để thi hành.
Việc chuyển và bàn giao tang vật, phương tiện vi phạm hành chính đến cơ quan tiếp nhận quyết định xử phạt để thi hành phải lập thành biên bản.","Ngữ cảnh được cung cấp không đề cập đến trường hợp nào việc chuyển và bàn giao tang vật, phương tiện vi phạm hành chính đến cơ quan tiếp nhận quyết định xử phạt để thi hành phải lập thành biên bản.",181.62700599987147,1375.1646279997658,"[""chunk:nghi-ddinh-118-2021-ndd-cp:khoan-nghi-ddinh-118-2021-ndd-cp-22-1:clause:21889""]","[""chunk:nghi-ddinh-118-2021-ndd-cp:dieu-nghi-ddinh-118-2021-ndd-cp-3:article:21128"", ""chunk:nghi-ddinh-118-2021-ndd-cp:dieu-nghi-ddinh-118-2021-ndd-cp-1:article:21117"", ""chunk:90-vbhn-vpqh-699548:dieu-90-vbhn-vpqh-699548-142:article:1948"", ""chunk:nghi-ddinh-118-2021-ndd-cp:khoan-nghi-ddinh-118-2021-ndd-cp-3-3:clause:21412""]",,0.39990579253448705
q0026,graphrag,single_hop_specific,Trường hợp người lao động đang tham gia bảo hiểm xã hội hoặc đang bảo lưu thời gian đóng bảo hiểm xã hội chết thì trợ cấp tuất một lần được tính theo quy định tại văn bản nào?,0.0,0.0,1.0,0.9610178326139851,0.0,0.0,0.14,"NGHỊ ĐỊNH Quy định chi tiết và hướng dẫn thi hành một số điều của Luật Bảo hiểm xã hội về bảo hiểm xã hội bắt buộc (158/2025/NĐ-CP) > Chương III. CHẾ ĐỘ BẢO HIỂM XÃ HỘI BẮT BUỘC > Mục 2. CHẾ ĐỘ TỬ TUẤT > Điều 21. Chế độ tử tuất đối với người vừa có thời gian đóng bảo hiểm xã hội tự nguyện vừa có thời gian đóng bảo hiểm xã hội bắt buộc > Khoản 5 > Điểm a:
a) Đối với người lao động đang tham gia bảo hiểm xã hội hoặc đang bảo lưu thời gian đóng bảo hiểm xã hội chết thì trợ cấp tuất một lần được tính theo quy định tại khoản 1 Điều 89 của Luật Bảo hiểm xã hội trên cơ sở mức bình quân thu nhập và tiền lương làm căn cứ đóng bảo hiểm xã hội theo quy định tại khoản 5 Điều 17 của Nghị định này;","Trường hợp người lao động đang tham gia bảo hiểm xã hội hoặc đang bảo lưu thời gian đóng bảo hiểm xã hội chết thì trợ cấp tuất một lần được tính theo quy định tại Điều 89 của Luật Bảo hiểm xã hội (41/2024/QH15) [C3].

Cụ thể, mức trợ cấp tuất một lần đối với thân nhân của đối tượng này được tính bằng mức trợ cấp tuất cho mỗi năm đóng bảo hiểm xã hội nhân với số năm đóng bảo hiểm xã hội, nhưng không thấp hơn 03 tháng mức bình quân tiền lương làm căn cứ đóng bảo hiểm xã hội. Mức bình quân tiền lương làm căn cứ đóng bảo hiểm xã hội để tính trợ cấp tuất một lần thực hiện theo quy định tại Điều 72 của Luật này tính đến thời điểm dừng đóng [C3].

Mức trợ cấp tuất cho mỗi năm đóng bảo hiểm xã hội được quy định như sau:
*   Bằng 1,5 tháng mức bình quân tiền lương làm căn cứ đóng bảo hiểm xã hội cho những năm đóng bảo hiểm xã hội trước năm 2014 [C3].
*   Bằng 02 tháng mức bình quân tiền lương làm căn cứ đóng bảo hiểm xã hội cho các năm đóng bảo hiểm xã hội từ năm 2014 trở đi [C3].",169.4581950000611,1375.1646279997658,"[""chunk:nghi-ddinh-158-2025-ndd-cp:diem-nghi-ddinh-158-2025-ndd-cp-21-5-a:point:25796""]","[""chunk:luat-41-2024-qh15:diem-luat-41-2024-qh15-88-1-a:point:11245"", ""chunk:nghi-ddinh-158-2025-ndd-cp:dieu-nghi-ddinh-158-2025-ndd-cp-21:article:25777"", ""chunk:luat-41-2024-qh15:khoan-luat-41-2024-qh15-89-1:clause:11254"", ""chunk:luat-41-2024-qh15:khoan-luat-41-2024-qh15-89-2:clause:11257""]",,0.420203566522797
q0027,graphrag,single_hop_specific,"Trong trường hợp các bên không có thỏa thuận khác hoặc quy tắc tố tụng của Trung tâm trọng tài không có quy định khác, giấy triệu tập tham dự phiên họp phải được gửi cho các bên chậm nhất bao nhiêu ngày trước ngày mở phiên họp?",1.0,0.25,1.0,0.9058355316068805,0.5833333333041666,1.0,0.67,"Luật Trọng Tài Thương Mại (54/2010/QH12) > Chương VIII. PHIÊN HỌP GIẢI QUYẾT TRANH CHẤP > Điều 54. Chuẩn bị phiên họp giải quyết tranh chấp:
Điều 54. Chuẩn bị phiên họp giải quyết tranh chấp
1. Trường hợp các bên không có thoả thuận khác hoặc quy tắc tố tụng của Trung tâm trọng tài không có quy định khác, thời gian và địa điểm mở phiên họp do Hội đồng trọng tài quyết định.
2. Trường hợp các bên không có thoả thuận khác hoặc quy tắc tố tụng của Trung tâm trọng tài không có quy định khác, giấy triệu tập tham dự phiên họp phải được gửi cho các bên chậm nhất 30 ngày trước ngày mở phiên họp.","Trong trường hợp các bên không có thỏa thuận khác hoặc quy tắc tố tụng của Trung tâm trọng tài không có quy định khác, giấy triệu tập tham dự phiên họp phải được gửi cho các bên chậm nhất 30 ngày trước ngày mở phiên họp [C2], [C3].",157.8283429998919,9962.221477500407,"[""chunk:luat-54-2010-qh12:dieu-luat-54-2010-qh12-54:article:13493""]","[""chunk:luat-54-2010-qh12:dieu-luat-54-2010-qh12-32:article:13361"", ""chunk:luat-54-2010-qh12:khoan-luat-54-2010-qh12-54-2:clause:13495"", ""chunk:luat-54-2010-qh12:dieu-luat-54-2010-qh12-54:article:13493"", ""chunk:luat-54-2010-qh12:khoan-luat-54-2010-qh12-30-3:clause:13357""]",,0.8318337729822094
q0028,graphrag,single_hop_specific,"Người sử dụng lao động có trách nhiệm gì khi phát hiện dấu hiệu rủi ro về bảo mật, giả mạo, sai lệch thông tin hoặc truy cập trái phép?",1.0,0.25,1.0,0.9729832501741562,0.99999999995,1.0,0.42,"NGHỊ ĐỊNH Quy định về hợp đồng lao động điện tử (337/2025/NĐ-CP) > Chương IV. TỔ CHỨC THỰC HIỆN > Điều 19. Quyền và trách nhiệm của người sử dụng lao động:
Điều 19. Quyền và trách nhiệm của người sử dụng lao động
1. Người sử dụng lao động có các quyền sau đây:
a) Đăng ký và sử dụng tài khoản truy cập Nền tảng hợp đồng lao động điện tử để tra cứu, xác minh và quản lý dữ liệu hợp đồng lao động điện tử của mình đã giao kết.
b) Sử dụng eContract để khai trình lao động và báo cáo tình hình sử dụng lao động theo quy định tại Điều 4 Nghị định số 145/2020/NĐ-CP ngày 14 tháng 12 năm 2020 của Chính phủ quy định chi tiết và hướng dẫn thi hành một số điều của Bộ luật Lao động về điều kiện lao động và quan hệ lao động.
c) Chia sẻ, sử dụng dữ liệu hợp đồng lao động điện tử của mình từ Nền tảng hợp đồng lao động điện tử để báo cáo về tình hình sử dụng lao động, thực hiện các thủ tục hành chính, giao dịch điện tử có liên quan theo quy định pháp luật.
2. Người sử dụng lao động có trách nhiệm sau đây:
a) Thực hiện việc giao kết, sửa đổi, bổ sung, tạm hoãn và chấm dứt hợp đồng lao động điện tử theo quy định tại Nghị định này.
b) Lưu trữ và bảo mật dữ liệu hợp đồng lao động điện tử, bảo đảm tính toàn vẹn và khả năng truy xuất khi cần thiết.
c) Phối hợp với Nhà cung cấp eContract và cơ quan quản lý nhà nước trong việc kiểm tra, xác minh thông tin và giải quyết các vấn đề phát sinh liên quan đến hợp đồng lao động điện tử.
d) Tổ chức hướng dẫn, đào tạo, cung cấp các phương tiện, điều kiện để hỗ trợ người lao động giao kết, thực hiện hợp đồng lao động điện tử; sử dụng, truy cập hợp đồng lao động điện tử trên Nền tảng hợp đồng lao động điện tử.
đ) Thông báo ngay cho cơ quan quản lý Nền tảng hợp đồng lao động điện tử khi phát hiện có dấu hiệu rủi ro về bảo mật, giả mạo, sai lệch thông tin hoặc truy cập trái phép.
e) Tuân thủ quy định pháp luật về bảo vệ bí mật nhà nước, bảo vệ dữ liệu cá nhân và quy chế hoạt động của Nền tảng hợp đồng lao động điện tử trong quá trình khai thác, sử dụng dữ liệu hợp đồng lao động điện tử.","Khi phát hiện dấu hiệu rủi ro về bảo mật, giả mạo, sai lệch thông tin hoặc truy cập trái phép, người sử dụng lao động có trách nhiệm thông báo ngay cho cơ quan quản lý Nền tảng hợp đồng lao động điện tử [C1], [C2].",138.06395099982183,9962.221477500407,"[""chunk:nghi-ddinh-337-2025-ndd-cp:dieu-nghi-ddinh-337-2025-ndd-cp-19:article:28505""]","[""chunk:nghi-ddinh-337-2025-ndd-cp:dieu-nghi-ddinh-337-2025-ndd-cp-19:article:28505"", ""chunk:nghi-ddinh-337-2025-ndd-cp:diem-nghi-ddinh-337-2025-ndd-cp-19-2-dd:point:28515"", ""chunk:nghi-ddinh-337-2025-ndd-cp:diem-nghi-ddinh-337-2025-ndd-cp-20-2-d:point:28525"", ""chunk:bo-luat-45-2019-qh14:khoan-bo-luat-45-2019-qh14-12-2:clause:2087""]",,0.8785966500248312
q0029,graphrag,single_hop_specific,Mức trợ cấp tuất một lần cho thân nhân của người lao động có thời gian đóng bảo hiểm xã hội chưa đủ một năm tối đa là bao nhiêu?,1.0,0.25,1.0,0.9992855279412977,0.8333333332916666,1.0,0.33,"Luật Bảo Hiểm Xã Hội (58/2014/QH13) > Chương IV. BẢO HIỂM XÃ HỘI TỰ NGUYỆN > Mục 2. CHẾ ĐỘ TỬ TUẤT > Điều 81. Trợ cấp tuất:
Điều 81. Trợ cấp tuất
1. Người lao động đang đóng bảo hiểm xã hội, người lao động đang bảo lưu thời gian đóng bảo hiểm xã hội, người đang hưởng lương hưu khi chết thì thân nhân được hưởng trợ cấp tuất một lần.
2. Mức trợ cấp tuất một lần đối với thân nhân của người lao động đang đóng bảo hiểm xã hội hoặc đang bảo lưu thời gian đóng bảo hiểm xã hội được tính theo số năm đã đóng bảo hiểm xã hội, cứ mỗi năm tính bằng 1,5 tháng mức bình quân thu nhập tháng đóng bảo hiểm xã hội quy định tại Điều 79 của Luật này cho những năm đóng bảo hiểm xã hội trước năm 2014; bằng 02 tháng mức bình quân thu nhập tháng đóng bảo hiểm xã hội cho các năm đóng từ năm 2014 trở đi.
Trường hợp người lao động có thời gian đóng bảo hiểm xã hội chưa đủ một năm thì mức trợ cấp tuất một lần bằng số tiền đã đóng nhưng mức tối đa bằng 02 tháng mức bình quân thu nhập tháng đóng bảo hiểm xã hội; trường hợp người lao động có cả thời gian đóng bảo hiểm xã hội bắt buộc và tự nguyện thì mức hưởng trợ cấp tuất một lần tối thiểu bằng 03 tháng mức bình quân tiền lương và thu nhập tháng đóng bảo hiểm xã hội.
3. Mức trợ cấp tuất một lần đối với thân nhân của người đang hưởng lương hưu chết được tính theo thời gian đã hưởng lương hưu, nếu chết trong 02 tháng đầu hưởng lương hưu thì tính bằng 48 tháng lương hưu đang hưởng; trường hợp chết vào những tháng sau đó, cứ hưởng thêm 01 tháng lương hưu thì mức trợ cấp giảm đi 0,5 tháng lương hưu.","Mức trợ cấp tuất một lần cho thân nhân của người lao động có thời gian đóng bảo hiểm xã hội chưa đủ một năm tối đa bằng 02 tháng mức bình quân thu nhập tháng đóng bảo hiểm xã hội [C1], [C3].",186.1720609999793,1117.119582000214,"[""chunk:luat-58-2014-qh13:dieu-luat-58-2014-qh13-81:article:14480""]","[""chunk:luat-58-2014-qh13:dieu-luat-58-2014-qh13-81:article:14480"", ""chunk:luat-41-2024-qh15:dieu-luat-41-2024-qh15-89:article:11252"", ""chunk:luat-58-2014-qh13:khoan-luat-58-2014-qh13-81-2:clause:14482"", ""chunk:luat-58-2014-qh13:dieu-luat-58-2014-qh13-79:article:14470""]",,0.8325237722465928
q0030,graphrag,single_hop_specific,Hành vi nào bị nghiêm cấm theo Luật Dân số?,1.0,0.25,1.0,0.9919168239115723,0.49999999995,1.0,0.88,"Luật Dân Số (113/2025/QH15) > Chương I. NHỮNG QUY ĐỊNH CHUNG > Điều 6. Các hành vi bị nghiêm cấm:
Điều 6. Các hành vi bị nghiêm cấm
1. Tuyên truyền, phổ biến hoặc đưa thông tin có nội dung sai sự thật, xuyên tạc chủ trương, đường lối của Đảng và chính sách, pháp luật của Nhà nước về dân số.
2. Cản trở việc tuyên truyền, giáo dục, vận động phổ biến thông tin, tư vấn về dân số, kế hoạch hóa gia đình, tiếp cận dịch vụ dân số.
3. Lựa chọn giới tính thai nhi dưới mọi hình thức; thông báo, tiết lộ giới tính thai nhi, trừ trường hợp do Bộ trưởng Bộ Y tế quy định để phục vụ chẩn đoán và điều trị các bệnh liên quan đến giới tính.
4. Cưỡng bức, ép buộc việc sinh con hoặc không sinh con.
5. Kỳ thị, phân biệt đối xử trong tiếp cận dịch vụ dân số.
6. Nhân bản vô tính người.","Theo Luật Dân số, các hành vi sau đây bị nghiêm cấm:
* Tuyên truyền, phổ biến hoặc đưa thông tin có nội dung sai sự thật, xuyên tạc chủ trương, đường lối của Đảng và chính sách, pháp luật của Nhà nước về dân số [C2].
* Cản trở việc tuyên truyền, giáo dục, vận động phổ biến thông tin, tư vấn về dân số, kế hoạch hóa gia đình, tiếp cận dịch vụ dân số [C2], [C4].
* Lựa chọn giới tính thai nhi dưới mọi hình thức; thông báo, tiết lộ giới tính thai nhi, trừ trường hợp do Bộ trưởng Bộ Y tế quy định để phục vụ chẩn đoán và điều trị các bệnh liên quan đến giới tính [C2].
* Cưỡng bức, ép buộc việc sinh con hoặc không sinh con [C1], [C2].
* Kỳ thị, phân biệt đối xử trong tiếp cận dịch vụ dân số [C2], [C3].
* Nhân bản vô tính người [C2].",93.38359000003038,1117.119582000214,"[""chunk:luat-113-2025-qh15:dieu-luat-113-2025-qh15-6:article:6877""]","[""chunk:luat-113-2025-qh15:khoan-luat-113-2025-qh15-6-4:clause:6881"", ""chunk:luat-113-2025-qh15:dieu-luat-113-2025-qh15-6:article:6877"", ""chunk:luat-113-2025-qh15:khoan-luat-113-2025-qh15-6-5:clause:6882"", ""chunk:luat-113-2025-qh15:khoan-luat-113-2025-qh15-6-2:clause:6879""]",,0.8743833647723145
q0031,graphrag,single_hop_specific,"Theo Luật Công Đoàn, tài chính công đoàn được sử dụng cho những nhiệm vụ nào?",0.0,0.0,1.0,0.9961507084515755,0.49999999995,1.0,0.71,"Luật Công Đoàn (50/2024/QH15) > Chương IV. BẢO ĐẢM HOẠT ĐỘNG CỦA CÔNG ĐOÀN > Điều 31. Quản lý, sử dụng tài chính công đoàn:
Điều 31. Quản lý, sử dụng tài chính công đoàn 1. Tài chính công đoàn được sử dụng phục vụ hoạt động công đoàn và bảo đảm các nguyên tắc sau đây: a) Việc quản lý và sử dụng tài chính công đoàn phải bảo đảm nguyên tắc tập trung, công khai, minh bạch, tiết kiệm, hiệu quả, có phân công, phân cấp quản lý, gắn quyền hạn và trách nhiệm của công đoàn các cấp; b) Tổ chức công đoàn các cấp thực hiện công tác kế toán, thống kê, báo cáo, quyết toán tài chính công đoàn theo quy định của pháp luật về kế toán, thống kê; c) Công đoàn thực hiện quản lý, sử dụng tài chính công đoàn theo quy định của pháp luật và quy định của Tổng Liên đoàn Lao động Việt Nam. 2. Tài chính công đoàn được sử dụng cho các nhiệm vụ sau đây: a) Thực hiện hoạt động đại diện, bảo vệ quyền, lợi ích hợp pháp, chính đáng của đoàn viên công đoàn và người lao động; tham gia xây dựng quan hệ lao động tiến bộ, hài hòa và ổn định; b) Tuyên truyền, phổ biến, giáo dục đường lối, chủ trương của Đảng, chính sách, pháp luật của Nhà nước; nâng cao trình độ, chuyên môn, kỹ năng nghề nghiệp, tác phong làm việc cho đoàn viên công đoàn, người lao động; c) Thăm hỏi, trợ cấp cho đoàn viên công đoàn và người lao động khi ốm đau, thai sản, khó khăn, hoạn nạn; tổ chức hoạt động chăm lo khác đối với đoàn viên công đoàn và người lao động; d) Phát triển đoàn viên công đoàn, thành lập công đoàn cơ sở, nghiệp đoàn cơ sở và xây dựng Công đoàn vững mạnh; đ) Đào tạo, bồi dưỡng cán bộ công đoàn; đào tạo, bồi dưỡng người lao động ưu tú tạo nguồn cán bộ cho Đảng, Nhà nước và tổ chức Công đoàn; e) Tổ chức phong trào thi đua do Công đoàn chủ trì hoặc phối hợp phát động; g) Tổ chức hoạt động văn hóa, thể thao, tham quan, du","Theo Luật Công đoàn, tài chính công đoàn được sử dụng cho các nhiệm vụ sau đây [C2]:

*   Thực hiện hoạt động đại diện, bảo vệ quyền, lợi ích hợp pháp, chính đáng của đoàn viên công đoàn và người lao động; tham gia xây dựng quan hệ lao động tiến bộ, hài hòa và ổn định [C2].
*   Tuyên truyền, phổ biến, giáo dục đường lối, chủ trương của Đảng, chính sách, pháp luật của Nhà nước; nâng cao trình độ, chuyên môn, kỹ năng nghề nghiệp, tác phong làm việc cho đoàn viên công đoàn, người lao động [C2].
*   Thăm hỏi, trợ cấp cho đoàn viên công đoàn và người lao động khi ốm đau, thai sản, khó khăn, hoạn nạn; tổ chức hoạt động chăm lo khác đối với đoàn viên công đoàn và người lao động [C2].
*   Phát triển đoàn viên công đoàn, thành lập công đoàn cơ sở, nghiệp đoàn cơ sở và xây dựng Công đoàn vững mạnh [C2].
*   Đào tạo, bồi dưỡng cán bộ công đoàn; đào tạo, bồi dưỡng người lao động ưu tú tạo nguồn cán bộ cho Đảng, Nhà nước và tổ chức Công đoàn [C2].
*   Tổ chức phong trào thi đua do Công đoàn chủ trì hoặc phối hợp phát động [C2].
*   Tổ chức hoạt động văn hóa, thể thao, tham quan, du lịch cho đoàn viên công đoàn và người lao động [C2].
*   Khen thưởng, động viên người lao động, con của người lao động có thành tích trong học tập, công tác [C2].
*   Đầu tư xây dựng nhà ở xã hội cho đoàn viên công đoàn và người lao động thuê; công trình văn hóa, thể thao, hạ tầng kỹ thuật có liên quan phục vụ đoàn viên công đoàn, người lao động theo quy định của pháp luật [C2].
*   Hoạt động bảo đảm bình đẳng giới phù hợp với chức năng, nhiệm vụ của tổ chức Công đoàn [C2].
*   Nghiên cứu khoa học, công nghệ, đổi mới sáng tạo và chuyển đổi số của tổ chức Công đoàn [C2].
*   Chi quản lý hành chính để phục vụ hoạt động của tổ chức Công đoàn các cấp, hoạt động hợp tác [C2].",118.80282899983285,1098.1423939997512,"[""chunk:luat-50-2024-qh15:dieu-luat-50-2024-qh15-31:article:12470""]","[""chunk:luat-50-2024-qh15:dieu-luat-50-2024-qh15-30:article:12465"", ""chunk:luat-50-2024-qh15:khoan-luat-50-2024-qh15-31-2:clause:12477"", ""chunk:luat-50-2024-qh15:dieu-luat-50-2024-qh15-34:article:12512"", ""chunk:nghi-ddinh-283-2026-ndd-cp:dieu-nghi-ddinh-283-2026-ndd-cp-42:article:27485""]",,0.8412301416803152
q0032,graphrag,single_hop_specific,"Trong thời hạn bao nhiêu ngày làm việc kể từ ngày người sử dụng lao động thông báo tuyển dụng người lao động, doanh nghiệp có trách nhiệm cập nhật kết quả trên Sàn giao dịch việc làm quốc gia?",1.0,0.25,1.0,0.9806466857760479,0.5833333333041666,1.0,0.57,"NGHỊ ĐỊNH Quy định chi tiết một số điều của Luật Việc làm về dịch vụ việc làm (352/2025/NĐ-CP) > Chương III. DOANH NGHIỆP HOẠT ĐỘNG DỊCH VỤ VIỆC LÀM > Điều 23. Trách nhiệm của doanh nghiệp hoạt động dịch vụ việc làm > Khoản 2:
2. Trong thời hạn 20 ngày làm việc, kể từ ngày người sử dụng lao động thông báo tuyển dụng người lao động, doanh nghiệp có trách nhiệm cập nhật kết quả trên Sàn giao dịch việc làm quốc gia; thực hiện theo dõi tình trạng việc làm của người lao động do doanh nghiệp giới thiệu tối thiểu 01 tháng hoặc trong thời gian thực hiện hợp đồng lao động đối với những trường hợp thực hiện hợp đồng lao động dưới 01 tháng theo Mẫu số 04 Phụ lục I ban hành kèm theo Nghị định này.","Trong thời hạn 20 ngày làm việc, kể từ ngày người sử dụng lao động thông báo tuyển dụng người lao động, doanh nghiệp có trách nhiệm cập nhật kết quả trên Sàn giao dịch việc làm quốc gia [C2], [C3].",175.66483799964772,1098.1423939997512,"[""chunk:nghi-ddinh-352-2025-ndd-cp:khoan-nghi-ddinh-352-2025-ndd-cp-23-2:clause:29125""]","[""chunk:nghi-ddinh-352-2025-ndd-cp:dieu-nghi-ddinh-352-2025-ndd-cp-22:article:29118"", ""chunk:nghi-ddinh-352-2025-ndd-cp:khoan-nghi-ddinh-352-2025-ndd-cp-23-2:clause:29125"", ""chunk:nghi-ddinh-352-2025-ndd-cp:dieu-nghi-ddinh-352-2025-ndd-cp-23:article:29122"", ""chunk:nghi-ddinh-352-2025-ndd-cp:dieu-nghi-ddinh-352-2025-ndd-cp-21:article:29111""]",,0.826796003816043
q0033,graphrag,single_hop_specific,"Nguyên tắc xếp loại chất lượng cán bộ, công chức là gì?",0.0,0.0,0.9,0.9645857211151195,0.0,0.3333333333333333,0.0,"Luật Sửa Đổi, Bổ Sung Một Số Điều Của Luật Cán Bộ, Công Chức Và Luật Viên Chức (52/2019/QH14) > Điều 1. Sửa đổi, bổ sung một số điều của Luật Cán bộ, công chức > Khoản 1 > Điểm c:
c) Hoàn thành nhiệm vụ;
c) Bộ, cơ quan ngang bộ, cơ quan thuộc Chính phủ, tổ chức do Chính phủ, Thủ tướng Chính phủ thành lập mà không phải là đơn vị sự nghiệp công lập tuyển dụng và phân cấp tuyển dụng công chức trong cơ quan, tổ chức, đơn vị thuộc quyền quản lý;
c) Đáp ứng yêu cầu về văn bằng, chứng chỉ của ngạch công chức đăng ký dự thi;
c) Năng lực, trình độ chuyên môn, nghiệp vụ;
c) Hoàn thành nhiệm vụ;
c) Hạ bậc lương;","Nguyên tắc xếp loại chất lượng cán bộ, công chức được quy định như sau:

*   **Đối với công chức:** Căn cứ vào kết quả theo dõi, đánh giá, công chức được xếp loại chất lượng hằng năm theo các mức: Hoàn thành xuất sắc nhiệm vụ; Hoàn thành tốt nhiệm vụ; Hoàn thành nhiệm vụ; Không hoàn thành nhiệm vụ [C1]. Kết quả xếp loại chất lượng phải được thông báo đến cá nhân công chức, công khai trong cơ quan, tổ chức, đơn vị và được lưu vào hồ sơ công chức [C1].
*   **Đối với cán bộ:** Căn cứ vào kết quả đánh giá, cán bộ được xếp loại chất lượng theo các mức: Hoàn thành xuất sắc nhiệm vụ; Hoàn thành tốt nhiệm vụ; Hoàn thành nhiệm vụ; Không hoàn thành nhiệm vụ [C3].

Ngoài ra, Luật Sửa đổi, bổ sung một số điều của Luật Cán bộ, công chức và Luật Viên chức (52/2019/QH14) cũng quy định về việc xếp loại chất lượng công chức dựa trên kết quả đánh giá với các mức tương tự [C2]. Kết quả xếp loại chất lượng công chức được lưu vào hồ sơ công chức, thông báo đến công chức được đánh giá và được thông báo công khai trong cơ quan, tổ chức, đơn vị nơi công chức công tác [C2].",72.09199699991586,1329.5970320000379,"[""chunk:luat-52-2019-qh14:diem-luat-52-2019-qh14-1-1-c:point:13099""]","[""chunk:luat-80-2025-qh15:dieu-luat-80-2025-qh15-26:article:17501"", ""chunk:luat-52-2019-qh14:dieu-luat-52-2019-qh14-1:sliding:13077"", ""chunk:luat-52-2019-qh14:dieu-luat-52-2019-qh14-1:article:13069"", ""chunk:luat-80-2025-qh15:dieu-luat-80-2025-qh15-1:article:17312""]",,0.4395838108896906
q0034,graphrag,single_hop_specific,"Cơ quan, tổ chức, cá nhân hoạt động trong lĩnh vực sức khỏe có được cung cấp dữ liệu cá nhân cho bên thứ ba là tổ chức cung cấp dịch vụ chăm sóc sức khỏe hoặc dịch vụ bảo hiểm sức khỏe, bảo hiểm nhân thọ khi có yêu cầu bằng văn bản của chủ thể dữ liệu cá nhân hay không?",0.0,0.0,0.9166666666666666,0.9268208151028802,0.49999999995,1.0,0.27,"Luật Bảo Vệ Dữ Liệu Cá Nhân (91/2025/QH15) > Chương II. BẢO VỆ DỮ LIỆU CÁ NHÂN > Mục 2. BẢO VỆ DỮ LIỆU CÁ NHÂN TRONG MỘT SỐ HOẠT ĐỘNG > Điều 26. Bảo vệ dữ liệu cá nhân đối với thông tin sức khỏe và trong hoạt động kinh doanh bảo hiểm > Khoản 2:
2. Cơ quan, tổ chức, cá nhân hoạt động trong lĩnh vực sức khỏe không cung cấp dữ liệu cá nhân cho bên thứ ba là tổ chức cung cấp dịch vụ chăm sóc sức khỏe hoặc dịch vụ bảo hiểm sức khỏe, bảo hiểm nhân thọ, trừ trường hợp có yêu cầu bằng văn bản của chủ thể dữ liệu cá nhân hoặc trường hợp quy định tại khoản 1 Điều 19 của Luật này.","Cơ quan, tổ chức, cá nhân hoạt động trong lĩnh vực sức khỏe **được phép** cung cấp dữ liệu cá nhân cho bên thứ ba là tổ chức cung cấp dịch vụ chăm sóc sức khỏe hoặc dịch vụ bảo hiểm sức khỏe, bảo hiểm nhân thọ khi có yêu cầu bằng văn bản của chủ thể dữ liệu cá nhân [C2].

Ngoài ra, việc cung cấp dữ liệu cá nhân cũng được phép trong các trường hợp không cần sự đồng ý của chủ thể dữ liệu cá nhân theo quy định tại khoản 1 Điều 19 của Luật này [C2]. Các trường hợp này bao gồm:
*   Để bảo vệ tính mạng, sức khỏe, danh dự, nhân phẩm, quyền, lợi ích hợp pháp của chủ thể dữ liệu cá nhân hoặc người khác trong trường hợp cấp bách; bảo vệ quyền hoặc lợi ích chính đáng của mình, của người khác hoặc lợi ích của Nhà nước, của cơ quan tổ chức một cách cần thiết trước hành vi xâm phạm lợi ích nói trên [C1a].
*   Để giải quyết tình trạng khẩn cấp; nguy cơ đe dọa an ninh quốc gia nhưng chưa đến mức ban bố tình trạng khẩn cấp; phòng, chống bạo loạn, khủng bố, phòng, chống tội phạm và vi phạm pháp luật [C1b].
*   Phục vụ hoạt động của cơ quan nhà nước, hoạt động quản lý nhà nước theo quy định của pháp luật [C1c].
*   Thực hiện thỏa thuận của chủ thể dữ liệu cá nhân với cơ quan, tổ chức, cá nhân có liên quan theo quy định của pháp luật [C1d].
*   Trường hợp khác theo quy định của pháp luật [C1đ].",142.54872799983787,1329.5970320000379,"[""chunk:luat-91-2025-qh15:khoan-luat-91-2025-qh15-26-2:clause:18715""]","[""chunk:luat-91-2025-qh15:khoan-luat-91-2025-qh15-19-1:clause:18638"", ""chunk:luat-91-2025-qh15:dieu-luat-91-2025-qh15-26:article:18711"", ""chunk:luat-91-2025-qh15:khoan-luat-91-2025-qh15-26-1:clause:18712"", ""chunk:luat-91-2025-qh15:dieu-luat-91-2025-qh15-17:article:18623""]",,0.7226974963439093
q0035,graphrag,single_hop_specific,Bộ Nội vụ có trách nhiệm báo cáo Chính phủ về đội ngũ viên chức khi nào?,1.0,0.25,1.0,1.0,0.99999999995,1.0,0.2,"Luật Viên Chức (58/2010/QH12) > Chương III. TUYỂN DỤNG, SỬ DỤNG VIÊN CHỨC > Mục 7. CHẾ ĐỘ THÔI VIỆC, HƯU TRÍ > Điều 47. Quản lý nhà nước về viên chức > Khoản 2:
2. Bộ Nội vụ chịu trách nhiệm trước Chính phủ thực hiện việc quản lý nhà nước về viên chức và có các nhiệm vụ, quyền hạn sau:
a) Xây dựng và ban hành theo thẩm quyền hoặc trình cơ quan có thẩm quyền ban hành văn bản quy phạm pháp luật về viên chức;
b) Chủ trì phối hợp với các bộ, cơ quan ngang bộ lập quy hoạch, kế hoạch xây dựng, phát triển đội ngũ viên chức trình cấp có thẩm quyền quyết định;
c) Chủ trì phối hợp với các bộ, cơ quan ngang bộ trong việc ban hành hệ thống danh mục, tiêu chuẩn và mã số chức danh nghề nghiệp;
d) Quản lý công tác thống kê về viên chức; hướng dẫn việc lập, quản lý hồ sơ viên chức; phát triển và vận hành cơ sở dữ liệu quốc gia về viên chức;
đ) Thanh tra, kiểm tra việc quản lý nhà nước về viên chức;
e) Hàng năm, báo cáo Chính phủ về đội ngũ viên chức.","Bộ Nội vụ có trách nhiệm báo cáo Chính phủ về đội ngũ viên chức **hàng năm** [C1, C2].",119.11730700012413,874.7905150003135,"[""chunk:luat-58-2010-qh12:khoan-luat-58-2010-qh12-47-2:clause:13908""]","[""chunk:luat-58-2010-qh12:khoan-luat-58-2010-qh12-47-2:clause:13908"", ""chunk:luat-58-2010-qh12:dieu-luat-58-2010-qh12-47:article:13906"", ""chunk:luat-22-2008-qh12:dieu-luat-22-2008-qh12-68:article:9250"", ""chunk:luat-22-2008-qh12:khoan-luat-22-2008-qh12-68-4:clause:9257""]",,0.8399999999900001
q0036,graphrag,single_hop_specific,Nghị định số 90/2019/NĐ-CP hết hiệu lực khi nào?,0.0,0.0,1.0,1.0,0.249999999975,0.6666666666666666,0.4,"NGHỊ ĐỊNH Quy định mức lương tối thiểu đối với người lao động làm việc theo hợp đồng lao động (38/2022/NĐ-CP) > Điều 5. Hiệu lực và trách nhiệm thi hành > Khoản 2:
2. Nghị định số 90/2019/NĐ-CP ngày 15 tháng 11 năm 2019 của Chính phủ quy định mức lương tối thiểu vùng đối với người lao động làm việc theo hợp đồng lao động hết hiệu lực kể từ ngày Nghị định này có hiệu lực thi hành. 2. Vùng II, gồm các địa bàn: - Các huyện còn lại thuộc thành phố Hà Nội; - Các huyện còn lại thuộc thành phố Hải Phòng; - Thành phố Hải Dương thuộc tỉnh Hải Dương; - Thành phố Hưng Yên, thị xã Mỹ Hào và các huyện Văn Lâm, Văn Giang, Yên Mỹ thuộc tỉnh Hưng Yên; - Các thành phố Vĩnh Yên, Phúc Yên và các huyện Bình Xuyên, Yên Lạc thuộc tỉnh Vĩnh Phúc; - Các thành phố Bắc Ninh, Từ Sơn và các huyện Quế Võ, Tiên Du, Yên Phong, Thuận Thành, Gia Bình, Lương Tài thuộc tỉnh Bắc Ninh; - Các thành phố Cẩm Phả, Uông Bí, Móng Cái và các thị xã Quảng Yên, Đông Triều thuộc tỉnh Quảng Ninh; - Các thành phố Thái Nguyên, Sông Công và Phổ Yên thuộc tỉnh Thái Nguyên; - Thành phố Hoà Bình và huyện Lương Sơn thuộc tỉnh Hòa Bình; - Thành phố Việt Trì thuộc tỉnh Phú Thọ; - Thành phố Lào Cai thuộc tỉnh Lào Cai; - Thành phố Nam Định và huyện Mỹ Lộc thuộc tỉnh Nam Định; - Thành phố Ninh Bình thuộc tỉnh Ninh Bình; - Thành phố Vinh, thị xã Cửa Lò và các huyện Nghi Lộc, Hưng Nguyên thuộc tỉnh Nghệ An; - Thành phố Đồng Hới thuộc tỉnh Quảng Bình; - Thành phố Huế thuộc tỉnh Thừa Thiên Huế; - Các thành phố Hội An, Tam Kỳ thuộc tỉnh Quảng Nam; - Các quận, huyện thuộc thành phố Đà Nẵng; - Các thành phố Nha Trang, Cam Ranh thuộc tỉnh Khánh Hòa; - Các thành phố Đà Lạt, Bảo Lộc thuộc tỉnh Lâm Đồng; - Thành phố Phan Thiết thuộc tỉnh Bình Thuận; - Huyện Cần Giờ thuộc thành phố Hồ Chí Minh; - Thành phố Tây Ninh, các thị xã Trảng Bàng, Hòa Thành và huyện Gò Dầu thuộc tỉnh",Nghị định số 90/2019/NĐ-CP hết hiệu lực kể từ ngày Nghị định số 38/2022/NĐ-CP có hiệu lực thi hành [C4]. Nghị định số 38/2022/NĐ-CP có hiệu lực thi hành kể từ ngày 01 tháng 7 năm 2022 [C4].,84.52552700009619,874.7905150003135,"[""chunk:nghi-ddinh-38-2022-ndd-cp:khoan-nghi-ddinh-38-2022-ndd-cp-5-2:clause:29850""]","[""chunk:nghi-ddinh-338-2025-ndd-cp:dieu-nghi-ddinh-338-2025-ndd-cp-1:article:28577"", ""chunk:luat-38-2013-qh13:dieu-luat-38-2013-qh13-52:article:10425"", ""chunk:nghi-ddinh-338-2025-ndd-cp:dieu-nghi-ddinh-338-2025-ndd-cp-34:article:28775"", ""chunk:nghi-ddinh-38-2022-ndd-cp:dieu-nghi-ddinh-38-2022-ndd-cp-5:article:29843""]",,0.6633333333283333
q0037,graphrag,single_hop_specific,Người phụ thuộc là những đối tượng nào mà người nộp thuế có trách nhiệm nuôi dưỡng?,0.0,0.0,1.0,0.9394620426767614,0.9999999999,1.0,1.0,"Luật Thuế Thu Nhập Cá Nhân (109/2025/QH15) > Chương II. CĂN CỨ TÍNH THUẾ ĐỐI VỚI CÁ NHÂN CƯ TRÚ > Điều 10. Giảm trừ gia cảnh > Khoản 4:
4. Người phụ thuộc là người mà người nộp thuế có trách nhiệm nuôi dưỡng, bao gồm:
a) Con chưa thành niên; con là người mất năng lực hành vi dân sự, người khuyết tật, không có khả năng lao động;
b) Các cá nhân không có thu nhập hoặc có thu nhập không vượt quá mức do Bộ trưởng Bộ Tài chính quy định, bao gồm con thành niên đang học đại học, cao đẳng, trung học chuyên nghiệp hoặc học nghề; vợ hoặc chồng không có khả năng lao động; bố, mẹ đã hết tuổi lao động hoặc không có khả năng lao động; những người khác không nơi nương tựa mà người nộp thuế phải trực tiếp nuôi dưỡng.","Theo Luật Thuế Thu Nhập Cá Nhân, người phụ thuộc là người mà người nộp thuế có trách nhiệm nuôi dưỡng, bao gồm [C1]:
*   Con chưa thành niên; con là người mất năng lực hành vi dân sự, người khuyết tật, không có khả năng lao động [C1].
*   Các cá nhân không có thu nhập hoặc có thu nhập không vượt quá mức do Bộ trưởng Bộ Tài chính quy định, bao gồm [C1]:
    *   Con thành niên đang học đại học, cao đẳng, trung học chuyên nghiệp hoặc học nghề [C1].
    *   Vợ hoặc chồng không có khả năng lao động [C1].
    *   Bố, mẹ đã hết tuổi lao động hoặc không có khả năng lao động [C1].
    *   Những người khác không nơi nương tựa mà người nộp thuế phải trực tiếp nuôi dưỡng [C1].",92.2211340002832,22286.936091499683,"[""chunk:luat-109-2025-qh15:khoan-luat-109-2025-qh15-10-4:clause:6425""]","[""chunk:luat-109-2025-qh15:dieu-luat-109-2025-qh15-10:article:6419"", ""chunk:luat-25-2008-qh12:dieu-luat-25-2008-qh12-12:article:9395"", ""chunk:luat-25-2008-qh12:khoan-luat-25-2008-qh12-12-23:clause:9423"", ""chunk:luat-109-2025-qh15:dieu-luat-109-2025-qh15-3:article:6313""]",,0.9878924085153523
q0038,graphrag,single_hop_specific,Người lao động có nhu cầu học nghề phải nộp hồ sơ đề nghị hỗ trợ học nghề tại đâu?,1.0,0.25,1.0,0.9864738928758537,0.8333333332916666,1.0,0.8,"Nghị Định Quy Định Chi Tiết Thi Hành Một Số Điều Của Luật Việc Làm Về Bảo Hiểm Thất Nghiệp (28/2015/NĐ-CP) > Chương IV. TỔ CHỨC THỰC HIỆN BẢO HIỂM THẤT NGHIỆP > Mục 4. HỖ TRỢ HỌC NGHỀ > Điều 25. Giải quyết hỗ trợ học nghề > Khoản 2:
2. Người lao động có nhu cầu học nghề thì phải nộp 01 bộ hồ sơ đề nghị hỗ trợ học nghề cho trung tâm dịch vụ việc làm.
a) Hồ sơ đề nghị hỗ trợ học nghề theo quy định tại Khoản 1 Điều 24 Nghị định này nộp cho trung tâm dịch vụ việc làm nơi người lao động đang hưởng trợ cấp thất nghiệp;
b) Hồ sơ đề nghị hỗ trợ học nghề theo quy định tại Khoản 2 Điều 24 Nghị định này nộp cho trung tâm dịch vụ việc làm địa phương nơi người lao động có nhu cầu học nghề.","Người lao động có nhu cầu học nghề phải nộp 01 bộ hồ sơ đề nghị hỗ trợ học nghề cho trung tâm dịch vụ việc làm [C1].

Cụ thể:
*   Nếu người lao động đang hưởng trợ cấp thất nghiệp, hồ sơ đề nghị hỗ trợ học nghề sẽ được nộp tại trung tâm dịch vụ việc làm nơi người lao động đang hưởng trợ cấp thất nghiệp [C1a, C4.1].
*   Nếu người lao động có thời gian đóng bảo hiểm thất nghiệp từ đủ 09 tháng trở lên nhưng không thuộc diện đang hưởng trợ cấp thất nghiệp, hồ sơ đề nghị hỗ trợ học nghề sẽ được nộp cùng với hồ sơ đề nghị hưởng trợ cấp thất nghiệp tại trung tâm dịch vụ việc làm ở địa phương nơi người lao động có nhu cầu học nghề [C1b, C4.2].",125.1461729998482,22286.936091499683,"[""chunk:nghi-ddinh-28-2015-ndd-cp:khoan-nghi-ddinh-28-2015-ndd-cp-25-2:clause:26658""]","[""chunk:nghi-ddinh-28-2015-ndd-cp:khoan-nghi-ddinh-28-2015-ndd-cp-25-2:clause:26658"", ""chunk:nghi-ddinh-374-2025-ndd-cp:dieu-nghi-ddinh-374-2025-ndd-cp-12:article:29447"", ""chunk:nghi-ddinh-28-2015-ndd-cp:dieu-nghi-ddinh-28-2015-ndd-cp-25:article:26655"", ""chunk:thong-tu-28-2015-tt-blddtbxh:dieu-thong-tu-28-2015-tt-blddtbxh-11:article:31120""]",,0.923961445233504
q0039,graphrag,single_hop_specific,"Bộ Tài chính có trách nhiệm phối hợp với các bộ, ngành nào để tổ chức thực hiện và quản lý việc ứng dụng công nghệ thông tin trong chi trả các chế độ bảo hiểm thất nghiệp thống nhất trên toàn quốc?",1.0,0.25,1.0,0.9439417790416573,0.99999999995,1.0,0.67,"NGHỊ ĐỊNH Quy định chi tiết một số điều của Luật Việc làm về bảo hiểm thất nghiệp (374/2025/NĐ-CP) > Chương VIII. QUYỀN, TRÁCH NHIỆM CỦA CÁC CƠ QUAN, TỔ CHỨC, CÁ NHÂN TRONG VIỆC THỰC HIỆN BẢO HIỂM THẤT NGHIỆP > Điều 42. Trách nhiệm của Bộ Tài chính > Khoản 3:
3. Phối hợp với các bộ, ngành tổ chức thực hiện và quản lý việc ứng dụng công nghệ thông tin, thực hiện giao dịch điện tử trong chi trả các chế độ bảo hiểm thất nghiệp thống nhất trên toàn quốc; bảo đảm kết nối, chia sẻ dữ liệu với tổ chức dịch vụ việc làm công, cổng Dịch vụ công quốc gia và các hệ thống thông tin, bảo đảm an toàn, an ninh mạng và bảo vệ dữ liệu cá nhân theo quy định của pháp luật.","Bộ Tài chính có trách nhiệm phối hợp với các bộ, ngành để tổ chức thực hiện và quản lý việc ứng dụng công nghệ thông tin, thực hiện giao dịch điện tử trong chi trả các chế độ bảo hiểm thất nghiệp thống nhất trên toàn quốc [C1], [C2]. Ngữ cảnh không nêu rõ cụ thể các bộ, ngành nào.",175.67911200012531,824.0627985001083,"[""chunk:nghi-ddinh-374-2025-ndd-cp:khoan-nghi-ddinh-374-2025-ndd-cp-42-3:clause:29762""]","[""chunk:nghi-ddinh-374-2025-ndd-cp:dieu-nghi-ddinh-374-2025-ndd-cp-42:article:29759"", ""chunk:nghi-ddinh-374-2025-ndd-cp:khoan-nghi-ddinh-374-2025-ndd-cp-42-3:clause:29762"", ""chunk:nghi-ddinh-374-2025-ndd-cp:khoan-nghi-ddinh-374-2025-ndd-cp-40-7:clause:29749"", ""chunk:nghi-ddinh-374-2025-ndd-cp:dieu-nghi-ddinh-374-2025-ndd-cp-40:article:29742""]",,0.9227883557983315
q0040,graphrag,single_hop_specific,Giáo dục tiểu học và giáo dục trung học cơ sở là loại hình giáo dục nào?,0.0,0.0,1.0,0.9810902062689452,0.0,0.0,0.0,"Luật Sửa Đổi, Bổ Sung Một Số Điều Của Luật Giáo Dục (123/2025/QH15) > Điều 1. Sửa đổi, bổ sung một số điều của Luật Giáo dục > Khoản 4:
4. Văn bằng, chứng chỉ do cơ sở giáo dục thuộc các loại hình và hình thức đào tạo trong hệ thống giáo dục quốc dân cấp có giá trị pháp lý như nhau.
4. Sửa đổi, bổ sung một số khoản của Điều 14 như sau:
a) Sửa đổi, bổ sung khoản 1 như sau:
“1. Giáo dục tiểu học và giáo dục trung học cơ sở là giáo dục bắt buộc.
Nhà nước thực hiện phổ cập giáo dục mầm non cho trẻ em từ 03 tuổi đến 06 tuổi.”;
b) Bổ sung khoản 5 vào sau khoản 4 như sau:
“5. Chính phủ quy định chi tiết khoản 1 và khoản 2 Điều này.”.
4. Nhà nước đầu tư chuyển đổi số toàn diện trong giáo dục và đào tạo thông qua phát triển hạ tầng số, nền tảng số, cơ sở dữ liệu quốc gia về giáo dục và đào tạo, ứng dụng công nghệ số nhằm nâng cao hiệu lực, hiệu quả quản trị, quản lý nhà nước, hoạt động dạy và học, nghiên cứu khoa học, công nghệ và đổi mới sáng tạo.
4. Người có thẩm quyền thành lập hoặc cho phép thành lập nhà trường có thẩm quyền thu hồi quyết định thành lập hoặc cho phép thành lập, quyết định thay đổi địa điểm hoạt động giáo dục hoặc địa điểm đào tạo, quyết định sáp nhập, chia, tách, giải thể, đổi tên nhà trường.
Trường hợp sáp nhập giữa các nhà trường không do cùng một cấp có thẩm quyền thành lập thì cấp có thẩm quyền cao hơn quyết định; trường hợp cấp có thẩm quyền thành lập ngang nhau thì cấp có thẩm quyền ngang nhau đó thỏa thuận quyết định.
4. Thủ tục thành lập, cơ cấu tổ chức, nhiệm vụ, quyền hạn của hội đồng trường; mối quan hệ giữa nhà đầu tư với hội đồng trường, hiệu trưởng nhà trường quy định tại khoản 2, khoản 3 Điều này được quy định trong điều lệ, quy chế tổ chức và hoạt động của nhà trường.”.","Giáo dục tiểu học và giáo dục trung học cơ sở là các cấp học thuộc **giáo dục phổ thông** [C1], [C3]. Cụ thể hơn, chúng thuộc **giai đoạn giáo dục cơ bản** của giáo dục phổ thông [C4].",86.55994699984149,824.0627985001083,"[""chunk:luat-123-2025-qh15:khoan-luat-123-2025-qh15-1-4:clause:7101""]","[""chunk:luat-43-2019-qh14:dieu-luat-43-2019-qh14-28:article:11731"", ""chunk:luat-43-2019-qh14:dieu-luat-43-2019-qh14-29:article:11741"", ""chunk:luat-43-2019-qh14:khoan-luat-43-2019-qh14-28-1:clause:11732"", ""chunk:luat-43-2019-qh14:khoan-luat-43-2019-qh14-28-3:clause:11739""]",,0.396218041253789
q0041,graphrag,single_hop_specific,"Mức phạt tiền thấp nhất đối với người sử dụng lao động sửa chữa, làm sai lệch văn bản, tài liệu trong hồ sơ đề nghị cấp giấy phép lao động cho người lao động nước ngoài nhưng chưa đến mức truy cứu trách nhiệm hình sự là bao nhiêu?",1.0,0.25,1.0,1.0,0.49999999995,1.0,0.36,"NGHỊ ĐỊNH Quy định xử phạt vi phạm hành chính trong lĩnh vực lao động, bảo hiểm xã hội, người lao động Việt Nam đi làm việc (283/2026/NĐ-CP) > Chương II. HÀNH VI VI PHẠM, HÌNH THỨC XỬ PHẠT VÀ BIỆN PHÁP KHẮC PHỤC HẬU QUẢ ĐỐI VỚI HÀNH VI VI PHẠM TRONG LĨNH VỰC LAO ĐỘNG > Mục 1. HÀNH VI VI PHẠM HÀNH CHÍNH VỀ VIỆC LÀM, TUYỂN DỤNG VÀ QUẢN LÝ LAO ĐỘNG > Điều 13. Vi phạm quy định về người lao động nước ngoài làm việc tại Việt Nam > Khoản 4:
4. Phạt tiền từ 40.000.000 đồng đến 60.000.000 đồng đối với người sử dụng lao động có một trong các hành vi sau đây:
a) Sửa chữa, làm sai lệch văn bản, tài liệu trong hồ sơ đề nghị cấp, cấp lại, gia hạn giấy phép lao động, giấy xác nhận không thuộc diện cấp giấy phép lao động đối với người lao động nước ngoài nhưng chưa đến mức truy cứu trách nhiệm hình sự;
b) Sử dụng giấy tờ, tài liệu giả mạo trong hồ sơ đề nghị cấp, cấp lại, gia hạn giấy phép lao động, giấy xác nhận không thuộc diện cấp giấy phép lao động mà không bị truy cứu trách nhiệm hình sự.","Mức phạt tiền thấp nhất đối với người sử dụng lao động sửa chữa, làm sai lệch văn bản, tài liệu trong hồ sơ đề nghị cấp giấy phép lao động cho người lao động nước ngoài nhưng chưa đến mức truy cứu trách nhiệm hình sự là 40.000.000 đồng [C2].",154.2515370001638,1119.9257869998291,"[""chunk:nghi-ddinh-283-2026-ndd-cp:khoan-nghi-ddinh-283-2026-ndd-cp-13-4:clause:26938""]","[""chunk:nghi-ddinh-12-2022-ndd-cp:khoan-nghi-ddinh-12-2022-ndd-cp-7-5:clause:22270"", ""chunk:nghi-ddinh-283-2026-ndd-cp:khoan-nghi-ddinh-283-2026-ndd-cp-13-4:clause:26938"", ""chunk:nghi-ddinh-283-2026-ndd-cp:khoan-nghi-ddinh-283-2026-ndd-cp-10-4:clause:26895"", ""chunk:nghi-ddinh-283-2026-ndd-cp:diem-nghi-ddinh-283-2026-ndd-cp-8-2-c:point:26868""]",,0.77199999999
q0042,graphrag,single_hop_specific,"Trường hợp người bệnh không thuộc đối tượng quy định tại điểm a và điểm b khoản 3 Điều này khám bệnh, chữa bệnh tại cơ sở khám bệnh, chữa bệnh trước ngày 01 tháng 7 năm 2025 và kết thúc đợt điều trị từ ngày 01 tháng 7 năm 2025 thì áp dụng theo quy định của Luật nào?",0.0,0.0,0.5,0.0,0.0,0.0,0.0,"Luật Sửa Đổi, Bổ Sung Một Số Điều Của Luật Bảo Hiểm Y Tế (51/2024/QH15) > Điều 3. Điều khoản thi hành > Khoản 5:
5. Quy định chuyển tiếp:
a) Trường hợp người bệnh không thuộc đối tượng quy định tại điểm a và điểm b khoản 3 Điều này khám bệnh, chữa bệnh tại cơ sở khám bệnh, chữa bệnh trước ngày 01 tháng 7 năm 2025 và kết thúc đợt điều trị từ ngày 01 tháng 7 năm 2025 thì áp dụng theo quy định của Luật này;
b) Mức tham chiếu quy định tại Luật này áp dụng theo mức lương cơ sở. Trường hợp chính sách tiền lương có thay đổi, Chính phủ quyết định mức tham chiếu cụ thể;
c) Hợp đồng khám bệnh, chữa bệnh bảo hiểm y tế được ký trước ngày 01 tháng 7 năm 2025 mà còn hiệu lực sau ngày 01 tháng 7 năm 2025 được thực hiện theo quy định của Chính phủ;
d) Đối với số tiền bảo hiểm y tế mà người sử dụng lao động có trách nhiệm đóng theo quy định của Luật Bảo hiểm y tế số 25/2008/QH12 đã được sửa đổi, bổ sung một số điều theo Luật số 32/2013/QH13, Luật số 46/2014/QH13, Luật số 97/2015/QH13, Luật số 35/2018/QH14, Luật số 68/2020/QH14 và Luật số 30/2023/QH15 nhưng đến hết ngày 30 tháng 6 năm 2025 mà không đóng hoặc không đóng đầy đủ thì được xử lý theo quy định về chậm đóng của Luật này.
Luật này được Quốc hội nước Cộng hòa xã hội chủ nghĩa Việt Nam khóa XV, kỳ họp thứ 8 thông qua ngày 27 tháng 11 năm 2024.
CHỦ TỊCH QUỐC HỘI Trần Thanh Mẫn","Ngữ cảnh được cung cấp không đề cập đến trường hợp người bệnh không thuộc đối tượng quy định tại điểm a và điểm b khoản 3 Điều này khám bệnh, chữa bệnh tại cơ sở khám bệnh, chữa bệnh trước ngày 01 tháng 7 năm 2025 và kết thúc đợt điều trị từ ngày 01 tháng 7 năm 2025. Do đó, không thể xác định được Luật nào sẽ được áp dụng trong trường hợp này.",181.95732200001657,1119.9257869998291,"[""chunk:luat-51-2024-qh15:khoan-luat-51-2024-qh15-3-5:clause:13063""]","[""chunk:luat-51-2024-qh15:dieu-luat-51-2024-qh15-3:article:13055"", ""chunk:luat-51-2024-qh15:khoan-luat-51-2024-qh15-3-3:clause:13059"", ""chunk:luat-51-2024-qh15:khoan-luat-51-2024-qh15-1-16:clause:13011"", ""chunk:luat-51-2024-qh15:khoan-luat-51-2024-qh15-1-17:clause:13013""]",,0.1
q0043,graphrag,single_hop_specific,"Cơ quan nào thanh tra việc sử dụng ngân sách, tuyển dụng, quản lý công chức, viên chức trong hệ thống tổ chức thi hành án dân sự?",1.0,0.25,1.0,0.8783319170070647,0.9999999999,1.0,0.44,"Luật Sửa Đổi, Bổ Sung Một Số Điều Của Luật Thi Hành Án Dân Sự (64/2014/QH13) > Điều 43. Sửa đổi, bổ sung điểm e khoản 1 Điều 167 như sau::
Điều 43. Sửa đổi, bổ sung điểm e khoản 1 Điều 167 như sau:
“e) Thanh tra việc sử dụng ngân sách, việc tuyển dụng, sử dụng, quản lý, thực hiện chế độ chính sách đối với công chức, viên chức, người lao động trong hệ thống tổ chức thi hành án dân sự; kiểm tra, giải quyết khiếu nại, tố cáo, khen thưởng, xử lý vi phạm trong công tác thi hành án dân sự;”","Bộ Tư pháp có nhiệm vụ và quyền hạn thanh tra việc sử dụng ngân sách, việc tuyển dụng, sử dụng, quản lý, thực hiện chế độ chính sách đối với công chức, viên chức, người lao động trong hệ thống tổ chức thi hành án dân sự [C1], [C4].",153.87680899993939,946.7549635000978,"[""chunk:luat-64-2014-qh13:dieu-luat-64-2014-qh13-43:article:15356""]","[""chunk:luat-64-2014-qh13:dieu-luat-64-2014-qh13-43:article:15356"", ""chunk:luat-58-2010-qh12:dieu-luat-58-2010-qh12-50:article:13932"", ""chunk:luat-58-2010-qh12:khoan-luat-58-2010-qh12-50-1:clause:13933"", ""chunk:26-2008-qh12-82197:dieu-26-2008-qh12-82197-167:article:1075""]",,0.8636663833814129
q0044,graphrag,single_hop_specific,Doanh nghiệp có vai trò như thế nào trong giáo dục nghề nghiệp?,1.0,0.25,1.0,0.9972328223343871,0.99999999995,1.0,1.0,"Luật Giáo Dục Nghề Nghiệp (124/2025/QH15) > Chương VI. VAI TRÒ, QUYỀN VÀ TRÁCH NHIỆM CỦA DOANH NGHIỆP > Điều 31. Vai trò của doanh nghiệp:
Điều 31. Vai trò của doanh nghiệp
1. Doanh nghiệp có vai trò đặc biệt quan trọng trong giáo dục nghề nghiệp, đồng hành với Nhà nước, cơ sở hoạt động giáo dục nghề nghiệp trong đào tạo nguồn nhân lực có kỹ năng nghề, đáp ứng yêu cầu của thị trường lao động.
2. Doanh nghiệp trực tiếp thực hiện hoặc tham gia các hoạt động giáo dục nghề nghiệp theo quy định của pháp luật.
3. Doanh nghiệp là cơ sở thực hành, thực tập giúp người học, giảng viên, giáo viên tiếp cận công nghệ, quy trình sản xuất thực tiễn và nâng cao kỹ năng nghề nghiệp.","Doanh nghiệp có vai trò đặc biệt quan trọng trong giáo dục nghề nghiệp, cụ thể như sau:
*   Doanh nghiệp đồng hành với Nhà nước và các cơ sở hoạt động giáo dục nghề nghiệp trong việc đào tạo nguồn nhân lực có kỹ năng nghề, nhằm đáp ứng yêu cầu của thị trường lao động [C1], [C2].
*   Doanh nghiệp có thể trực tiếp thực hiện hoặc tham gia vào các hoạt động giáo dục nghề nghiệp theo quy định của pháp luật [C1], [C3].
*   Doanh nghiệp đóng vai trò là cơ sở thực hành, thực tập, giúp người học, giảng viên, giáo viên tiếp cận công nghệ, quy trình sản xuất thực tiễn và nâng cao kỹ năng nghề nghiệp [C1], [C4].",78.11101400011466,946.7549635000978,"[""chunk:luat-124-2025-qh15:dieu-luat-124-2025-qh15-31:article:7421""]","[""chunk:luat-124-2025-qh15:dieu-luat-124-2025-qh15-31:article:7421"", ""chunk:luat-124-2025-qh15:khoan-luat-124-2025-qh15-31-1:clause:7422"", ""chunk:luat-124-2025-qh15:khoan-luat-124-2025-qh15-31-2:clause:7423"", ""chunk:luat-124-2025-qh15:khoan-luat-124-2025-qh15-31-3:clause:7424""]",,0.9994465644568773
q0045,graphrag,single_hop_specific,"Mức chi thù lao bình quân cho cơ sở giáo dục tối đa bằng bao nhiêu phần trăm số tiền đóng của học sinh, sinh viên?",0.0,0.0,1.0,0.0,0.0,1.0,0.0,"THÔNG TƯ[1] HƯỚNG DẪN THỰC HIỆN CƠ CHẾ QUẢN LÝ TÀI CHÍNH VỀ BẢO HIỂM XÃ HỘI, BẢO HIỂM Y TẾ, BẢO HIỂM THẤT NGHIỆP VÀ CHI PHÍ QUẢN LÝ BẢO HIỂM XÃ HỘI, BẢO HIỂM Y TẾ, BẢO HIỂM THẤT NGHIỆP Thông tư số 20/2016/TT-BTC ngày 03 tháng 02 năm 2016 của Bộ trưởng Bộ Tài chính hướng dẫn thực hiện cơ chế quản lý tài chính về bảo hiểm xã hội, bảo hiểm y tế, bảo hiểm thất nghiệp và chi phí quản lý bảo hiểm xã hội, bảo hiểm y tế, bảo hiểm thất nghiệp, có hiệu lực thi hành kể từ ngày 20 tháng 3 năm 2016, được sửa đổi, bổ sung bởi: (22/VBHN-BTC) > Chương III. CHI PHÍ QUẢN LÝ BẢO HIỂM XÃ HỘI, BẢO HIỂM Y TẾ, BẢO HIỂM THẤT NGHIỆP > Điều 9. Chi phí quản lý đối với BHXH Bộ Quốc phòng, Bộ Công an > Khoản 1:
1. Nội dung chi: a)[11] Chi tuyên truyền, phổ biến chính sách, pháp luật về BHXH, bảo hiểm y tế, bảo hiểm thất nghiệp; tập huấn, bồi dưỡng chuyên môn, nghiệp vụ; cải cách thủ tục hành chính; quản lý người tham gia, người thụ hưởng BHXH, bảo hiểm y tế, bảo hiểm thất nghiệp; chi công tác thanh tra, kiểm tra, giám sát và chi hiện đại hóa hệ thống quản lý: Thực hiện theo các nội dung chi có liên quan quy định tại các Khoản 1, Khoản 2, Khoản 3, Khoản 4, Điểm b, c Khoản 6, Khoản 8 và Khoản 11 Điều 9 Quyết định số 60/2015/QĐ-TTg, Điểm a và c Khoản 9 Điều 1 Quyết định số 38/2019/QĐ-TTg; b)[12] Chi phục vụ công tác thu BHXH tự nguyện; thu bảo hiểm y tế của học sinh, sinh viên hệ dân sự đang theo học tại cơ sở giáo dục do Bộ Quốc phòng, Bộ Công an quản lý: Mức chi tối đa bằng 7,5% số tiền đóng của người tham gia (không bao gồm số thu do ngân sách nhà nước, tổ chức, cá nhân hỗ trợ), trong đó: mức chi thù lao bình quân cho tổ chức làm đại lý thu bảo hiểm xã hội tự nguyện tối đa bằng 14% số tiền đóng của người tham gia BHXH tự nguyện; mức chi thù lao bình quân cho cơ sở giáo dục tối đa bằng 2,5% số tiền đóng của học sinh, sinh viên; mức chi thù lao bình quân đại lý thu bảo hiểm y tế của các đối tượng còn lại tối đa bằng 7,0% số tiền đóng bảo hiểm y tế của người tham gia; c)[13] Chi phí chi trả các chế độ bảo hiểm xã hội bằng 0,65% số tiền chi trả các chế độ BHXH (trừ các khoản chi: phí khám giám định; dưỡng sức, phục hồi sức khỏe; hỗ trợ phòng ngừa, chia sẻ rủi ro về tai nạn lao động, bệnh nghề nghiệp; hỗ trợ chuyển đổi nghề nghiệp cho người bị tai nạn lao động, bệnh nghề nghiệp khi trở lại làm việc; đóng bảo hiểm","Ngữ cảnh được cung cấp không đề cập đến mức chi thù lao bình quân tối đa cho cơ sở giáo dục bằng bao nhiêu phần trăm số tiền đóng của học sinh, sinh viên. Các điều luật được cung cấp chủ yếu liên quan đến chính sách học bổng, trợ cấp xã hội, miễn, giảm học phí và hỗ trợ chi phí sinh hoạt cho người học [C1], [C4], cũng như các sửa đổi, bổ sung một số điều của Luật Giáo dục [C2], [C3].",155.05443600022772,1228.4543984997072,"[""chunk:22-vbhn-btc-445967:khoan-22-vbhn-btc-445967-9-1:clause:77""]","[""chunk:luat-43-2019-qh14:dieu-luat-43-2019-qh14-85:article:12065"", ""chunk:luat-123-2025-qh15:dieu-luat-123-2025-qh15-1:article:7072"", ""chunk:luat-123-2025-qh15:khoan-luat-123-2025-qh15-1-22:clause:7132"", ""chunk:luat-43-2019-qh14:khoan-luat-43-2019-qh14-85-4:clause:12069""]",,0.4
q0046,graphrag,single_hop_specific,Tháng tham gia trở lại bảo hiểm xã hội được hiểu như thế nào?,0.0,0.0,0.75,0.9976182298624524,0.3333333333,1.0,0.67,"THÔNG TƯ Quy định chi tiết một số điều của Luật Bảo hiểm xã hội về bảo hiểm xã hội bắt buộc (12/2025/TT-BNV) > Chương II. CHẾ ĐỘ BẢO HIỂM XÃ HỘI BẮT BUỘC > Mục 1. CHẾ ĐỘ ỐM ĐAU > Điều 6. Tính trợ cấp ốm đau > Khoản 1 > Điểm a:
a) Tiền lương làm căn cứ đóng bảo hiểm xã hội theo quy định khoản 1 Điều 45 của Luật Bảo hiểm xã hội;
Tháng tham gia trở lại theo quy định tại điểm b khoản 1 Điều 45 của Luật Bảo hiểm xã hội là tháng tham gia bảo hiểm xã hội trở lại sau khi người lao động chấm dứt hợp đồng lao động, hợp đồng làm việc hoặc thôi việc theo quy định của pháp luật;","Tháng tham gia trở lại bảo hiểm xã hội được hiểu là tháng người lao động tham gia bảo hiểm xã hội trở lại sau khi đã chấm dứt hợp đồng lao động, hợp đồng làm việc hoặc thôi việc theo quy định của pháp luật [C3].",88.47865500001717,1228.4543984997072,"[""chunk:thong-tu-12-2025-tt-bnv:diem-thong-tu-12-2025-tt-bnv-6-1-a:point:30874""]","[""chunk:luat-41-2024-qh15:dieu-luat-41-2024-qh15-80:article:11202"", ""chunk:luat-41-2024-qh15:dieu-luat-41-2024-qh15-81:article:11205"", ""chunk:thong-tu-12-2025-tt-bnv:dieu-thong-tu-12-2025-tt-bnv-6:article:30869"", ""chunk:luat-41-2024-qh15:dieu-luat-41-2024-qh15-15:article:10671""]",,0.7501903126324905
q0047,graphrag,single_hop_specific,"Trong thời hạn bao nhiêu ngày kể từ ngày người khởi kiện nhận được thông báo của Tòa án, Thẩm phán thông báo bằng văn bản cho người khởi kiện sửa đổi, bổ sung đơn khởi kiện nếu đơn khởi kiện không có đủ các nội dung quy định tại khoản 1 Điều 118 của Luật Tố tụng Hành chính?",1.0,0.25,1.0,0.9632379035503102,0.49999999995,1.0,0.57,"Luật Tố Tụng Hành Chính (93/2015/QH13) > Chương IX. KHỞI KIỆN, THỤ LÝ VỤ ÁN > Điều 122. Yêu cầu sửa đổi, bổ sung đơn khởi kiện:
Điều 122. Yêu cầu sửa đổi, bổ sung đơn khởi kiện
1. Sau khi nhận được đơn khởi kiện, nếu thấy đơn khởi kiện không có đủ các nội dung quy định tại khoản 1 Điều 118 của Luật này thì Thẩm phán thông báo bằng văn bản và nêu rõ những vấn đề cần sửa đổi, bổ sung cho người khởi kiện sửa đổi, bổ sung đơn khởi kiện trong thời hạn 10 ngày kể từ ngày người khởi kiện nhận được thông báo của Tòa án.
2. Thời gian thực hiện việc sửa đổi, bổ sung đơn khởi kiện không tính vào thời hiệu khởi kiện.
3. Trường hợp người khởi kiện đã sửa đổi, bổ sung đơn khởi kiện theo đúng quy định tại khoản 1 Điều 118 của Luật này thì Thẩm phán tiếp tục việc thụ lý vụ án; nếu họ không sửa đổi, bổ sung theo yêu cầu của Thẩm phán thì Thẩm phán trả lại đơn khởi kiện và tài liệu, chứng cứ kèm theo cho người khởi kiện.","Nếu đơn khởi kiện không có đủ các nội dung quy định tại khoản 1 Điều 118 của Luật Tố tụng Hành chính, Thẩm phán sẽ thông báo bằng văn bản cho người khởi kiện sửa đổi, bổ sung đơn khởi kiện trong thời hạn **10 ngày** kể từ ngày người khởi kiện nhận được thông báo của Tòa án [C2].",153.48372900007234,8474.849574499785,"[""chunk:luat-93-2015-qh13:dieu-luat-93-2015-qh13-122:article:19522""]","[""chunk:luat-93-2015-qh13:khoan-luat-93-2015-qh13-118-1:clause:19495"", ""chunk:luat-93-2015-qh13:dieu-luat-93-2015-qh13-122:article:19522"", ""chunk:bo-luat-92-2015-qh13:khoan-bo-luat-92-2015-qh13-193-1:clause:4238"", ""chunk:bo-luat-92-2015-qh13:khoan-bo-luat-92-2015-qh13-189-4:clause:4189""]",,0.8066475807000622
q0048,graphrag,single_hop_specific,"Những cơ quan, tổ chức, cá nhân nào chịu trách nhiệm thi hành Thông tư số 25/2025/TT-BNV?",1.0,0.25,1.0,0.9707112469269099,0.5833333333041666,1.0,0.86,"THÔNG TƯ Sửa đổi, bổ sung khoản 2 Điều 5 Thông tư số 28/2021/TT-BLĐTBXH ngày 28/12/2021 của Bộ trưởng Bộ Lao động - Thương binh và Xã hội quy định chi (25/2025/TT-BNV) > Điều 2. Hiệu lực và trách nhiệm thi hành > Khoản 2:
2. Bộ trưởng, Thủ trưởng cơ quan ngang bộ, Thủ trưởng cơ quan thuộc Chính phủ, người đứng đầu tổ chức do Chính phủ, Thủ tướng Chính phủ thành lập mà không phải là đơn vị sự nghiệp công lập, Chủ tịch Ủy ban nhân dân tỉnh, thành phố trực thuộc Trung ương và các cơ quan, tổ chức, cá nhân có liên quan chịu trách nhiệm thi hành Thông tư này.","Các cơ quan, tổ chức, cá nhân chịu trách nhiệm thi hành Thông tư số 25/2025/TT-BNV bao gồm:
* Bộ trưởng [C3]
* Thủ trưởng cơ quan ngang bộ [C3]
* Thủ trưởng cơ quan thuộc Chính phủ [C3]
* Người đứng đầu tổ chức do Chính phủ, Thủ tướng Chính phủ thành lập mà không phải là đơn vị sự nghiệp công lập [C3]
* Chủ tịch Ủy ban nhân dân tỉnh, thành phố trực thuộc Trung ương [C3]
* Các cơ quan, tổ chức, cá nhân có liên quan [C3]",126.9659459999275,8474.849574499785,"[""chunk:thong-tu-25-2025-tt-bnv:khoan-thong-tu-25-2025-tt-bnv-2-2:clause:31010""]","[""chunk:thong-tu-25-2025-tt-bnv:doc-thong-tu-25-2025-tt-bnv:document_intro:31006"", ""chunk:thong-tu-25-2025-tt-bnv:dieu-thong-tu-25-2025-tt-bnv-2:article:31008"", ""chunk:thong-tu-25-2025-tt-bnv:khoan-thong-tu-25-2025-tt-bnv-2-2:clause:31010"", ""chunk:luat-84-2015-qh13:doc-luat-84-2015-qh13:document_intro:17627""]",,0.8828089160462154
q0049,graphrag,single_hop_specific,Doanh nghiệp nộp bản giấy Thông báo theo Mẫu số 10 Phụ lục I ban hành kèm theo Nghị định này đến Bộ Nội vụ trong trường hợp nào?,0.0,0.0,1.0,0.0,0.249999999975,1.0,0.0,"NGHỊ ĐỊNH Sửa đổi, bổ sung một số điều của Nghị định số 112/2021/NĐ-CP ngày 10 tháng 12 năm 2021 của Chính phủ quy định chi tiết một số điều (372/2025/NĐ-CP) > Điều 1. Sửa đổi, bổ sung một số điều của Nghị định số 112/2021/NĐ-CP ngày 10 tháng 12 năm 2021 của Chính phủ quy định chi tiết một số điều và biện pháp thi hành Luật Người lao động Việt Nam đi làm việc ở nước ngoài theo hợp đồng > Khoản 5:
5. Sửa đổi, bổ sung điểm a, điểm c, điểm d khoản 2 Điều 7 và khoản 3 như sau:
“2. Giấy tờ chứng minh đáp ứng các điều kiện quy định tại Điều 10 của Luật Người lao động Việt Nam đi làm việc ở nước ngoài theo hợp đồng:
a) 01 bản sao sổ đăng ký thành viên mới nhất đối với công ty trách nhiệm hữu hạn, công ty hợp danh; 01 bản sao sổ đăng ký cổ đông mới nhất đối với công ty cổ phần.
c) 01 bản sao văn bằng chuyên môn; 01 bản sao giấy tờ chứng minh kinh nghiệm làm việc (được thể hiện bằng một trong các giấy tờ sau: quyết định bổ nhiệm hoặc hợp đồng lao động, văn bản chấm dứt hợp đồng lao động; thông báo xác nhận thời gian tham gia bảo hiểm xã hội; giấy xác nhận kinh nghiệm của nơi đã làm việc) của người đại diện theo pháp luật.
d) 01 bản chính Danh sách nhân viên nghiệp vụ thực hiện hoạt động dịch vụ đưa người lao động Việt Nam đi làm việc ở nước ngoài theo hợp đồng theo Mẫu số 04 ban hành kèm theo Nghị định này; 01 bản sao văn bằng chuyên môn, văn bằng hoặc chứng chỉ ngoại ngữ (nếu có) đối với mỗi nhân viên nghiệp vụ;
5. Trong trường hợp Hệ thống cơ sở dữ liệu về người lao động Việt Nam đi làm việc ở nước ngoài theo hợp đồng gặp sự cố đường truyền, kỹ thuật, sự kiện bất khả kháng làm gián đoạn quá trình thực hiện quy định tại khoản 1 Điều này, doanh nghiệp nộp 01 bản giấy Thông báo theo Mẫu số 10 Phụ lục I ban hành kèm theo Nghị định này đến Bộ Nội vụ.”",Ngữ cảnh được cung cấp không nêu rõ trường hợp doanh nghiệp nộp bản giấy Thông báo theo Mẫu số 10 Phụ lục I ban hành kèm theo Nghị định này đến Bộ Nội vụ.,149.57758599985027,819.9007160001202,"[""chunk:nghi-ddinh-372-2025-ndd-cp:khoan-nghi-ddinh-372-2025-ndd-cp-1-5:clause:29238""]","[""chunk:luat-69-2020-qh14:diem-luat-69-2020-qh14-26-2-b:point:15969"", ""chunk:nghi-ddinh-372-2025-ndd-cp:khoan-nghi-ddinh-372-2025-ndd-cp-4-3:clause:29302"", ""chunk:luat-69-2020-qh14:dieu-luat-69-2020-qh14-9:article:15812"", ""chunk:nghi-ddinh-372-2025-ndd-cp:dieu-nghi-ddinh-372-2025-ndd-cp-1:article:29220""]",,0.449999999995
q0050,graphrag,single_hop_specific,"Trong thời hạn 03 ngày làm việc kể từ ngày nhận được thông báo của Tòa án, người khởi kiện, người yêu cầu phải trả lời bằng văn bản hoặc bằng hình thức khác cho Tòa án biết về những nội dung đã được Tòa án thông báo, đúng hay sai?",1.0,0.25,1.0,0.9657075877528981,0.9999999999,1.0,0.44,"Luật Hòa Giải, Đối Thoại Tại Tòa Án (58/2020/QH14) > Chương III. TRÌNH TỰ, THỦ TỤC HÒA GIẢI, ĐỐI THOẠI > Điều 16. Trình tự nhận, xử lý đơn khởi kiện, đơn yêu cầu tại Tòa án và chỉ định Hòa giải viên > Khoản 4:
4. Trong thời hạn 03 ngày làm việc kể từ ngày nhận được thông báo của Tòa án, người khởi kiện, người yêu cầu tại khoản 3 Điều này phải trả lời bằng văn bản hoặc bằng hình thức khác cho Tòa án biết về những nội dung đã được Tòa án thông báo. Trường hợp người khởi kiện, người yêu cầu trực tiếp đến Tòa án trình bày ý kiến thì Tòa án lập biên bản ghi nhận ý kiến; biên bản có chữ ký hoặc điểm chỉ của họ. Hết thời hạn này thì tùy từng trường hợp, Tòa án xử lý như sau:
a) Phân công Thẩm phán phụ trách hòa giải, đối thoại thực hiện nhiệm vụ theo quy định của Luật này nếu người khởi kiện, người yêu cầu có ý kiến đồng ý hòa giải, đối thoại;
b) Chuyển đơn để xử lý theo quy định của pháp luật về tố tụng nếu người khởi kiện, người yêu cầu có ý kiến không đồng ý hòa giải, đối thoại;
c) Thông báo lại lần thứ hai cho người khởi kiện, người yêu cầu biết để thực hiện quyền lựa chọn hòa giải, đối thoại và lựa chọn Hòa giải viên nếu người này chưa có ý kiến trả lời.","Đúng.

Trong thời hạn 03 ngày làm việc kể từ ngày nhận được thông báo của Tòa án, người khởi kiện, người yêu cầu phải trả lời bằng văn bản hoặc bằng hình thức khác cho Tòa án biết về những nội dung đã được Tòa án thông báo [C1].",152.5278869999056,819.9007160001202,"[""chunk:luat-58-2020-qh14:khoan-luat-58-2020-qh14-16-4:clause:14920""]","[""chunk:luat-58-2020-qh14:khoan-luat-58-2020-qh14-16-4:clause:14920"", ""chunk:luat-93-2015-qh13:khoan-luat-93-2015-qh13-128-1:clause:19580"", ""chunk:bo-luat-92-2015-qh13:dieu-bo-luat-92-2015-qh13-70:article:3609"", ""chunk:luat-93-2015-qh13:dieu-luat-93-2015-qh13-55:article:19084""]",,0.8811415175305797
q0051,graphrag,multi_hop_specific,"Các biện pháp thúc đẩy bình đẳng giới trong lĩnh vực lao động và giáo dục và đào tạo có bao gồm quy định tỷ lệ nam, nữ được tuyển dụng lao động và quy định tỷ lệ nam, nữ tham gia học tập, đào tạo không?",0.0,0.0,0.6,1.0000000000000002,0.249999999975,1.0,0.27,"Luật Bình Đẳng Giới Của Quốc Hội Khóa Xi, Kỳ Họp Thứ 10 (73/2006/QH11) > Chương II. BÌNH ĐẲNG GIỚI TRONG CÁC LĨNH VỰC > Điều 13. Bình đẳng giới trong lĩnh vực lao động:
Điều 13. Bình đẳng giới trong lĩnh vực lao động
1. Nam, nữ bình đẳng về tiêu chuẩn, độ tuổi khi tuyển dụng, được đối xử bình đẳng tại nơi làm việc về việc làm, tiền công, tiền thưởng, bảo hiểm xã hội, điều kiện lao động và các điều kiện làm việc khác.
2. Nam, nữ bình đẳng về tiêu chuẩn, độ tuổi khi được đề bạt, bổ nhiệm giữ các chức danh trong các ngành, nghề có tiêu chuẩn chức danh.
3. Các biện pháp thúc đẩy bình đẳng giới trong lĩnh vực lao động bao gồm:
a) Quy định tỷ lệ nam, nữ được tuyển dụng lao động;
b) Đào tạo, bồi dưỡng nâng cao năng lực cho lao động nữ;
c) Người sử dụng lao động tạo điều kiện vệ sinh an toàn lao động cho lao động nữ làm việc trong một số ngành, nghề nặng nhọc, nguy hiểm hoặc tiếp xúc với các chất độc hại.

Luật Bình Đẳng Giới Của Quốc Hội Khóa Xi, Kỳ Họp Thứ 10 (73/2006/QH11) > Chương II. BÌNH ĐẲNG GIỚI TRONG CÁC LĨNH VỰC > Điều 14. Bình đẳng giới trong lĩnh vực giáo dục và đào tạo:
Điều 14. Bình đẳng giới trong lĩnh vực giáo dục và đào tạo
1. Nam, nữ bình đẳng về độ tuổi đi học, đào tạo, bồi dưỡng.
2. Nam, nữ bình đẳng trong việc lựa chọn ngành, nghề học tập, đào tạo.
3. Nam, nữ bình đẳng trong việc tiếp cận và hưởng thụ các chính sách về giáo dục, đào tạo, bồi dưỡng chuyên môn, nghiệp vụ.
4. Nữ cán bộ, công chức, viên chức khi tham gia đào tạo, bồi dưỡng mang theo con dưới ba mươi sáu tháng tuổi được hỗ trợ theo quy định của Chính phủ.
5. Biện pháp thúc đẩy bình đẳng giới trong lĩnh vực giáo dục và đào tạo bao gồm:
a) Quy định tỷ lệ nam, nữ tham gia học tập, đào tạo;
b) Lao động nữ khu vực nông thôn được hỗ trợ dạy nghề theo quy định của pháp luật.","Có, các biện pháp thúc đẩy bình đẳng giới trong lĩnh vực lao động và giáo dục và đào tạo có bao gồm quy định tỷ lệ nam, nữ được tuyển dụng lao động và quy định tỷ lệ nam, nữ tham gia học tập, đào tạo.

Cụ thể:
*   Trong lĩnh vực lao động, các biện pháp thúc đẩy bình đẳng giới bao gồm ""Quy định tỷ lệ nam, nữ được tuyển dụng lao động"" [C4].
*   Trong lĩnh vực giáo dục và đào tạo, các biện pháp thúc đẩy bình đẳng giới bao gồm ""Quy định tỷ lệ nam, nữ tham gia học tập, đào tạo"" [C3].

Ngoài ra, một trong các biện pháp thúc đẩy bình đẳng giới chung là ""Quy định tỷ lệ nam, nữ hoặc bảo đảm tỷ lệ nữ thích đáng tham gia, thụ hưởng"" [C1], [C2].",175.44021100002283,1002.5172959999509,"[""chunk:luat-73-2006-qh11:dieu-luat-73-2006-qh11-13:article:16384"", ""chunk:luat-73-2006-qh11:dieu-luat-73-2006-qh11-14:article:16391""]","[""chunk:luat-73-2006-qh11:dieu-luat-73-2006-qh11-19:article:16416"", ""chunk:luat-73-2006-qh11:khoan-luat-73-2006-qh11-19-1:clause:16417"", ""chunk:luat-73-2006-qh11:khoan-luat-73-2006-qh11-14-5:clause:16396"", ""chunk:luat-73-2006-qh11:khoan-luat-73-2006-qh11-13-3:clause:16387""]",,0.623999999995
q0052,graphrag,multi_hop_specific,"Thời hạn tạm đình chỉ công tác đối với cán bộ, công chức tối đa là bao nhiêu ngày trong trường hợp cần thiết có thể kéo dài thêm theo quy định của Luật Cán bộ, công chức?",0.5,0.25,1.0,0.9563393183040922,0.4166666666458333,0.5,0.36,"Luật Cán Bộ, Công Chức Của Quốc Hội Khóa Xii, Kỳ Họp Thứ Tư (22/2008/QH12) > Chương IX. KHEN THƯỞNG VÀ XỬ LÝ VI PHẠM > Điều 80. Thời hiệu, thời hạn xử lý kỷ luật > Khoản 3:
3. Trường hợp cá nhân đã bị khởi tố, truy tố hoặc đã có quyết định đưa ra xét xử theo thủ tục tố tụng hình sự, nhưng sau đó có quyết định đình chỉ điều tra hoặc đình chỉ vụ án mà hành vi vi phạm có dấu hiệu vi phạm kỷ luật thì bị xử lý kỷ luật; trong thời hạn 03 ngày, kể từ ngày ra quyết định đình chỉ điều tra, đình chỉ vụ án, người ra quyết định phải gửi quyết định và hồ sơ vụ việc cho cơ quan, tổ chức, đơn vị có thẩm quyền xử lý kỷ luật.

Luật Cán Bộ, Công Chức Của Quốc Hội Khóa Xii, Kỳ Họp Thứ Tư (22/2008/QH12) > Chương IX. KHEN THƯỞNG VÀ XỬ LÝ VI PHẠM > Điều 81. Tạm đình chỉ công tác đối với cán bộ, công chức:
Điều 81. Tạm đình chỉ công tác đối với cán bộ, công chức
1. Cơ quan, tổ chức, đơn vị quản lý cán bộ, công chức có thể ra quyết định tạm đình chỉ công tác trong thời gian xem xét, xử lý kỷ luật cán bộ, công chức, nếu để cán bộ, công chức đó tiếp tục làm việc có thể gây khó khăn cho việc xem xét, xử lý. Thời hạn tạm đình chỉ công tác không quá 15 ngày, trường hợp cần thiết có thể kéo dài thêm nhưng tối đa không quá 15 ngày; nếu cán bộ, công chức bị tạm giữ, tạm giam để phục vụ công tác điều tra, truy tố, xét xử thì thời gian tạm giữ, tạm giam được tính là thời gian nghỉ việc có lý do; hết thời hạn tạm đình chỉ công tác nếu cán bộ, công chức không bị xử lý kỷ luật thì được tiếp tục bố trí làm việc ở vị trí cũ.
2. Trong thời gian bị tạm đình chỉ công tác hoặc bị tạm giữ, tạm giam để phục vụ cho công tác điều tra, truy tố, xét xử, cán bộ, công chức được hưởng lương theo quy định của Chính phủ.","Thời hạn tạm đình chỉ công tác đối với cán bộ, công chức không quá 15 ngày. Trong trường hợp cần thiết, thời hạn này có thể kéo dài thêm nhưng tối đa không quá 15 ngày [C3], [C4].",157.6148600001943,1002.5172959999509,"[""chunk:luat-22-2008-qh12:khoan-luat-22-2008-qh12-80-3:clause:9313"", ""chunk:luat-22-2008-qh12:dieu-luat-22-2008-qh12-81:article:9314""]","[""chunk:he-thong:thuatngu-tam-ddinh-chi-cong-tac:semantic:31525"", ""chunk:luat-80-2025-qh15:khoan-luat-80-2025-qh15-5-13:clause:17349"", ""chunk:luat-22-2008-qh12:dieu-luat-22-2008-qh12-81:article:9314"", ""chunk:luat-22-2008-qh12:khoan-luat-22-2008-qh12-81-1:clause:9315""]",,0.6466011969899851
q0053,graphrag,multi_hop_specific,"Hành vi nào bị nghiêm cấm liên quan đến tai nạn lao động, bệnh nghề nghiệp theo Điều 12 Khoản 1 và Khoản 2 của Luật An toàn, vệ sinh lao động?",1.0,0.5,1.0,0.9670846379349749,0.4166666666458333,1.0,1.0,"Luật An Toàn, Vệ Sinh Lao Động (84/2015/QH13) > Chương I. QUY ĐỊNH CHUNG > Điều 12. Các hành vi bị nghiêm cấm > Khoản 1:
1. Che giấu, khai báo hoặc báo cáo sai sự thật về tai nạn lao động, bệnh nghề nghiệp; không thực hiện các yêu cầu, biện pháp bảo đảm an toàn, vệ sinh lao động gây tổn hại hoặc có nguy cơ gây tổn hại đến người, tài sản, môi trường; buộc người lao động phải làm việc hoặc không được rời khỏi nơi làm việc khi có nguy cơ xảy ra tai nạn lao động đe dọa nghiêm trọng sức khỏe, tính mạng của họ hoặc buộc người lao động tiếp tục làm việc khi các nguy cơ đó chưa được khắc phục.

Luật An Toàn, Vệ Sinh Lao Động (84/2015/QH13) > Chương I. QUY ĐỊNH CHUNG > Điều 12. Các hành vi bị nghiêm cấm > Khoản 2:
2. Trốn đóng, chậm đóng tiền bảo hiểm tai nạn lao động, bệnh nghề nghiệp; chiếm dụng tiền đóng, hưởng bảo hiểm tai nạn lao động, bệnh nghề nghiệp; gian lận, giả mạo hồ sơ trong việc thực hiện bảo hiểm tai nạn lao động, bệnh nghề nghiệp; không chi trả chế độ bảo hiểm tai nạn lao động, bệnh nghề nghiệp cho người lao động; quản lý, sử dụng Quỹ bảo hiểm tai nạn lao động, bệnh nghề nghiệp không đúng quy định của pháp luật; truy cập, khai thác trái pháp luật cơ sở dữ liệu về bảo hiểm tai nạn lao động, bệnh nghề nghiệp.","Theo Điều 12 Khoản 1 và Khoản 2 của Luật An toàn, vệ sinh lao động, các hành vi bị nghiêm cấm liên quan đến tai nạn lao động, bệnh nghề nghiệp bao gồm:

*   Che giấu, khai báo hoặc báo cáo sai sự thật về tai nạn lao động, bệnh nghề nghiệp [C4].
*   Không thực hiện các yêu cầu, biện pháp bảo đảm an toàn, vệ sinh lao động gây tổn hại hoặc có nguy cơ gây tổn hại đến người, tài sản, môi trường [C4].
*   Buộc người lao động phải làm việc hoặc không được rời khỏi nơi làm việc khi có nguy cơ xảy ra tai nạn lao động đe dọa nghiêm trọng sức khỏe, tính mạng của họ hoặc buộc người lao động tiếp tục làm việc khi các nguy cơ đó chưa được khắc phục [C4].
*   Trốn đóng, chậm đóng tiền bảo hiểm tai nạn lao động, bệnh nghề nghiệp [C1].
*   Chiếm dụng tiền đóng, hưởng bảo hiểm tai nạn lao động, bệnh nghề nghiệp [C1].
*   Gian lận, giả mạo hồ sơ trong việc thực hiện bảo hiểm tai nạn lao động, bệnh nghề nghiệp [C1].
*   Không chi trả chế độ bảo hiểm tai nạn lao động, bệnh nghề nghiệp cho người lao động [C1].
*   Quản lý, sử dụng Quỹ bảo hiểm tai nạn lao động, bệnh nghề nghiệp không đúng quy định của pháp luật [C1].
*   Truy cập, khai thác trái pháp luật cơ sở dữ liệu về bảo hiểm tai nạn lao động, bệnh nghề nghiệp [C1].",187.28982799984806,6991.410481500225,"[""chunk:luat-84-2015-qh13:khoan-luat-84-2015-qh13-12-1:clause:17737"", ""chunk:luat-84-2015-qh13:khoan-luat-84-2015-qh13-12-2:clause:17738""]","[""chunk:luat-84-2015-qh13:khoan-luat-84-2015-qh13-12-2:clause:17738"", ""chunk:nghi-ddinh-12-2022-ndd-cp:dieu-nghi-ddinh-12-2022-ndd-cp-22:article:22541"", ""chunk:luat-84-2015-qh13:dieu-luat-84-2015-qh13-12:article:17735"", ""chunk:luat-84-2015-qh13:khoan-luat-84-2015-qh13-12-1:clause:17737""]",,0.8767502609161617
q0054,graphrag,multi_hop_specific,"Việc thay đổi, bổ sung, rút kháng cáo, kháng nghị trước khi mở phiên tòa phải được lập thành văn bản và gửi cho cơ quan nào?",0.0,0.0,1.0,0.9678018441676278,0.99999999995,1.0,0.25,"Luật Tố Tụng Hành Chính (93/2015/QH13) > Chương XIII. THỦ TỤC PHÚC THẨM > Mục 1. QUY ĐỊNH CHUNG VỀ THỦ TỤC PHÚC THẨM > Điều 218. Thay đổi, bổ sung, rút kháng cáo, kháng nghị > Khoản 1:
1. Trường hợp chưa hết thời hạn kháng cáo theo quy định tại Điều 206 của Luật này thì người đã kháng cáo có quyền thay đổi, bổ sung kháng cáo mà không bị giới hạn bởi phạm vi kháng cáo ban đầu.
Trường hợp chưa hết thời hạn kháng nghị theo quy định tại Điều 213 của Luật này thì Viện kiểm sát đã kháng nghị có quyền thay đổi, bổ sung kháng nghị mà không bị giới hạn bởi phạm vi kháng nghị ban đầu.

Luật Tố Tụng Hành Chính (93/2015/QH13) > Chương XIII. THỦ TỤC PHÚC THẨM > Mục 1. QUY ĐỊNH CHUNG VỀ THỦ TỤC PHÚC THẨM > Điều 218. Thay đổi, bổ sung, rút kháng cáo, kháng nghị > Khoản 4:
4. Việc thay đổi, bổ sung, rút kháng cáo, kháng nghị trước khi mở phiên tòa phải được lập thành văn bản và gửi cho Tòa án cấp phúc thẩm. Tòa án cấp phúc thẩm phải thông báo cho các đương sự về việc thay đổi, bổ sung, rút kháng cáo, kháng nghị; thông báo cho Viện kiểm sát cùng cấp về việc thay đổi, bổ sung, rút kháng cáo của đương sự.
Việc thay đổi, bổ sung, rút kháng cáo, kháng nghị tại phiên tòa phải được ghi vào biên bản phiên tòa.","Việc thay đổi, bổ sung, rút kháng cáo, kháng nghị trước khi mở phiên tòa phải được lập thành văn bản và gửi cho Tòa án cấp phúc thẩm [C1.4], [C2.4].

Đối với việc rút kháng nghị giám đốc thẩm trước khi mở phiên tòa, văn bản này phải được gửi theo quy định tại Điều 264 của Luật Tố tụng Hành chính [C3], [C4.2].",134.2931240001235,6991.410481500225,"[""chunk:luat-93-2015-qh13:khoan-luat-93-2015-qh13-218-1:clause:20033"", ""chunk:luat-93-2015-qh13:khoan-luat-93-2015-qh13-218-4:clause:20036""]","[""chunk:luat-93-2015-qh13:dieu-luat-93-2015-qh13-218:article:20032"", ""chunk:bo-luat-92-2015-qh13:dieu-bo-luat-92-2015-qh13-284:article:4727"", ""chunk:luat-93-2015-qh13:khoan-luat-93-2015-qh13-265-2:clause:20312"", ""chunk:luat-93-2015-qh13:dieu-luat-93-2015-qh13-265:article:20310""]",,0.8435603688235256
q0055,graphrag,multi_hop_specific,Hành vi không đủ nội dung huấn luyện bắt buộc theo chương trình khung được pháp luật quy định sẽ bị phạt tiền bao nhiêu?,0.0,0.0,1.0,0.9964168393050133,0.99999999995,0.5,0.22,"NGHỊ ĐỊNH Quy định xử phạt vi phạm hành chính trong lĩnh vực lao động, bảo hiểm xã hội, người lao động Việt Nam đi làm việc ở nước ngoài theo hợp đồng (12/2022/NĐ-CP) > Chương II. HÀNH VI VI PHẠM, HÌNH THỨC XỬ PHẠT VÀ BIỆN PHÁP KHẮC PHỤC HẬU QUẢ ĐỐI VỚI HÀNH VI VI PHẠM TRONG LĨNH VỰC LAO ĐỘNG > Điều 25. Vi phạm quy định về hoạt động huấn luyện an toàn, vệ sinh lao động > Khoản 3 > Điểm b:
b) Từ 10.000.000 đồng đến 20.000.000 đồng đối với một trong các hành vi: huấn luyện bắt buộc theo chương trình khung được pháp luật quy định nhưng không đủ nội dung; sử dụng người huấn luyện không đảm bảo tiêu chuẩn về người huấn luyện; không đảm bảo cơ sở vật chất để huấn luyện theo quy định; không có tài liệu huấn luyện cho các đối tượng;

NGHỊ ĐỊNH Quy định xử phạt vi phạm hành chính trong lĩnh vực lao động, bảo hiểm xã hội, người lao động Việt Nam đi làm việc ở nước ngoài theo hợp đồng (12/2022/NĐ-CP) > Chương II. HÀNH VI VI PHẠM, HÌNH THỨC XỬ PHẠT VÀ BIỆN PHÁP KHẮC PHỤC HẬU QUẢ ĐỐI VỚI HÀNH VI VI PHẠM TRONG LĨNH VỰC LAO ĐỘNG > Điều 25. Vi phạm quy định về hoạt động huấn luyện an toàn, vệ sinh lao động > Khoản 4:
4. Phạt tiền từ 60.000.000 đồng đến 70.000.000 đồng đối với một trong các hành vi: thực hiện huấn luyện thuộc trường hợp phải có Giấy chứng nhận đủ điều kiện hoạt động huấn luyện an toàn, vệ sinh lao động mà không có Giấy chứng nhận đủ điều kiện hoạt động huấn luyện an toàn, vệ sinh lao động; giả mạo Giấy chứng nhận đủ điều kiện hoạt động huấn luyện an toàn, vệ sinh lao động nhưng chưa đến mức truy cứu trách nhiệm hình sự.","Hành vi không đủ nội dung huấn luyện bắt buộc theo chương trình khung được pháp luật quy định sẽ bị phạt tiền như sau:

*   **Đối với người sử dụng lao động tự tổ chức huấn luyện an toàn, vệ sinh lao động:** Phạt tiền từ 10.000.000 đồng đến 20.000.000 đồng [C1].
*   **Đối với tổ chức huấn luyện an toàn, vệ sinh lao động:** Phạt tiền từ 10.000.000 đồng đến 20.000.000 đồng [C2].",164.71675399998276,1059.9293669997678,"[""chunk:nghi-ddinh-12-2022-ndd-cp:diem-nghi-ddinh-12-2022-ndd-cp-25-3-b:point:22629"", ""chunk:nghi-ddinh-12-2022-ndd-cp:khoan-nghi-ddinh-12-2022-ndd-cp-25-4:clause:22632""]","[""chunk:nghi-ddinh-12-2022-ndd-cp:khoan-nghi-ddinh-12-2022-ndd-cp-25-3:clause:22626"", ""chunk:nghi-ddinh-12-2022-ndd-cp:khoan-nghi-ddinh-12-2022-ndd-cp-25-2:clause:22620"", ""chunk:nghi-ddinh-12-2022-ndd-cp:dieu-nghi-ddinh-12-2022-ndd-cp-25:article:22607"", ""chunk:nghi-ddinh-12-2022-ndd-cp:dieu-nghi-ddinh-12-2022-ndd-cp-51:article:23108""]",,0.7432833678510027
q0056,graphrag,multi_hop_specific,"Theo Luật Người Khuyết Tật, nội dung hợp tác quốc tế về người khuyết tật bao gồm những gì?",0.5,0.25,1.0,1.0000000000000002,0.9999999999666667,0.5,0.46,"Luật Người Khuyết Tật (51/2010/QH12) > Chương I. NHỮNG QUY ĐỊNH CHUNG > Điều 9. Tổ chức của người khuyết tật, tổ chức vì người khuyết tật:
Điều 9. Tổ chức của người khuyết tật, tổ chức vì người khuyết tật
1. Tổ chức của người khuyết tật là tổ chức xã hội được thành lập và hoạt động theo quy định của pháp luật để đại diện cho quyền, lợi ích hợp pháp của hội viên là người khuyết tật, tham gia xây dựng, giám sát thực hiện chính sách, pháp luật đối với người khuyết tật.
2. Tổ chức vì người khuyết tật là tổ chức xã hội được thành lập và hoạt động theo quy định của pháp luật để thực hiện các hoạt động trợ giúp người khuyết tật.

Luật Người Khuyết Tật (51/2010/QH12) > Chương I. NHỮNG QUY ĐỊNH CHUNG > Điều 12. Hợp tác quốc tế về người khuyết tật:
Điều 12. Hợp tác quốc tế về người khuyết tật
1. Hợp tác quốc tế về người khuyết tật được thực hiện trên cơ sở tôn trọng độc lập, chủ quyền, toàn vẹn lãnh thổ, bình đẳng, phù hợp với pháp luật Việt và pháp luật quốc tế.
2. Nội dung hợp tác quốc tế về người khuyết tật bao gồm:
a) Xây dựng và thực hiện chương trình, dự án hợp tác quốc tế về người khuyết tật;
b) Tham gia tổ chức quốc tế; ký kết, gia nhập và thực hiện điều ước quốc tế, thỏa thuận quốc tế liên quan đến người khuyết tật;
c) Trao đổi thông tin, kinh nghiệm về vấn đề liên quan đến người khuyết tật.","Theo Luật Người Khuyết Tật, nội dung hợp tác quốc tế về người khuyết tật bao gồm:
*   Xây dựng và thực hiện chương trình, dự án hợp tác quốc tế về người khuyết tật [C1], [C2].
*   Tham gia tổ chức quốc tế; ký kết, gia nhập và thực hiện điều ước quốc tế, thỏa thuận quốc tế liên quan đến người khuyết tật [C1], [C2], [C3].
*   Trao đổi thông tin, kinh nghiệm về vấn đề liên quan đến người khuyết tật [C1], [C2], [C4].",116.78829299989957,1059.9293669997678,"[""chunk:luat-51-2010-qh12:dieu-luat-51-2010-qh12-9:article:12585"", ""chunk:luat-51-2010-qh12:dieu-luat-51-2010-qh12-12:article:12596""]","[""chunk:luat-51-2010-qh12:khoan-luat-51-2010-qh12-12-2:clause:12598"", ""chunk:luat-51-2010-qh12:dieu-luat-51-2010-qh12-12:article:12596"", ""chunk:luat-51-2010-qh12:diem-luat-51-2010-qh12-12-2-b:point:12600"", ""chunk:luat-51-2010-qh12:diem-luat-51-2010-qh12-12-2-c:point:12601""]",,0.7919999999933334
q0057,graphrag,multi_hop_specific,"Phương án bảo đảm an toàn, vệ sinh lao động phải có những nội dung chủ yếu nào?",0.5,0.25,1.0,0.9996204614973198,0.999999999975,0.5,0.82,"Luật An Toàn, Vệ Sinh Lao Động (84/2015/QH13) > Chương II. CÁC BIỆN PHÁP PHÒNG, CHỐNG CÁC YẾU TỐ > Mục 4. QUẢN LÝ MÁY, THIẾT BỊ, VẬT TƯ, CHẤT CÓ YÊU CẦU > Điều 28. Máy, thiết bị, vật tư, chất có yêu cầu nghiêm ngặt về an toàn, vệ sinh lao động:
Điều 28. Máy, thiết bị, vật tư, chất có yêu cầu nghiêm ngặt về an toàn, vệ sinh lao động
1. Máy, thiết bị, vật tư, chất có yêu cầu nghiêm ngặt về an toàn, vệ sinh lao động là máy, thiết bị, vật tư, chất trong điều kiện lưu giữ, vận chuyển, bảo quản, sử dụng hợp lý, đúng mục đích và đúng theo hướng dẫn của nhà sản xuất nhưng trong quá trình lao động, sản xuất vẫn tiềm ẩn khả năng xảy ra tai nạn lao động, bệnh nghề nghiệp, gây hậu quả nghiêm trọng đến sức khỏe, tính mạng con người.
2. Bộ trưởng Bộ Lao động - Thương binh và Xã hội ban hành Danh mục các loại máy, thiết bị, vật tư, chất có yêu cầu nghiêm ngặt về an toàn, vệ sinh lao động trên cơ sở đề nghị của các bộ quy định tại Điều 33 của Luật này.

Luật An Toàn, Vệ Sinh Lao Động (84/2015/QH13) > Chương II. CÁC BIỆN PHÁP PHÒNG, CHỐNG CÁC YẾU TỐ > Mục 4. QUẢN LÝ MÁY, THIẾT BỊ, VẬT TƯ, CHẤT CÓ YÊU CẦU > Điều 29. Lập phương án bảo đảm an toàn, vệ sinh lao động khi xây dựng mới, mở rộng hoặc cải tạo công trình, cơ sở để sản xuất, sử dụng, bảo quản, lưu giữ máy, thiết bị, vật tư, chất có yêu cầu nghiêm ngặt về an toàn, vệ sinh lao động:
Điều 29. Lập phương án bảo đảm an toàn, vệ sinh lao động khi xây dựng mới, mở rộng hoặc cải tạo công trình, cơ sở để sản xuất, sử dụng, bảo quản, lưu giữ máy, thiết bị, vật tư, chất có yêu cầu nghiêm ngặt về an toàn, vệ sinh lao động
1. Trong hồ sơ trình cơ quan có thẩm quyền cấp giấy phép xây dựng mới, mở rộng hoặc cải tạo công trình, cơ sở để sản xuất, sử dụng, bảo quản, lưu giữ máy, thiết bị, vật tư, chất có yêu cầu nghiêm ngặt về an toàn, vệ sinh lao động, chủ đầu tư, người sử dụng lao động phải có phương án bảo đảm an toàn, vệ sinh lao động đối với nơi làm việc của người lao động và môi trường.
2. Phương án bảo đảm an toàn, vệ sinh lao động phải có các nội dung chủ yếu sau đây:
a) Địa điểm, quy mô công trình, cơ sở;
b) Liệt kê, mô tả chi tiết các hạng mục trong công trình, cơ sở;
c) Nêu rõ những yếu tố nguy hiểm, yếu tố có hại, sự cố có thể phát sinh trong quá trình hoạt động;
d) Các biện pháp cụ thể nhằm loại trừ, giảm thiểu yếu tố nguy hiểm, yếu tố có hại; phương án xử lý sự cố kỹ thuật gây mất an toàn, vệ sinh lao động nghiêm trọng, ứng cứu khẩn cấp.","Phương án bảo đảm an toàn, vệ sinh lao động phải có các nội dung chủ yếu sau đây [C1], [C2]:
* Địa điểm, quy mô công trình, cơ sở.
* Liệt kê, mô tả chi tiết các hạng mục trong công trình, cơ sở.
* Nêu rõ những yếu tố nguy hiểm, yếu tố có hại, sự cố có thể phát sinh trong quá trình hoạt động.
* Các biện pháp cụ thể nhằm loại trừ, giảm thiểu yếu tố nguy hiểm, yếu tố có hại; phương án xử lý sự cố kỹ thuật gây mất an toàn, vệ sinh lao động nghiêm trọng, ứng cứu khẩn cấp.",130.5072579998523,27141.803634000098,"[""chunk:luat-84-2015-qh13:dieu-luat-84-2015-qh13-28:article:17835"", ""chunk:luat-84-2015-qh13:dieu-luat-84-2015-qh13-29:article:17838""]","[""chunk:luat-84-2015-qh13:khoan-luat-84-2015-qh13-29-2:clause:17840"", ""chunk:luat-84-2015-qh13:dieu-luat-84-2015-qh13-29:article:17838"", ""chunk:luat-84-2015-qh13:khoan-luat-84-2015-qh13-76-3:clause:18213"", ""chunk:luat-84-2015-qh13:dieu-luat-84-2015-qh13-76:article:18206""]",,0.8639240922944639
q0058,graphrag,multi_hop_specific,"Theo Bộ luật Lao động, người sử dụng lao động có những nghĩa vụ gì?",0.5,0.25,,0.9999999999999998,0.9999999999,1.0,0.57,"Bộ Luật Lao Động (45/2019/QH14) > Chương I. NHỮNG QUY ĐỊNH CHUNG > Điều 6. Quyền và nghĩa vụ của người sử dụng lao động:
Điều 6. Quyền và nghĩa vụ của người sử dụng lao động
1. Người sử dụng lao động có các quyền sau đây:
a) Tuyển dụng, bố trí, quản lý, điều hành, giám sát lao động; khen thưởng và xử lý vi phạm kỷ luật lao động;
b) Thành lập, gia nhập, hoạt động trong tổ chức đại diện người sử dụng lao động, tổ chức nghề nghiệp và tổ chức khác theo quy định của pháp luật;
c) Yêu cầu tổ chức đại diện người lao động thương lượng với mục đích ký kết thỏa ước lao động tập thể; tham gia giải quyết tranh chấp lao động, đình công; đối thoại, trao đổi với tổ chức đại diện người lao động về các vấn đề trong quan hệ lao động, cải thiện đời sống vật chất và tinh thần của người lao động;
d) Đóng cửa tạm thời nơi làm việc;
đ) Các quyền khác theo quy định của pháp luật.
2. Người sử dụng lao động có các nghĩa vụ sau đây:
a) Thực hiện hợp đồng lao động, thỏa ước lao động tập thể và thỏa thuận hợp pháp khác; tôn trọng danh dự, nhân phẩm của người lao động;
b) Thiết lập cơ chế và thực hiện đối thoại, trao đổi với người lao động và tổ chức đại diện người lao động; thực hiện quy chế dân chủ ở cơ sở tại nơi làm việc;
c) Đào tạo, đào tạo lại, bồi dưỡng nâng cao trình độ, kỹ năng nghề nhằm duy trì, chuyển đổi nghề nghiệp, việc làm cho người lao động;
d) Thực hiện quy định của pháp luật về lao động, việc làm, giáo dục nghề nghiệp, bảo hiểm xã hội, bảo hiểm y tế, bảo hiểm thất nghiệp và an toàn, vệ sinh lao động; xây dựng và thực hiện các giải pháp phòng, chống quấy rối tình dục tại nơi làm việc;
đ) Tham gia phát triển tiêu chuẩn kỹ năng nghề quốc gia, đánh giá, công nhận kỹ năng nghề cho người lao động.

Bộ Luật Lao Động (45/2019/QH14) > Chương I. NHỮNG QUY ĐỊNH CHUNG > Điều 6. Quyền và nghĩa vụ của người sử dụng lao động > Khoản 2:
2. Người sử dụng lao động có các nghĩa vụ sau đây:
a) Thực hiện hợp đồng lao động, thỏa ước lao động tập thể và thỏa thuận hợp pháp khác; tôn trọng danh dự, nhân phẩm của người lao động;
b) Thiết lập cơ chế và thực hiện đối thoại, trao đổi với người lao động và tổ chức đại diện người lao động; thực hiện quy chế dân chủ ở cơ sở tại nơi làm việc;
c) Đào tạo, đào tạo lại, bồi dưỡng nâng cao trình độ, kỹ năng nghề nhằm duy trì, chuyển đổi nghề nghiệp, việc làm cho người lao động;
d) Thực hiện quy định của pháp luật về lao động, việc làm, giáo dục nghề nghiệp, bảo hiểm xã hội, bảo hiểm y tế, bảo hiểm thất nghiệp và an toàn, vệ sinh lao động; xây dựng và thực hiện các giải pháp phòng, chống quấy rối tình dục tại nơi làm việc;
đ) Tham gia phát triển tiêu chuẩn kỹ năng nghề quốc gia, đánh giá, công nhận kỹ năng nghề cho người lao động.","Theo Bộ luật Lao động, người sử dụng lao động có các nghĩa vụ sau đây:
*   Thực hiện hợp đồng lao động, thỏa ước lao động tập thể và thỏa thuận hợp pháp khác; tôn trọng danh dự, nhân phẩm của người lao động [C1].
*   Thiết lập cơ chế và thực hiện đối thoại, trao đổi với người lao động và tổ chức đại diện người lao động; thực hiện quy chế dân chủ ở cơ sở tại nơi làm việc [C1].
*   Đào tạo, đào tạo lại, bồi dưỡng nâng cao trình độ, kỹ năng nghề nhằm duy trì, chuyển đổi nghề nghiệp, việc làm cho người lao động [C1].
*   Thực hiện quy định của pháp luật về lao động, việc làm, giáo dục nghề nghiệp, bảo hiểm xã hội, bảo hiểm y tế, bảo hiểm thất nghiệp và an toàn, vệ sinh lao động; xây dựng và thực hiện các giải pháp phòng, chống quấy rối tình dục tại nơi làm việc [C1].
*   Tham gia phát triển tiêu chuẩn kỹ năng nghề quốc gia, đánh giá, công nhận kỹ năng nghề cho người lao động [C1].

Đối với người sử dụng lao động khi sử dụng lao động là người giúp việc gia đình, ngoài các nghĩa vụ trên, còn có các nghĩa vụ riêng sau:
*   Thực hiện đầy đủ thỏa thuận đã giao kết trong hợp đồng lao động [C4].
*   Trả cho người giúp việc gia đình khoản tiền bảo hiểm xã hội, bảo hiểm y tế theo quy định của pháp luật để người lao động chủ động tham gia bảo hiểm xã hội, bảo hiểm y tế [C4].
*   Tôn trọng danh dự, nhân phẩm của người giúp việc gia đình [C4].
*   Bố trí chỗ ăn, ở hợp vệ sinh cho người giúp việc gia đình nếu có thỏa thuận [C4].
*   Tạo cơ hội cho người giúp việc gia đình được tham gia học văn hóa, giáo dục nghề nghiệp [C4].
*   Trả tiền tàu xe đi đường khi người giúp việc gia đình thôi việc về nơi cư trú, trừ trường hợp người giúp việc gia đình chấm dứt hợp đồng lao động trước thời hạn [C4].",127.29241199986063,27141.803634000098,"[""chunk:bo-luat-45-2019-qh14:dieu-bo-luat-45-2019-qh14-6:article:2049"", ""chunk:bo-luat-45-2019-qh14:khoan-bo-luat-45-2019-qh14-6-2:clause:2056""]","[""chunk:bo-luat-45-2019-qh14:dieu-bo-luat-45-2019-qh14-6:article:2049"", ""chunk:bo-luat-45-2019-qh14:khoan-bo-luat-45-2019-qh14-5-2:clause:2045"", ""chunk:nghi-ddinh-70-2023-ndd-cp:dieu-nghi-ddinh-70-2023-ndd-cp-1:article:30114"", ""chunk:bo-luat-45-2019-qh14:dieu-bo-luat-45-2019-qh14-163:article:2861""]","RuntimeError: Judge không trả được JSON hợp lệ: 1 validation error for NLIStatementOutput
statements
  Field required [type=missing, input_value={'statement': 'Người s... khác"".', 'verdict': 1}, input_type=dict]
    For further information visit https://errors.pydantic.dev/2.12/v/missing",0.892499999975
q0059,graphrag,multi_hop_specific,Tòa án ra quyết định thông báo tìm kiếm người vắng mặt tại nơi cư trú trong trường hợp nào?,0.0,0.0,1.0,0.9777944709046937,0.0,0.0,0.0,"Bộ Luật Tố Tụng Dân Sự (92/2015/QH13) > Chương XXV. THỦ TỤC GIẢI QUYẾT YÊU CẦU THÔNG BÁO TÌM KIẾM NGƯỜI VẮNG MẶT TẠI NƠI CƯ TRÚ > Điều 382. Chuẩn bị xét đơn yêu cầu thông báo tìm kiếm người vắng mặt tại nơi cư trú:
Điều 382. Chuẩn bị xét đơn yêu cầu thông báo tìm kiếm người vắng mặt tại nơi cư trú
Trong thời hạn chuẩn bị xét đơn yêu cầu, Tòa án ra quyết định đình chỉ xét đơn yêu cầu thông báo tìm kiếm người vắng mặt tại nơi cư trú, nếu người bị yêu cầu thông báo tìm kiếm trở về và yêu cầu Tòa án đình chỉ việc xét đơn yêu cầu.

Bộ Luật Tố Tụng Dân Sự (92/2015/QH13) > Chương XXV. THỦ TỤC GIẢI QUYẾT YÊU CẦU THÔNG BÁO TÌM KIẾM NGƯỜI VẮNG MẶT TẠI NƠI CƯ TRÚ > Điều 383. Quyết định thông báo tìm kiếm người vắng mặt tại nơi cư trú:
Điều 383. Quyết định thông báo tìm kiếm người vắng mặt tại nơi cư trú
Trường hợp chấp nhận đơn yêu cầu thì Tòa án ra quyết định thông báo tìm kiếm người vắng mặt tại nơi cư trú; trường hợp có yêu cầu Tòa án áp dụng biện pháp quản lý tài sản của người vắng mặt đó tại nơi cư trú và được chấp nhận thì trong quyết định, Tòa án còn phải quyết định áp dụng biện pháp quản lý tài sản của người đó theo quy định của Bộ luật dân sự.","Tòa án ra quyết định thông báo tìm kiếm người vắng mặt tại nơi cư trú trong trường hợp chuẩn bị xét đơn yêu cầu tuyên bố một người mất tích. Cụ thể, trong thời hạn 20 ngày kể từ ngày thụ lý đơn yêu cầu tuyên bố một người mất tích, Tòa án sẽ ra quyết định này [C1].

Nội dung và việc công bố thông báo được thực hiện theo quy định tại Điều 384 và Điều 385 của Bộ luật này [C1], [C2]. Thông báo tìm kiếm người vắng mặt tại nơi cư trú phải có các nội dung chính như ngày ra thông báo, tên Tòa án, số và ngày của quyết định, tên và địa chỉ người yêu cầu, họ tên và ngày sinh của người cần tìm kiếm, địa chỉ cư trú trước khi biệt tích, và địa chỉ liên hệ [C3].

Thông báo này phải được đăng trên một trong các báo hàng ngày của trung ương trong ba số liên tiếp, Cổng thông tin điện tử của Tòa án, Ủy ban nhân dân cấp tỉnh (nếu có) và phát sóng trên Đài phát thanh hoặc Đài truyền hình của trung ương ba lần trong 03 ngày liên tiếp, trong thời hạn 01 tháng kể từ ngày Tòa án ra quyết định [C4].",126.15492099985204,1087.9621499998393,"[""chunk:bo-luat-92-2015-qh13:dieu-bo-luat-92-2015-qh13-382:article:5255"", ""chunk:bo-luat-92-2015-qh13:dieu-bo-luat-92-2015-qh13-383:article:5256""]","[""chunk:bo-luat-92-2015-qh13:dieu-bo-luat-92-2015-qh13-388:article:5272"", ""chunk:bo-luat-92-2015-qh13:khoan-bo-luat-92-2015-qh13-388-2:clause:5274"", ""chunk:bo-luat-92-2015-qh13:dieu-bo-luat-92-2015-qh13-384:article:5257"", ""chunk:bo-luat-92-2015-qh13:dieu-bo-luat-92-2015-qh13-385:article:5264""]",,0.39555889418093876
q0060,graphrag,multi_hop_specific,"Người phải chấp hành quyết định nhưng chưa đưa vào trường giáo dưỡng, cơ sở giáo dục bắt buộc được miễn chấp hành quyết định trong các trường hợp nào theo Luật Xử lý vi phạm hành chính số 15/2012/QH13?",0.5,0.25,1.0,0.9967937795565659,0.8055555555287036,0.5,0.27,"LUẬT XỬ LÝ VI PHẠM HÀNH CHÍNH Luật Xử lý vi phạm hành chính số 15/2012/QH13 ngày 20 tháng 6 năm 2012 của Quốc hội, có hiệu lực kể từ ngày 01 tháng 7 năm 2013, được sửa đổi, bổ sung bởi: (90/VBHN-VPQH) > Chương IV. THI HÀNH QUYẾT ĐỊNH ÁP DỤNG BIỆN PHÁP XỬ LÝ HÀNH CHÍNH > Điều 109. Thi hành quyết định áp dụng biện pháp giáo dục tại xã, phường, đặc khu[170] > Khoản 1:
1. Sau khi nhận được quyết định áp dụng biện pháp giáo dục tại xã, phường, đặc khu[171], cơ quan, tổ chức được giao giáo dục, quản lý có trách nhiệm:
a) Tổ chức việc thực hiện biện pháp giáo dục tại xã, phường, đặc khu[172] đối với người được giáo dục;
b) Phân công người trực tiếp giúp đỡ người được giáo dục;
c) Ghi sổ theo dõi và định kỳ báo cáo Chủ tịch Ủy ban nhân dân cấp xã về việc thực hiện quyết định giáo dục tại xã, phường, đặc khu[173];
d) Giúp đỡ, động viên người được giáo dục, đề xuất với Ủy ban nhân dân cấp xã tạo điều kiện cho họ tìm kiếm việc làm.

LUẬT XỬ LÝ VI PHẠM HÀNH CHÍNH Luật Xử lý vi phạm hành chính số 15/2012/QH13 ngày 20 tháng 6 năm 2012 của Quốc hội, có hiệu lực kể từ ngày 01 tháng 7 năm 2013, được sửa đổi, bổ sung bởi: (90/VBHN-VPQH) > Chương IV. THI HÀNH QUYẾT ĐỊNH ÁP DỤNG BIỆN PHÁP XỬ LÝ HÀNH CHÍNH > Điều 111. Hoãn hoặc miễn chấp hành quyết định đưa vào trường giáo dưỡng, cơ sở giáo dục bắt buộc[181]:
Điều 111. Hoãn hoặc miễn chấp hành quyết định đưa vào trường giáo dưỡng, cơ sở giáo dục bắt buộc[181]
1. Người phải chấp hành quyết định nhưng chưa đưa vào trường giáo dưỡng, cơ sở giáo dục bắt buộc[182] được hoãn chấp hành quyết định trong các trường hợp sau đây:
a) Đang ốm nặng có chứng nhận của cơ sở khám bệnh, chữa bệnh từ cấp cơ bản[183] trở lên[184];
b) Gia đình đang có khó khăn đặc biệt được Chủ tịch Ủy ban nhân dân cấp xã nơi người đó cư trú xác nhận.
Khi điều kiện hoãn chấp hành quyết định không còn thì quyết định được tiếp tục thi hành.
2. Người phải chấp hành quyết định nhưng chưa đưa vào trường giáo dưỡng, cơ sở giáo dục bắt buộc[185] được miễn chấp hành quyết định trong các trường hợp sau đây:
a) Mắc bệnh hiểm nghèo có chứng nhận của cơ sở khám bệnh, chữa bệnh từ tuyến huyện trở lên[186];
b) Trong thời gian hoãn chấp hành quyết định quy định tại khoản 1 Điều này mà người đó có tiến bộ rõ rệt trong việc chấp hành pháp luật hoặc lập công hoặc không còn nghiện ma túy;
c) Đang mang thai có chứng nhận của cơ sở khám bệnh, chữa bệnh từ tuyến huyện trở lên[187].
3. Tòa án nhân dân[188] nơi đã ra quyết định áp dụng biện pháp đưa vào trường giáo dưỡng, đưa vào cơ sở giáo dục bắt buộc[189] xem xét, quyết định việc hoãn hoặc miễn chấp hành trên cơ sở đơn đề nghị của người phải chấp hành quyết định hoặc người đại diện hợp pháp của họ; trong trường hợp cần thiết thì đề nghị cơ quan đã gửi hồ sơ đề nghị có ý kiến trước khi quyết định.
Quyết định miễn hoặc hoãn chấp hành phải được gửi cho cơ quan thi hành quyết định, người phải chấp hành quyết định; trường hợp người chưa thành niên được hoãn, miễn chấp hành quyết định đưa vào trường giáo dưỡng thì quyết định được gửi cho cha mẹ hoặc người đại diện hợp pháp của họ.","Theo Luật Xử lý vi phạm hành chính số 15/2012/QH13, người phải chấp hành quyết định nhưng chưa đưa vào trường giáo dưỡng, cơ sở giáo dục bắt buộc được miễn chấp hành quyết định trong các trường hợp sau đây:
*   Mắc bệnh hiểm nghèo có chứng nhận của cơ sở khám bệnh, chữa bệnh từ tuyến huyện trở lên [C3].
*   Trong thời gian hoãn chấp hành quyết định mà người đó có tiến bộ rõ rệt trong việc chấp hành pháp luật hoặc lập công hoặc không còn nghiện ma túy [C3].
*   Đang mang thai có chứng nhận của cơ sở khám bệnh, chữa bệnh từ tuyến huyện trở lên [C3].",149.24307399996906,1087.9621499998393,"[""chunk:90-vbhn-vpqh-699548:khoan-90-vbhn-vpqh-699548-109-1:clause:1734"", ""chunk:90-vbhn-vpqh-699548:dieu-90-vbhn-vpqh-699548-111:article:1745""]","[""chunk:90-vbhn-vpqh-699548:khoan-90-vbhn-vpqh-699548-111-1:clause:1746"", ""chunk:90-vbhn-vpqh-699548:khoan-90-vbhn-vpqh-699548-112-2:clause:1756"", ""chunk:90-vbhn-vpqh-699548:dieu-90-vbhn-vpqh-699548-111:article:1745"", ""chunk:luat-15-2012-qh13:dieu-luat-15-2012-qh13-111:article:8694""]",,0.7144698670170538
q0061,graphrag,multi_hop_specific,Bộ Giáo dục và Đào tạo chủ trì và phối hợp với những bộ nào để thực hiện chương trình giáo dục đặc biệt đối với trẻ em khuyết tật?,0.5,0.25,1.0,0.977687803784742,0.999999999975,1.0,0.38,"Luật Người Khuyết Tật (51/2010/QH12) > Chương IX. TRÁCH NHIỆM CỦA CƠ QUAN > Điều 50. Trách nhiệm của bộ, cơ quan ngang bộ và Ủy ban nhân dân các cấp > Khoản 2:
2. Bộ Y tế có trách nhiệm sau đây:
a) Thực hiện quản lý nhà nước về chăm sóc sức khỏe người khuyết tật;
b) Chủ trì và phối hợp với Bộ Lao động - Thương binh và Xã hội quy định chi tiết hoạt động phục hồi chức năng người khuyết tật; đào tạo về phục hồi chức năng; thực hiện chương trình phòng ngừa khuyết tật; hướng dẫn thực hiện phục hồi chức năng dựa vào cộng đồng đối với người khuyết tật.

Luật Người Khuyết Tật (51/2010/QH12) > Chương IX. TRÁCH NHIỆM CỦA CƠ QUAN > Điều 50. Trách nhiệm của bộ, cơ quan ngang bộ và Ủy ban nhân dân các cấp > Khoản 3:
3. Bộ Giáo dục và Đào tạo có trách nhiệm sau đây:
a) Thực hiện quản lý nhà nước về giáo dục đối với người khuyết tật;
b) Quy định chuẩn quốc gia về ngôn ngữ ký hiệu và chữ nổi Braille cho người khuyết tật;
c) Thực hiện quy hoạch hệ thống các cơ sở giáo dục chuyên biệt đối với người khuyết tật và hệ thống trung tâm hỗ trợ phát triển giáo dục hòa nhập;
d) Đào tạo giáo viên, nhân viên hỗ trợ giáo dục, biên soạn chương trình, tài liệu, giáo trình và sách giáo khoa áp dụng cho người học là người khuyết tật; chỉ đạo nghiên cứu, sản xuất và cung ứng thiết bị dạy học phù hợp với từng dạng tật và mức độ khuyết tật;
đ) Chủ trì và phối hợp với Bộ Lao động - Thương binh và Xã hội, Bộ Y tế thực hiện chương trình giáo dục đặc biệt đối với trẻ em khuyết tật.","Bộ Giáo dục và Đào tạo chủ trì và phối hợp với Bộ Lao động - Thương binh và Xã hội, Bộ Y tế để thực hiện chương trình giáo dục đặc biệt đối với trẻ em khuyết tật [C1], [C2].",134.3741300001966,7005.199848999837,"[""chunk:luat-51-2010-qh12:khoan-luat-51-2010-qh12-50-2:clause:12846"", ""chunk:luat-51-2010-qh12:khoan-luat-51-2010-qh12-50-3:clause:12849""]","[""chunk:luat-51-2010-qh12:diem-luat-51-2010-qh12-50-3-dd:point:12854"", ""chunk:luat-51-2010-qh12:khoan-luat-51-2010-qh12-50-3:clause:12849"", ""chunk:luat-51-2010-qh12:dieu-luat-51-2010-qh12-50:sliding:12831"", ""chunk:luat-51-2010-qh12:dieu-luat-51-2010-qh12-50:sliding:12830""]",,0.8715375607519483
q0062,graphrag,multi_hop_specific,Thẻ bảo hiểm y tế của trẻ em dưới 6 tuổi có giá trị sử dụng đến khi nào?,0.5,0.25,1.0,1.0000000000000002,0.999999999975,0.5,0.14,"Luật Bảo Hiểm Y Tế Của Quốc Hội Khóa Xii, Kỳ Họp Thứ Tư (25/2008/QH12) > Chương II. ĐỐI TƯỢNG, MỨC ĐÓNG, TRÁCH NHIỆM > Điều 15. Phương thức đóng bảo hiểm y tế:
Điều 15. Phương thức đóng bảo hiểm y tế
1. Hằng tháng, người sử dụng lao động đóng bảo hiểm y tế cho người lao động và trích tiền đóng bảo hiểm y tế từ tiền lương, tiền công của người lao động để nộp cùng một lúc vào quỹ bảo hiểm y tế.
2. Đối với các doanh nghiệp nông nghiệp, lâm nghiệp, ngư nghiệp, diêm nghiệp không trả lương theo tháng thì 3 tháng hoặc 6 tháng một lần, người sử dụng lao động đóng bảo hiểm y tế cho người lao động và trích tiền đóng bảo hiểm y tế từ tiền lương, tiền công của người lao động để nộp cùng một lúc vào quỹ bảo hiểm y tế.
3. Hằng tháng, tổ chức bảo hiểm xã hội đóng bảo hiểm y tế cho các đối tượng quy định tại các khoản 3, 4, 5, 6 và 8 Điều 12 của Luật này vào quỹ bảo hiểm y tế.
4. Hằng năm, cơ quan, tổ chức quản lý đối tượng quy định tại các khoản 7, 9, 10, 11, 12, 13, 14, 17 và 18 Điều 12 của Luật này đóng bảo hiểm y tế cho các đối tượng này vào quỹ bảo hiểm y tế.
5. Hằng năm, cơ quan, tổ chức quản lý người có công với cách mạng và các đối tượng quy định tại các điểm a, b và c khoản 16 Điều 12 của Luật này đóng bảo hiểm y tế cho thân nhân của họ vào quỹ bảo hiểm y tế.
6. Hằng tháng, cơ quan, tổ chức, đơn vị cấp học bổng đóng bảo hiểm y tế cho đối tượng quy định tại khoản 19 Điều 12 của Luật này vào quỹ bảo hiểm y tế.
7. Chính phủ quy định cụ thể phương thức đóng bảo hiểm y tế của đối tượng quy định tại các khoản 20, 21, 22, 23, 24 và 25 Điều 12 của Luật này.

Luật Bảo Hiểm Y Tế Của Quốc Hội Khóa Xii, Kỳ Họp Thứ Tư (25/2008/QH12) > Chương III. THẺ BẢO HIỂM Y TẾ > Điều 16. Thẻ bảo hiểm y tế > Khoản 3:
3. Thời điểm thẻ bảo hiểm y tế có giá trị sử dụng được quy định như sau:
a) Đối với người tham gia bảo hiểm y tế theo quy định tại khoản 3 Điều 50 của Luật này đóng bảo hiểm y tế liên tục kể từ lần thứ hai trở đi hoặc người tham gia bảo hiểm y tế quy định tại khoản 2 Điều 51 của Luật này thì thẻ bảo hiểm y tế có giá trị sử dụng kể từ ngày đóng bảo hiểm y tế;
b) Đối với người tham gia bảo hiểm y tế theo quy định tại khoản 3 Điều 50 của Luật này đóng bảo hiểm y tế lần đầu hoặc đóng bảo hiểm y tế không liên tục thì thẻ bảo hiểm y tế có giá trị sử dụng sau 30 ngày, kể từ ngày đóng bảo hiểm y tế; riêng đối với quyền lợi về dịch vụ kỹ thuật cao thì thẻ bảo hiểm y tế có giá trị sử dụng sau 180 ngày, kể từ ngày đóng bảo hiểm y tế;
c) Đối với trẻ em dưới 6 tuổi thì thẻ bảo hiểm y tế có giá trị sử dụng đến ngày trẻ đủ 72 tháng tuổi.",Thẻ bảo hiểm y tế của trẻ em dưới 6 tuổi có giá trị sử dụng đến ngày trẻ đủ 72 tháng tuổi [C3].,110.73030599982303,7005.199848999837,"[""chunk:luat-25-2008-qh12:dieu-luat-25-2008-qh12-15:article:9448"", ""chunk:luat-25-2008-qh12:khoan-luat-25-2008-qh12-16-3:clause:9460""]","[""chunk:luat-25-2008-qh12:khoan-luat-25-2008-qh12-50-3:clause:9684"", ""chunk:luat-25-2008-qh12:khoan-luat-25-2008-qh12-51-2:clause:9687"", ""chunk:luat-25-2008-qh12:khoan-luat-25-2008-qh12-16-3:clause:9460"", ""chunk:luat-25-2008-qh12:dieu-luat-25-2008-qh12-16:article:9457""]",,0.727999999995
q0063,graphrag,multi_hop_specific,Người sử dụng lao động bị buộc trả lại số tiền hoặc tài sản đã giữ của người lao động cộng với khoản tiền lãi của số tiền đã giữ theo mức lãi suất tiền gửi không kỳ hạn cao nhất của các ngân hàng thương mại nhà nước tại thời điểm xử phạt khi thử việc quá thời gian thỏa thuận hoặc vượt quá điều kiện quy định tại Điều 25 của Bộ luật Lao động?,0.5,0.25,0.6666666666666666,0.0,0.0,0.5,0.62,"NGHỊ ĐỊNH Quy định xử phạt vi phạm hành chính trong lĩnh vực lao động, bảo hiểm xã hội, người lao động Việt Nam đi làm việc (283/2026/NĐ-CP) > Chương II. HÀNH VI VI PHẠM, HÌNH THỨC XỬ PHẠT VÀ BIỆN PHÁP KHẮC PHỤC HẬU QUẢ ĐỐI VỚI HÀNH VI VI PHẠM TRONG LĨNH VỰC LAO ĐỘNG > Mục 2. VI PHẠM HÀNH CHÍNH VỀ ĐIỀU KIỆN LAO ĐỘNG VÀ QUAN HỆ LAO ĐỘNG > Điều 15. Vi phạm quy định về giao kết hợp đồng lao động > Khoản 3 > Điểm đ:
đ) Buộc người sử dụng lao động trả lại số tiền hoặc tài sản đã giữ của người lao động cộng với khoản tiền lãi của số tiền đã giữ của người lao động tính theo mức lãi suất tiền gửi không kỳ hạn cao nhất của các ngân hàng thương mại nhà nước công bố tại thời điểm xử phạt đối với hành vi vi phạm quy định tại điểm b khoản 2 Điều này.

NGHỊ ĐỊNH Quy định xử phạt vi phạm hành chính trong lĩnh vực lao động, bảo hiểm xã hội, người lao động Việt Nam đi làm việc (283/2026/NĐ-CP) > Chương II. HÀNH VI VI PHẠM, HÌNH THỨC XỬ PHẠT VÀ BIỆN PHÁP KHẮC PHỤC HẬU QUẢ ĐỐI VỚI HÀNH VI VI PHẠM TRONG LĨNH VỰC LAO ĐỘNG > Mục 2. VI PHẠM HÀNH CHÍNH VỀ ĐIỀU KIỆN LAO ĐỘNG VÀ QUAN HỆ LAO ĐỘNG > Điều 16. Vi phạm quy định về thử việc > Khoản 2:
2. Phạt tiền từ 2.000.000 đồng đến 5.000.000 đồng đối với người sử dụng lao động có một trong các hành vi sau đây:
a) Yêu cầu người lao động thử việc quá 01 lần đối với một công việc;
b) Thử việc quá thời gian thỏa thuận hoặc vượt quá điều kiện quy định tại Điều 25 của Bộ luật Lao động;
c) Trả lương thử việc thấp hơn thỏa thuận hoặc thấp hơn 85% mức lương của công việc đó;
d) Không giao kết hợp đồng lao động khi thử việc đạt yêu cầu đối với trường hợp hai bên có giao kết hợp đồng thử việc.","Không có thông tin trong ngữ cảnh được cung cấp để trả lời câu hỏi về việc người sử dụng lao động bị buộc trả lại số tiền hoặc tài sản đã giữ của người lao động cộng với khoản tiền lãi khi thử việc quá thời gian thỏa thuận hoặc vượt quá điều kiện quy định tại Điều 25 của Bộ luật Lao động.

Ngữ cảnh [C1] và [C2] có đề cập đến việc buộc người sử dụng lao động trả lại số tiền hoặc tài sản đã giữ của người lao động cộng với khoản tiền lãi theo mức lãi suất tiền gửi không kỳ hạn cao nhất của các ngân hàng thương mại nhà nước tại thời điểm xử phạt. Tuy nhiên, điều này áp dụng cho ""hành vi vi phạm quy định tại điểm b khoản 2 Điều này"" [C1], [C2], mà ngữ cảnh không cung cấp chi tiết về nội dung của ""điểm b khoản 2 Điều này"" liên quan đến việc giữ tiền hoặc tài sản của người lao động trong trường hợp thử việc quá thời gian hoặc vượt quá điều kiện.

Ngữ cảnh [C3] và [C4] cũng không liên quan trực tiếp đến câu hỏi.",168.21876899985,24135.569738000413,"[""chunk:nghi-ddinh-283-2026-ndd-cp:diem-nghi-ddinh-283-2026-ndd-cp-15-3-dd:point:26978"", ""chunk:nghi-ddinh-283-2026-ndd-cp:khoan-nghi-ddinh-283-2026-ndd-cp-16-2:clause:26983""]","[""chunk:nghi-ddinh-283-2026-ndd-cp:diem-nghi-ddinh-283-2026-ndd-cp-15-3-dd:point:26978"", ""chunk:nghi-ddinh-12-2022-ndd-cp:khoan-nghi-ddinh-12-2022-ndd-cp-9-3:clause:22308"", ""chunk:bo-luat-45-2019-qh14:khoan-bo-luat-45-2019-qh14-18-2:clause:2109"", ""chunk:nghi-ddinh-12-2022-ndd-cp:khoan-nghi-ddinh-12-2022-ndd-cp-4-6:clause:22180""]",,0.35733333333333334
q0064,graphrag,multi_hop_specific,"Người sử dụng lao động sẽ bị phạt tiền từ 1.000.000 đồng đến 3.000.000 đồng nếu không thông báo cho Ủy ban nhân dân xã, phường, đặc khu việc sử dụng lao động hoặc chấm dứt việc sử dụng lao động là người giúp việc gia đình theo quy định hoặc đã bị xử phạt cảnh cáo đối với các hành vi vi phạm quy định tại khoản 1 Điều 28 nhưng lại tiếp tục vi phạm?",0.5,0.25,1.0,0.922074216246647,0.5833333333041666,1.0,0.29,"NGHỊ ĐỊNH Quy định xử phạt vi phạm hành chính trong lĩnh vực lao động, bảo hiểm xã hội, người lao động Việt Nam đi làm việc (283/2026/NĐ-CP) > Chương II. HÀNH VI VI PHẠM, HÌNH THỨC XỬ PHẠT VÀ BIỆN PHÁP KHẮC PHỤC HẬU QUẢ ĐỐI VỚI HÀNH VI VI PHẠM TRONG LĨNH VỰC LAO ĐỘNG > Mục 2. VI PHẠM HÀNH CHÍNH VỀ ĐIỀU KIỆN LAO ĐỘNG VÀ QUAN HỆ LAO ĐỘNG > Điều 28. Vi phạm quy định về lao động là người giúp việc gia đình:
Điều 28. Vi phạm quy định về lao động là người giúp việc gia đình 1. Phạt cảnh cáo đối với người sử dụng lao động có một trong các hành vi sau đây: a) Không giao kết hợp đồng lao động bằng văn bản với lao động là người giúp việc gia đình; b) Không trả tiền tàu xe đi đường khi lao động là người giúp việc gia đình thôi việc về nơi cư trú, trừ trường hợp lao động là người giúp việc gia đình chấm dứt hợp đồng lao động trước thời hạn. 2. Phạt tiền từ 1.000.000 đồng đến 3.000.000 đồng đối với người sử dụng lao động có một trong các hành vi sau đây: a) Không thông báo cho Ủy ban nhân dân xã, phường, đặc khu việc sử dụng lao động hoặc chấm dứt việc sử dụng lao động là người giúp việc gia đình theo quy định; b) Đã bị xử phạt cảnh cáo đối với các hành vi vi phạm quy định tại khoản 1 Điều này nhưng lại tiếp tục vi phạm. 3. Phạt tiền từ 10.000.000 đồng đến 15.000.000 đồng đối với người sử dụng lao động có một trong các hành vi sau đây: a) Giữ giấy tờ tùy thân của lao động là người giúp việc gia đình; b) Không trả cho lao động là người giúp việc gia đình khoản tiền bảo hiểm xã hội, bảo hiểm y tế theo quy định của pháp luật để người lao động chủ động tham gia bảo hiểm xã hội, bảo hiểm y tế. 4. Phạt tiền từ 50.000.000 đồng đến 75.000.000 đồng đối với người sử dụng lao động có hành vi ngược đãi, quấy rối tình dục, cưỡng bức lao động, hoặc dùng vũ lực đối với người lao động là người giúp việc gia đình nhưng chưa đến mức truy cứu trách nhiệm hình sự. 5. Biện pháp khắc phục hậu quả a) Buộc người sử dụng lao động phải giao kết hợp đồng lao động bằng văn bản với lao động là người giúp việc gia đình khi vi phạm quy định tại điểm

NGHỊ ĐỊNH Quy định xử phạt vi phạm hành chính trong lĩnh vực lao động, bảo hiểm xã hội, người lao động Việt Nam đi làm việc (283/2026/NĐ-CP) > Chương II. HÀNH VI VI PHẠM, HÌNH THỨC XỬ PHẠT VÀ BIỆN PHÁP KHẮC PHỤC HẬU QUẢ ĐỐI VỚI HÀNH VI VI PHẠM TRONG LĨNH VỰC LAO ĐỘNG > Mục 2. VI PHẠM HÀNH CHÍNH VỀ ĐIỀU KIỆN LAO ĐỘNG VÀ QUAN HỆ LAO ĐỘNG > Điều 28. Vi phạm quy định về lao động là người giúp việc gia đình > Khoản 2:
2. Phạt tiền từ 1.000.000 đồng đến 3.000.000 đồng đối với người sử dụng lao động có một trong các hành vi sau đây:
a) Không thông báo cho Ủy ban nhân dân xã, phường, đặc khu việc sử dụng lao động hoặc chấm dứt việc sử dụng lao động là người giúp việc gia đình theo quy định;
b) Đã bị xử phạt cảnh cáo đối với các hành vi vi phạm quy định tại khoản 1 Điều này nhưng lại tiếp tục vi phạm.","Có. Người sử dụng lao động sẽ bị phạt tiền từ 1.000.000 đồng đến 3.000.000 đồng nếu không thông báo cho Ủy ban nhân dân xã, phường, đặc khu việc sử dụng lao động hoặc chấm dứt việc sử dụng lao động là người giúp việc gia đình theo quy định hoặc đã bị xử phạt cảnh cáo đối với các hành vi vi phạm quy định tại khoản 1 Điều 28 nhưng lại tiếp tục vi phạm [C3].",194.9743979998857,24135.569738000413,"[""chunk:nghi-ddinh-283-2026-ndd-cp:dieu-nghi-ddinh-283-2026-ndd-cp-28:article:27208"", ""chunk:nghi-ddinh-283-2026-ndd-cp:khoan-nghi-ddinh-283-2026-ndd-cp-28-2:clause:27213""]","[""chunk:nghi-ddinh-283-2026-ndd-cp:khoan-nghi-ddinh-283-2026-ndd-cp-13-1:clause:26925"", ""chunk:nghi-ddinh-12-2022-ndd-cp:khoan-nghi-ddinh-12-2022-ndd-cp-30-2:clause:22725"", ""chunk:nghi-ddinh-283-2026-ndd-cp:khoan-nghi-ddinh-283-2026-ndd-cp-28-2:clause:27213"", ""chunk:nghi-ddinh-283-2026-ndd-cp:dieu-nghi-ddinh-283-2026-ndd-cp-13:article:26921""]",,0.7590815099101628
q0065,graphrag,multi_hop_specific,Hồ sơ dự tuyển hòa giải viên lao động có cần giấy chứng nhận sức khỏe do cơ quan y tế có thẩm quyền cấp theo quy định của Bộ Y tế không?,0.5,0.25,1.0,0.9819746181125352,0.7499999999625,0.5,0.67,"NGHỊ ĐỊNH Quy định chi tiết và hướng dẫn thi hành một số điều của Bộ luật Lao động về điều kiện lao động và quan hệ lao động (145/2020/NĐ-CP) > Chương XI. GIẢI QUYẾT TRANH CHẤP LAO ĐỘNG > Mục 1. HÒA GIẢI VIÊN LAO ĐỘNG > Điều 93. Trình tự và thủ tục bổ nhiệm hòa giải viên lao động > Khoản 2 > Điểm a:
a) Căn cứ kế hoạch tuyển chọn, bổ nhiệm hòa giải viên lao động được Chủ tịch Ủy ban nhân dân cấp tỉnh phê duyệt, Sở Lao động - Thương binh và Xã hội có văn bản thông báo công khai việc tuyển chọn hòa giải viên lao động trên địa bàn thông qua Cổng thông tin điện tử của cơ quan, đơn vị và trên phương tiện thông tin đại chúng, đồng thời gửi Phòng Lao động - Thương binh và Xã hội để phối hợp thực hiện;

NGHỊ ĐỊNH Quy định chi tiết và hướng dẫn thi hành một số điều của Bộ luật Lao động về điều kiện lao động và quan hệ lao động (145/2020/NĐ-CP) > Chương XI. GIẢI QUYẾT TRANH CHẤP LAO ĐỘNG > Mục 1. HÒA GIẢI VIÊN LAO ĐỘNG > Điều 93. Trình tự và thủ tục bổ nhiệm hòa giải viên lao động > Khoản 2 > Điểm b:
b) Trong thời hạn đăng ký ghi trong thông báo tuyển chọn hòa giải viên lao động của Sở Lao động - Thương binh và Xã hội, cá nhân trực tiếp đăng ký hoặc được các cơ quan, đơn vị của nhà nước, tổ chức chính trị, tổ chức chính trị xã hội và các tổ chức khác giới thiệu tham gia dự tuyển hòa giải viên lao động với Sở Lao động - Thương binh và Xã hội hoặc Phòng Lao động - Thương binh và Xã hội.
Hồ sơ dự tuyển gồm: Đơn dự tuyển hòa giải viên lao động; sơ yếu lý lịch có xác nhận của cấp có thẩm quyền; giấy chứng nhận sức khỏe do cơ quan y tế có thẩm quyền cấp theo quy định của Bộ Y tế; bản sao từ sổ gốc, bản sao có chứng thực hoặc bản sao xuất trình kèm bản chính để đối chiếu các văn bằng, chứng chỉ liên quan; văn bản giới thiệu tham gia làm hòa giải viên lao động của các cơ quan, tổ chức liên quan (nếu có);","Có, hồ sơ dự tuyển hòa giải viên lao động cần có giấy chứng nhận sức khỏe do cơ quan y tế có thẩm quyền cấp theo quy định của Bộ Y tế [C1].",157.87621900017257,860.9210155000255,"[""chunk:nghi-ddinh-145-2020-ndd-cp:diem-nghi-ddinh-145-2020-ndd-cp-93-2-a:point:24953"", ""chunk:nghi-ddinh-145-2020-ndd-cp:diem-nghi-ddinh-145-2020-ndd-cp-93-2-b:point:24954""]","[""chunk:nghi-ddinh-145-2020-ndd-cp:diem-nghi-ddinh-145-2020-ndd-cp-93-2-b:point:24954"", ""chunk:luat-58-2020-qh14:diem-luat-58-2020-qh14-12-2-b:point:14871"", ""chunk:luat-58-2020-qh14:diem-luat-58-2020-qh14-11-2-c:point:14856"", ""chunk:nghi-ddinh-145-2020-ndd-cp:dieu-nghi-ddinh-145-2020-ndd-cp-93:sliding:24945""]",,0.780394923615007
q0066,graphrag,multi_hop_specific,"Trường hợp người lao động bị tạm đình chỉ công việc từ 14 ngày làm việc trở lên trong tháng và được người sử dụng lao động trả đủ tiền lương, thời hạn đóng bù bảo hiểm xã hội bắt buộc chậm nhất là khi nào?",0.0,0.0,1.0,0.0,0.0,0.0,0.0,"NGHỊ ĐỊNH Quy định chi tiết và hướng dẫn thi hành một số điều của Luật Bảo hiểm xã hội về bảo hiểm xã hội bắt buộc (158/2025/NĐ-CP) > Chương II. ĐĂNG KÝ THAM GIA VÀ QUẢN LÝ THU, ĐÓNG > Điều 11. Tạm dừng đóng bảo hiểm xã hội bắt buộc theo quy định tại khoản 2 và 3 Điều 37 của Luật Bảo hiểm xã hội > Khoản 2 > Điểm b:
b) Trường hợp sau thời gian tạm đình chỉ công việc từ 14 ngày làm việc trở lên trong tháng mà người lao động được người sử dụng lao động trả đủ tiền lương cho thời gian bị tạm đình chỉ công việc thì thực hiện việc đóng bù bảo hiểm xã hội bắt buộc cho thời gian bị tạm đình chỉ công việc. Thời hạn đóng bù chậm nhất là ngày cuối cùng của tháng tiếp theo tháng kết thúc việc tạm dừng đóng. Số tiền đóng bù của những tháng tạm dừng đóng bằng số tiền phải đóng bảo hiểm xã hội bắt buộc theo quy định tại Điều 33 và Điều 34 của Luật Bảo hiểm xã hội.
Trường hợp sau thời hạn đóng bù chậm nhất, người sử dụng lao động và người lao động mới đóng bù cho những tháng tạm dừng đóng thì thực hiện theo quy định tại Điều 40 và Điều 41 của Luật Bảo hiểm xã hội;

NGHỊ ĐỊNH Quy định chi tiết và hướng dẫn thi hành một số điều của Luật Bảo hiểm xã hội về bảo hiểm xã hội bắt buộc (158/2025/NĐ-CP) > Chương II. ĐĂNG KÝ THAM GIA VÀ QUẢN LÝ THU, ĐÓNG > Điều 11. Tạm dừng đóng bảo hiểm xã hội bắt buộc theo quy định tại khoản 2 và 3 Điều 37 của Luật Bảo hiểm xã hội > Khoản 3:
3. Người lao động quy định tại điểm g khoản 1 Điều 2 của Luật Bảo hiểm xã hội, khi tạm thời bị mất việc làm trong thời gian thực hiện hợp đồng mà được cơ quan, tổ chức, doanh nghiệp làm dịch vụ đưa người lao động đi làm việc ở nước ngoài xác nhận thì thời gian này được tạm dừng đóng bảo hiểm xã hội bắt buộc.
Sau thời gian tạm thời mất việc làm nếu người lao động trở lại làm việc thì tiếp tục đóng bảo hiểm xã hội bắt buộc theo quy định, không thực hiện việc đóng bù bảo hiểm xã hội bắt buộc cho thời gian bị mất việc làm tạm thời.","Ngữ cảnh được cung cấp không đề cập đến thời hạn đóng bù bảo hiểm xã hội bắt buộc trong trường hợp người lao động bị tạm đình chỉ công việc từ 14 ngày làm việc trở lên trong tháng và được người sử dụng lao động trả đủ tiền lương. Các điều luật được cung cấp chỉ quy định về mức đóng, phương thức và thời hạn đóng bảo hiểm xã hội bắt buộc thông thường của người sử dụng lao động và người lao động [C3], [C4], cũng như các biện pháp xử lý hành vi chậm đóng hoặc trốn đóng bảo hiểm xã hội [C1], [C2].",179.90386700012095,860.9210155000255,"[""chunk:nghi-ddinh-158-2025-ndd-cp:diem-nghi-ddinh-158-2025-ndd-cp-11-2-b:point:25704"", ""chunk:nghi-ddinh-158-2025-ndd-cp:khoan-nghi-ddinh-158-2025-ndd-cp-11-3:clause:25706""]","[""chunk:luat-41-2024-qh15:dieu-luat-41-2024-qh15-40:article:10879"", ""chunk:luat-41-2024-qh15:dieu-luat-41-2024-qh15-41:article:10884"", ""chunk:luat-41-2024-qh15:dieu-luat-41-2024-qh15-34:article:10827"", ""chunk:luat-41-2024-qh15:dieu-luat-41-2024-qh15-33:article:10807""]",,0.2
q0067,graphrag,multi_hop_specific,"Trong thời gian được hoãn hoặc tạm đình chỉ chấp hành quyết định đưa vào trường giáo dưỡng, cơ sở giáo dục bắt buộc, nếu người đó tiếp tục có hành vi vi phạm đã bị xử lý hoặc có căn cứ cho rằng người đó bỏ trốn thì Tòa án nhân dân cấp huyện đã ra quyết định hoãn hoặc tạm đình chỉ sẽ làm gì?",1.0,0.5,1.0,0.9293013895428116,0.4166666666458333,1.0,0.5,"Luật Xử Lý Vi Phạm Hành Chính (15/2012/QH13) > Chương IV. THI HÀNH QUYẾT ĐỊNH ÁP DỤNG > Điều 113. Quản lý người được hoãn hoặc được tạm đình chỉ chấp hành quyết định áp dụng biện pháp đưa vào trường giáo dưỡng, đưa vào cơ sở giáo dục bắt buộc, đưa vào cơ sở cai nghiện bắt buộc:
Điều 113. Quản lý người được hoãn hoặc được tạm đình chỉ chấp hành quyết định áp dụng biện pháp đưa vào trường giáo dưỡng, đưa vào cơ sở giáo dục bắt buộc, đưa vào cơ sở cai nghiện bắt buộc
1. Người được hoãn hoặc được tạm đình chỉ chấp hành quyết định đưa vào trường giáo dưỡng, đưa vào cơ sở giáo dục bắt buộc, đưa vào cơ sở cai nghiện bắt buộc có trách nhiệm trình diện với Ủy ban nhân dân cấp xã nơi họ cư trú.
2. Trong thời gian được hoãn hoặc được tạm đình chỉ chấp hành quyết định đưa vào trường giáo dưỡng, đưa vào cơ sở giáo dục bắt buộc mà người đó tiếp tục có hành vi vi phạm đã bị xử lý hoặc có căn cứ cho rằng người đó bỏ trốn thì Tòa án nhân dân cấp huyện đã ra quyết định hoãn hoặc tạm đình chỉ hủy bỏ quyết định đó và ra quyết định buộc chấp hành quyết định đưa vào trường giáo dưỡng, quyết định đưa vào cơ sở giáo dục bắt buộc.
Trong thời gian được hoãn hoặc được tạm đình chỉ chấp hành quyết định đưa vào cơ sở cai nghiện bắt buộc mà người đó tiếp tục sử dụng ma túy hoặc có căn cứ cho rằng người đó bỏ trốn thì Tòa án nhân dân cấp huyện đã ra quyết định hoãn hoặc tạm đình chỉ hủy bỏ quyết định đó và ra quyết định buộc chấp hành quyết định đưa vào cơ sở cai nghiện bắt buộc.
3. Quyết định buộc chấp hành quyết định đưa vào trường giáo dưỡng, đưa vào cơ sở giáo dục bắt buộc, đưa vào cơ sở cai nghiện bắt buộc được gửi cho cơ quan Công an cùng cấp nơi Tòa án đã ra quyết định. Ngay sau khi nhận được quyết định, cơ quan Công an phải tổ chức áp giải đối tượng.

Luật Xử Lý Vi Phạm Hành Chính (15/2012/QH13) > Chương IV. THI HÀNH QUYẾT ĐỊNH ÁP DỤNG > Điều 113. Quản lý người được hoãn hoặc được tạm đình chỉ chấp hành quyết định áp dụng biện pháp đưa vào trường giáo dưỡng, đưa vào cơ sở giáo dục bắt buộc, đưa vào cơ sở cai nghiện bắt buộc > Khoản 2:
2. Trong thời gian được hoãn hoặc được tạm đình chỉ chấp hành quyết định đưa vào trường giáo dưỡng, đưa vào cơ sở giáo dục bắt buộc mà người đó tiếp tục có hành vi vi phạm đã bị xử lý hoặc có căn cứ cho rằng người đó bỏ trốn thì Tòa án nhân dân cấp huyện đã ra quyết định hoãn hoặc tạm đình chỉ hủy bỏ quyết định đó và ra quyết định buộc chấp hành quyết định đưa vào trường giáo dưỡng, quyết định đưa vào cơ sở giáo dục bắt buộc.
Trong thời gian được hoãn hoặc được tạm đình chỉ chấp hành quyết định đưa vào cơ sở cai nghiện bắt buộc mà người đó tiếp tục sử dụng ma túy hoặc có căn cứ cho rằng người đó bỏ trốn thì Tòa án nhân dân cấp huyện đã ra quyết định hoãn hoặc tạm đình chỉ hủy bỏ quyết định đó và ra quyết định buộc chấp hành quyết định đưa vào cơ sở cai nghiện bắt buộc.","Trong thời gian được hoãn hoặc tạm đình chỉ chấp hành quyết định đưa vào trường giáo dưỡng, cơ sở giáo dục bắt buộc, nếu người đó tiếp tục có hành vi vi phạm đã bị xử lý hoặc có căn cứ cho rằng người đó bỏ trốn thì Tòa án nhân dân cấp huyện đã ra quyết định hoãn hoặc tạm đình chỉ sẽ hủy bỏ quyết định đó và ra quyết định buộc chấp hành quyết định đưa vào trường giáo dưỡng, quyết định đưa vào cơ sở giáo dục bắt buộc [C3].",153.7062560000777,1124.8277660001804,"[""chunk:luat-15-2012-qh13:dieu-luat-15-2012-qh13-113:article:8709"", ""chunk:luat-15-2012-qh13:khoan-luat-15-2012-qh13-113-2:clause:8711""]","[""chunk:luat-15-2012-qh13:khoan-luat-15-2012-qh13-112-3:clause:8707"", ""chunk:luat-15-2012-qh13:khoan-luat-15-2012-qh13-111-3:clause:8702"", ""chunk:luat-15-2012-qh13:khoan-luat-15-2012-qh13-113-2:clause:8711"", ""chunk:luat-15-2012-qh13:dieu-luat-15-2012-qh13-113:article:8709""]",,0.769193611237729
q0068,graphrag,multi_hop_specific,"Khi doanh nghiệp chia, tách, hợp nhất, sáp nhập, bán, cho thuê, chuyển đổi loại hình hoặc chuyển nhượng quyền sở hữu tài sản, người sử dụng lao động kế tiếp và tổ chức đại diện người lao động có thể lựa chọn tiếp tục thực hiện, sửa đổi, bổ sung thỏa ước lao động tập thể cũ hay thương lượng để ký kết thỏa ước lao động tập thể mới?",0.5,0.25,1.0,0.9627523805741535,0.4166666666458333,0.5,0.5,"Bộ Luật Lao Động (45/2019/QH14) > Chương V. ĐỐI THOẠI TẠI NƠI LÀM VIỆC, THƯƠNG LƯỢNG TẬP THỂ, > Mục 3. THỎA ƯỚC LAO ĐỘNG TẬP THỂ > Điều 79. Thực hiện thỏa ước lao động tập thể tại doanh nghiệp > Khoản 2:
2. Trường hợp quyền, nghĩa vụ và lợi ích của các bên trong hợp đồng lao động đã giao kết trước ngày thỏa ước lao động tập thể có hiệu lực thấp hơn quy định tương ứng của thỏa ước lao động tập thể thì phải thực hiện theo thỏa ước lao động tập thể. Quy định của người sử dụng lao động chưa phù hợp với thỏa ước lao động tập thể thì phải được sửa đổi cho phù hợp; trong thời gian chưa sửa đổi thì thực hiện theo nội dung tương ứng của thỏa ước lao động tập thể.

Bộ Luật Lao Động (45/2019/QH14) > Chương V. ĐỐI THOẠI TẠI NƠI LÀM VIỆC, THƯƠNG LƯỢNG TẬP THỂ, > Mục 3. THỎA ƯỚC LAO ĐỘNG TẬP THỂ > Điều 80. Thực hiện thỏa ước lao động tập thể doanh nghiệp trong trường hợp chia, tách, hợp nhất, sáp nhập; bán, cho thuê, chuyển đổi loại hình doanh nghiệp; chuyển nhượng quyền sở hữu, quyền sử dụng tài sản của doanh nghiệp:
Điều 80. Thực hiện thỏa ước lao động tập thể doanh nghiệp trong trường hợp chia, tách, hợp nhất, sáp nhập; bán, cho thuê, chuyển đổi loại hình doanh nghiệp; chuyển nhượng quyền sở hữu, quyền sử dụng tài sản của doanh nghiệp
1. Trường hợp chia, tách, hợp nhất, sáp nhập; bán, cho thuê, chuyển đổi loại hình doanh nghiệp; chuyển nhượng quyền sở hữu, quyền sử dụng tài sản của doanh nghiệp thì người sử dụng lao động kế tiếp và tổ chức đại diện người lao động có quyền thương lượng theo quy định tại Điều 68 của Bộ luật này căn cứ vào phương án sử dụng lao động để xem xét lựa chọn việc tiếp tục thực hiện, sửa đổi, bổ sung thỏa ước lao động tập thể doanh nghiệp cũ hoặc thương lượng để ký kết thỏa ước lao động tập thể mới.
2. Trường hợp thỏa ước lao động tập thể doanh nghiệp hết hiệu lực do người sử dụng lao động chấm dứt hoạt động thì quyền lợi của người lao động được giải quyết theo quy định của pháp luật.","Khi doanh nghiệp chia, tách, hợp nhất, sáp nhập, bán, cho thuê, chuyển đổi loại hình hoặc chuyển nhượng quyền sở hữu tài sản, người sử dụng lao động kế tiếp và tổ chức đại diện người lao động có quyền thương lượng để xem xét lựa chọn việc tiếp tục thực hiện, sửa đổi, bổ sung thỏa ước lao động tập thể doanh nghiệp cũ hoặc thương lượng để ký kết thỏa ước lao động tập thể mới. Việc này được thực hiện căn cứ vào phương án sử dụng lao động [C3], [C4].",123.7832760002675,1124.8277660001804,"[""chunk:bo-luat-45-2019-qh14:khoan-bo-luat-45-2019-qh14-79-2:clause:2475"", ""chunk:bo-luat-45-2019-qh14:dieu-bo-luat-45-2019-qh14-80:article:2477""]","[""chunk:bo-luat-45-2019-qh14:dieu-bo-luat-45-2019-qh14-43:article:2263"", ""chunk:bo-luat-45-2019-qh14:dieu-bo-luat-45-2019-qh14-42:article:2251"", ""chunk:bo-luat-45-2019-qh14:khoan-bo-luat-45-2019-qh14-80-1:clause:2478"", ""chunk:bo-luat-45-2019-qh14:dieu-bo-luat-45-2019-qh14-80:article:2477""]",,0.6758838094439974
q0069,graphrag,multi_hop_specific,Việc xác minh thực tế theo Khoản 2 Điều 23 Nghị định 124/2020/NĐ-CP được lập theo mẫu nào?,0.5,0.25,1.0,0.9999999999999999,0.99999999995,0.5,0.36,"NGHỊ ĐỊNH Quy định chi tiết một số điều và biện pháp thi hành Luật Khiếu nại (124/2020/NĐ-CP) > Chương IV. TRÌNH TỰ, THỦ TỤC GIẢI QUYẾT KHIẾU NẠI > Mục 2. TIẾN HÀNH XÁC MINH NỘI DUNG KHIẾU NẠI > Điều 22. Tiếp nhận, xử lý thông tin, tài liệu, bằng chứng:
Điều 22. Tiếp nhận, xử lý thông tin, tài liệu, bằng chứng
Người giải quyết khiếu nại hoặc người được giao nhiệm vụ xác minh khi tiếp nhận thông tin, tài liệu, bằng chứng do người khiếu nại hoặc người đại diện, người được ủy quyền, luật sư, trợ giúp viên pháp lý của người khiếu nại, người bị khiếu nại, cơ quan, tổ chức, đơn vị, cá nhân cung cấp trực tiếp phải lập biên bản giao nhận. Biên bản giao nhận được thực hiện theo Mẫu số 08 ban hành kèm theo Nghị định này.

NGHỊ ĐỊNH Quy định chi tiết một số điều và biện pháp thi hành Luật Khiếu nại (124/2020/NĐ-CP) > Chương IV. TRÌNH TỰ, THỦ TỤC GIẢI QUYẾT KHIẾU NẠI > Mục 2. TIẾN HÀNH XÁC MINH NỘI DUNG KHIẾU NẠI > Điều 23. Xác minh thực tế:
Điều 23. Xác minh thực tế
1. Khi cần thiết, người giải quyết khiếu nại hoặc người được giao nhiệm vụ xác minh tiến hành xác minh thực tế để thu thập, kiểm tra, xác định tính chính xác, hợp pháp, đầy đủ của các thông tin, tài liệu, bằng chứng liên quan đến nội dung vụ việc khiếu nại.
2. Việc xác minh thực tế phải lập thành biên bản, ghi rõ thời gian, địa điểm, thành phần làm việc, nội dung, kết quả xác minh, ý kiến của những người tham gia xác minh và những người khác có liên quan. Biên bản thực hiện theo Mẫu số 06 ban hành kèm theo Nghị định này.","Việc xác minh thực tế theo Khoản 2 Điều 23 Nghị định 124/2020/NĐ-CP được lập theo Mẫu số 06 ban hành kèm theo Nghị định này [C1], [C2].",126.64735999987897,25341.15524950039,"[""chunk:nghi-ddinh-124-2020-ndd-cp:dieu-nghi-ddinh-124-2020-ndd-cp-22:article:23339"", ""chunk:nghi-ddinh-124-2020-ndd-cp:dieu-nghi-ddinh-124-2020-ndd-cp-23:article:23340""]","[""chunk:nghi-ddinh-124-2020-ndd-cp:khoan-nghi-ddinh-124-2020-ndd-cp-23-2:clause:23342"", ""chunk:nghi-ddinh-124-2020-ndd-cp:dieu-nghi-ddinh-124-2020-ndd-cp-23:article:23340"", ""chunk:nghi-ddinh-124-2020-ndd-cp:khoan-nghi-ddinh-124-2020-ndd-cp-23-1:clause:23341"", ""chunk:nghi-ddinh-124-2020-ndd-cp:khoan-nghi-ddinh-124-2020-ndd-cp-20-3:clause:23337""]",,0.77199999999
q0070,graphrag,multi_hop_specific,Thời hạn nộp tiền tạm ứng lệ phí sơ thẩm và phúc thẩm trong việc giải quyết việc dân sự là bao lâu?,0.5,0.25,1.0,0.9999999999999998,0.3333333333,1.0,0.89,"Nghị Quyết Quy Định Về Mức Thu, Miễn, Giảm, Thu, Nộp, Quản Lý Và Sử Dụng Án Phí Và Lệ Phí Tòa Án Nước Cộng Hòa Xã Hội Chủ Nghĩa Việt Nam (326/2016/UBTVQH14) > Chương I. NHỮNG QUY ĐỊNH CHUNG > Điều 17. Thời hạn nộp tiền tạm ứng án phí, án phí, tạm ứng lệ phí Tòa án, lệ phí Tòa án > Khoản 3:
3. Thời hạn nộp tiền tạm ứng lệ phí Tòa án:
a) Tạm ứng lệ phí giải quyết việc dân sự: Người phải nộp tiền tạm ứng lệ phí có nghĩa vụ nộp tiền tạm ứng lệ phí sơ thẩm, phúc thẩm và nộp cho Tòa án biên lai nộp tiền tạm ứng lệ phí Tòa án trong thời hạn 05 ngày làm việc, kể từ ngày nhận được thông báo của Tòa án về việc nộp tiền tạm ứng lệ phí, trừ trường hợp có lý do chính đáng;
b) Tạm ứng lệ phí Tòa án khác: Người kháng cáo quyết định của Tòa án quy định tại khoản 5 Điều 38, khoản 4 Điều 39 của Nghị quyết này phải nộp tiền tạm ứng lệ phí kháng cáo trong thời hạn 05 ngày làm việc, kể từ ngày nhận được thông báo của Tòa án về việc nộp tiền tạm ứng lệ phí kháng cáo, trừ trường hợp có lý do chính đáng.

Nghị Quyết Quy Định Về Mức Thu, Miễn, Giảm, Thu, Nộp, Quản Lý Và Sử Dụng Án Phí Và Lệ Phí Tòa Án Nước Cộng Hòa Xã Hội Chủ Nghĩa Việt Nam (326/2016/UBTVQH14) > Chương I. NHỮNG QUY ĐỊNH CHUNG > Điều 17. Thời hạn nộp tiền tạm ứng án phí, án phí, tạm ứng lệ phí Tòa án, lệ phí Tòa án > Khoản 3 > Điểm a:
a) Tạm ứng lệ phí giải quyết việc dân sự: Người phải nộp tiền tạm ứng lệ phí có nghĩa vụ nộp tiền tạm ứng lệ phí sơ thẩm, phúc thẩm và nộp cho Tòa án biên lai nộp tiền tạm ứng lệ phí Tòa án trong thời hạn 05 ngày làm việc, kể từ ngày nhận được thông báo của Tòa án về việc nộp tiền tạm ứng lệ phí, trừ trường hợp có lý do chính đáng;","Thời hạn nộp tiền tạm ứng lệ phí sơ thẩm và phúc thẩm trong việc giải quyết việc dân sự là **05 ngày làm việc**, kể từ ngày nhận được thông báo của Tòa án về việc nộp tiền tạm ứng lệ phí, trừ trường hợp có lý do chính đáng [C3].

Người phải nộp tiền tạm ứng lệ phí có nghĩa vụ nộp tiền tạm ứng lệ phí sơ thẩm, phúc thẩm và nộp cho Tòa án biên lai nộp tiền tạm ứng lệ phí Tòa án trong thời hạn này [C3].",129.19112299960034,25341.15524950039,"[""chunk:nghi-quyet-326-2016-ubtvqh14:khoan-nghi-quyet-326-2016-ubtvqh14-17-3:clause:30333"", ""chunk:nghi-quyet-326-2016-ubtvqh14:diem-nghi-quyet-326-2016-ubtvqh14-17-3-a:point:30334""]","[""chunk:nghi-quyet-326-2016-ubtvqh14:dieu-nghi-quyet-326-2016-ubtvqh14-36:article:30494"", ""chunk:nghi-quyet-326-2016-ubtvqh14:dieu-nghi-quyet-326-2016-ubtvqh14-17:article:30324"", ""chunk:nghi-quyet-326-2016-ubtvqh14:khoan-nghi-quyet-326-2016-ubtvqh14-17-3:clause:30333"", ""chunk:nghi-quyet-326-2016-ubtvqh14:dieu-nghi-quyet-326-2016-ubtvqh14-4:article:30227""]",,0.8446666666599999
q0071,graphrag,multi_hop_specific,"Người sử dụng lao động có phải xin lỗi công khai người lao động và trả toàn bộ chi phí điều trị, tiền lương trong thời gian điều trị nếu việc xâm phạm gây tổn thương về thân thể người lao động đến mức phải điều trị tại cơ sở y tế khi không báo cáo định kỳ hoặc báo cáo không đầy đủ hoặc báo cáo không chính xác hoặc báo cáo không đúng thời hạn về tai nạn lao động, bệnh nghề nghiệp không?",0.5,0.25,0.5,0.0,0.0,0.5,0.55,"NGHỊ ĐỊNH Quy định xử phạt vi phạm hành chính trong lĩnh vực lao động, bảo hiểm xã hội, người lao động Việt Nam đi làm việc ở nước ngoài theo hợp đồng (12/2022/NĐ-CP) > Chương II. HÀNH VI VI PHẠM, HÌNH THỨC XỬ PHẠT VÀ BIỆN PHÁP KHẮC PHỤC HẬU QUẢ ĐỐI VỚI HÀNH VI VI PHẠM TRONG LĨNH VỰC LAO ĐỘNG > Điều 19. Vi phạm quy định về kỷ luật lao động, trách nhiệm vật chất > Khoản 4 > Điểm c:
c) Buộc người sử dụng lao động xin lỗi công khai đối với người lao động và trả toàn bộ chi phí điều trị, tiền lương cho người lao động trong thời gian điều trị nếu việc xâm phạm gây tổn thương về thân thể người lao động đến mức phải điều trị tại cơ sở y tế khi vi phạm quy định tại điểm a khoản 3 Điều này;

NGHỊ ĐỊNH Quy định xử phạt vi phạm hành chính trong lĩnh vực lao động, bảo hiểm xã hội, người lao động Việt Nam đi làm việc ở nước ngoài theo hợp đồng (12/2022/NĐ-CP) > Chương II. HÀNH VI VI PHẠM, HÌNH THỨC XỬ PHẠT VÀ BIỆN PHÁP KHẮC PHỤC HẬU QUẢ ĐỐI VỚI HÀNH VI VI PHẠM TRONG LĨNH VỰC LAO ĐỘNG > Điều 20. Vi phạm quy định về báo cáo công tác an toàn, vệ sinh lao động > Khoản 3:
3. Phạt tiền từ 5.000.000 đồng đến 10.000.000 đồng đối với người sử dụng lao động có một trong các hành vi: không thống kê tai nạn lao động; không báo cáo định kỳ hoặc báo cáo không đầy đủ hoặc báo cáo không chính xác hoặc báo cáo không đúng thời hạn về tai nạn lao động, bệnh nghề nghiệp; không báo cáo định kỳ hoặc báo cáo không đầy đủ hoặc báo cáo không chính xác hoặc báo cáo không đúng thời hạn về sự cố kỹ thuật gây mất an toàn, vệ sinh lao động nghiêm trọng theo quy định của pháp luật.","Không, người sử dụng lao động không phải xin lỗi công khai người lao động và trả toàn bộ chi phí điều trị, tiền lương trong thời gian điều trị nếu việc xâm phạm gây tổn thương về thân thể người lao động đến mức phải điều trị tại cơ sở y tế khi không báo cáo định kỳ hoặc báo cáo không đầy đủ hoặc báo cáo không chính xác hoặc báo cáo không đúng thời hạn về tai nạn lao động, bệnh nghề nghiệp.

Ngữ cảnh được cung cấp chỉ rõ rằng biện pháp khắc phục hậu quả này áp dụng khi người sử dụng lao động vi phạm quy định tại điểm a khoản 3 Điều 19 [C1]. Tuy nhiên, ngữ cảnh không cung cấp nội dung của điểm a khoản 3 Điều 19, do đó không thể xác định liệu hành vi không báo cáo định kỳ hoặc báo cáo không đầy đủ hoặc báo cáo không chính xác hoặc báo cáo không đúng thời hạn về tai nạn lao động, bệnh nghề nghiệp có thuộc trường hợp này hay không.",170.0294180000128,1166.2999195000339,"[""chunk:nghi-ddinh-12-2022-ndd-cp:diem-nghi-ddinh-12-2022-ndd-cp-19-4-c:point:22511"", ""chunk:nghi-ddinh-12-2022-ndd-cp:khoan-nghi-ddinh-12-2022-ndd-cp-20-3:clause:22516""]","[""chunk:nghi-ddinh-12-2022-ndd-cp:diem-nghi-ddinh-12-2022-ndd-cp-19-4-c:point:22511"", ""chunk:nghi-ddinh-12-2022-ndd-cp:diem-nghi-ddinh-12-2022-ndd-cp-8-1-d:point:22287"", ""chunk:nghi-ddinh-12-2022-ndd-cp:dieu-nghi-ddinh-12-2022-ndd-cp-53:article:23122"", ""chunk:nghi-ddinh-12-2022-ndd-cp:khoan-nghi-ddinh-12-2022-ndd-cp-4-27:clause:22201""]",,0.31
q0072,graphrag,multi_hop_specific,"Định kỳ hàng tháng, chậm nhất đến ngày 05 của tháng sau, cơ quan thu tạm ứng án phí, tạm ứng lệ phí Tòa án phải nộp bao nhiêu phần trăm tiền tạm ứng án phí, tạm ứng lệ phí Tòa án thu được vào tài khoản tạm thu ngân sách nhà nước tại Kho bạc Nhà nước?",0.0,0.0,0.3333333333333333,0.0,0.8333333332916666,0.5,0.0,"Nghị Quyết Quy Định Về Mức Thu, Miễn, Giảm, Thu, Nộp, Quản Lý Và Sử Dụng Án Phí Và Lệ Phí Tòa Án Nước Cộng Hòa Xã Hội Chủ Nghĩa Việt Nam (326/2016/UBTVQH14) > Chương I. NHỮNG QUY ĐỊNH CHUNG > Điều 18. Xử lý tạm ứng án phí, án phí, tạm ứng lệ phí Tòa án, lệ phí Tòa án > Khoản 7:
7. Trường hợp bản án, quyết định sơ thẩm, phúc thẩm có hiệu lực pháp luật bị Tòa án xét xử giám đốc thẩm, tái thẩm hủy bản án sơ thẩm, phúc thẩm mà tiền tạm ứng án phí, án phí đã được trả lại cho người khởi kiện, người kháng cáo thì khi Tòa án cấp sơ thẩm hoặc phúc thẩm thụ lý lại vụ án phải yêu cầu người khởi kiện, người kháng cáo nộp lại tiền tạm ứng án phí.

Nghị Quyết Quy Định Về Mức Thu, Miễn, Giảm, Thu, Nộp, Quản Lý Và Sử Dụng Án Phí Và Lệ Phí Tòa Án Nước Cộng Hòa Xã Hội Chủ Nghĩa Việt Nam (326/2016/UBTVQH14) > Chương I. NHỮNG QUY ĐỊNH CHUNG > Điều 19. Chế độ thu, nộp, quản lý tiền tạm ứng án phí, tạm ứng lệ phí Tòa án, án phí, lệ phí Tòa án:
Điều 19. Chế độ thu, nộp, quản lý tiền tạm ứng án phí, tạm ứng lệ phí Tòa án, án phí, lệ phí Tòa án
1. Toàn bộ án phí, lệ phí Tòa án thu được phải nộp đầy đủ, kịp thời vào ngân sách nhà nước.
2. Cơ quan có thẩm quyền thu tạm ứng án phí, tạm ứng lệ phí Tòa án, án phí, lệ phí Tòa án sử dụng chứng từ thu theo quy định.
3. Cơ quan thu án phí, lệ phí Tòa án mở tài khoản tạm thu ngân sách nhà nước tại Kho bạc Nhà nước cùng cấp để tổ chức thu tạm ứng án phí, tạm ứng lệ phí Tòa án.
4. Định kỳ hàng tháng, chậm nhất đến ngày 05 của tháng sau, cơ quan thu tạm ứng án phí, tạm ứng lệ phí Tòa án phải nộp 100% tiền tạm ứng án phí, tạm ứng lệ phí Tòa án thu được vào tài khoản tạm thu ngân sách nhà nước tại Kho bạc Nhà nước.
5. Tạm ứng án phí, tạm ứng lệ phí Tòa án được nộp vào ngân sách nhà nước khi bản án, quyết định của Tòa án có hiệu lực pháp luật tuyên người đã nộp tiền tạm ứng phải chịu án phí, lệ phí Tòa án. Cơ quan thu án phí, lệ phí Tòa án thực hiện khai, nộp tiền án phí, lệ phí Tòa án thu được hàng tháng vào ngân sách nhà nước và quyết toán năm theo quy định của Luật quản lý thuế.
6. Trường hợp người đã nộp tiền tạm ứng án phí, tạm ứng lệ phí Tòa án, án phí lệ phí Tòa án được trả lại một phần hoặc toàn bộ số tiền đã nộp theo bản án quyết định của Tòa án đã có hiệu lực pháp luật thì cơ quan thu được trích từ tài khoản tạm thu ngân sách nhà nước tại Kho bạc Nhà nước để trả lại số tiền tạm ứng án phí, tạm ứng lệ phí Tòa án, án phí, lệ phí Tòa án đã thu, thực hiện khai và quyết toán án phí, lệ phí Tòa án với cơ quan quản lý thuế theo quy định của Luật quản lý thuế.","Ngữ cảnh được cung cấp không đề cập đến tỷ lệ phần trăm cụ thể mà cơ quan thu tạm ứng án phí, tạm ứng lệ phí Tòa án phải nộp vào tài khoản tạm thu ngân sách nhà nước tại Kho bạc Nhà nước. [C1], [C2], [C3], [C4] chỉ quy định về thời hạn nộp tiền tạm ứng án phí, tạm ứng lệ phí Tòa án và cơ quan có thẩm quyền thu.",145.56196000012278,1166.2999195000339,"[""chunk:nghi-quyet-326-2016-ubtvqh14:khoan-nghi-quyet-326-2016-ubtvqh14-18-7:clause:30349"", ""chunk:nghi-quyet-326-2016-ubtvqh14:dieu-nghi-quyet-326-2016-ubtvqh14-19:article:30350""]","[""chunk:nghi-quyet-326-2016-ubtvqh14:dieu-nghi-quyet-326-2016-ubtvqh14-17:article:30324"", ""chunk:nghi-quyet-326-2016-ubtvqh14:khoan-nghi-quyet-326-2016-ubtvqh14-39-4:clause:30512"", ""chunk:nghi-quyet-326-2016-ubtvqh14:dieu-nghi-quyet-326-2016-ubtvqh14-10:article:30266"", ""chunk:nghi-quyet-326-2016-ubtvqh14:khoan-nghi-quyet-326-2016-ubtvqh14-38-5:clause:30507""]",,0.333333333325
q0073,graphrag,multi_hop_specific,Phát triển kỹ năng nghề cần dựa trên những cơ sở nào và phải đảm bảo khả năng gì về chứng chỉ kỹ năng nghề quốc gia?,1.0,0.5,1.0,0.9423210035706456,0.99999999995,1.0,0.5,"NGHỊ ĐỊNH Quy định chi tiết một số điều của Luật Việc làm về phát triển kỹ năng nghề (138/2026/NĐ-CP) > Chương I. QUY ĐỊNH CHUNG > Điều 4. Nguyên tắc phát triển kỹ năng nghề:
Điều 4. Nguyên tắc phát triển kỹ năng nghề
1. Phát triển kỹ năng nghề phải phù hợp, thống nhất với chiến lược phát triển kinh tế - xã hội, khoa học - công nghệ và nhu cầu của thị trường lao động; gắn với chuyển dịch cơ cấu việc làm, đổi mới sáng tạo, xã hội học tập và học tập suốt đời của người lao động.
2. Bảo đảm cơ chế hữu hiệu để các bên liên quan tham gia thiết thực, hiệu quả trong phát triển kỹ năng nghề; có sự quản lý thống nhất, phối hợp chặt chẽ giữa các bộ, cơ quan ngang bộ, địa phương và các bên liên quan trong phát triển kỹ năng nghề.
3. Phát triển kỹ năng nghề dựa trên Khung trình độ kỹ năng nghề quốc gia, tiêu chuẩn kỹ năng nghề quốc gia và gắn kết với tuyển dụng, sử dụng hiệu quả lao động và nguồn lực cho phát triển kỹ năng nghề; bảo đảm khả năng tham chiếu và việc công nhận, thừa nhận lẫn nhau về chứng chỉ kỹ năng nghề quốc gia giữa Việt Nam và các nước.
4. Bảo đảm tính cập nhật, linh hoạt, liên thông và gắn kết đồng bộ giữa đào tạo - kỹ năng nghề - việc làm phù hợp với thị trường lao động và các tiêu chuẩn khu vực, quốc tế về kỹ năng nghề.
5. Bảo đảm cơ hội tiếp cận bình đẳng, minh bạch của người lao động, nhất là nhóm yếu thế trong phát triển kỹ năng nghề.
6. Huy động, sử dụng hiệu quả nguồn lực của Nhà nước, doanh nghiệp và xã hội; ứng dụng khoa học, công nghệ, chuyển đổi số và khai thác dữ liệu phục vụ các nội dung phát triển kỹ năng nghề và đánh giá, cấp chứng chỉ kỹ năng nghề quốc gia.

NGHỊ ĐỊNH Quy định chi tiết một số điều của Luật Việc làm về phát triển kỹ năng nghề (138/2026/NĐ-CP) > Chương I. QUY ĐỊNH CHUNG > Điều 4. Nguyên tắc phát triển kỹ năng nghề > Khoản 3:
3. Phát triển kỹ năng nghề dựa trên Khung trình độ kỹ năng nghề quốc gia, tiêu chuẩn kỹ năng nghề quốc gia và gắn kết với tuyển dụng, sử dụng hiệu quả lao động và nguồn lực cho phát triển kỹ năng nghề; bảo đảm khả năng tham chiếu và việc công nhận, thừa nhận lẫn nhau về chứng chỉ kỹ năng nghề quốc gia giữa Việt Nam và các nước.","Phát triển kỹ năng nghề cần dựa trên những cơ sở sau:
*   Khung trình độ kỹ năng nghề quốc gia [C1].
*   Tiêu chuẩn kỹ năng nghề quốc gia [C1].
*   Gắn kết với tuyển dụng, sử dụng hiệu quả lao động và nguồn lực cho phát triển kỹ năng nghề [C1].

Phát triển kỹ năng nghề phải đảm bảo khả năng tham chiếu và việc công nhận, thừa nhận lẫn nhau về chứng chỉ kỹ năng nghề quốc gia giữa Việt Nam và các nước [C1].",133.9720569999372,970.0149615000555,"[""chunk:nghi-ddinh-138-2026-ndd-cp:dieu-nghi-ddinh-138-2026-ndd-cp-4:article:23559"", ""chunk:nghi-ddinh-138-2026-ndd-cp:khoan-nghi-ddinh-138-2026-ndd-cp-4-3:clause:23562""]","[""chunk:nghi-ddinh-138-2026-ndd-cp:khoan-nghi-ddinh-138-2026-ndd-cp-4-3:clause:23562"", ""chunk:nghi-ddinh-138-2026-ndd-cp:dieu-nghi-ddinh-138-2026-ndd-cp-4:article:23559"", ""chunk:luat-74-2025-qh15:dieu-luat-74-2025-qh15-24:article:17089"", ""chunk:luat-74-2025-qh15:dieu-luat-74-2025-qh15-22:article:17062""]",,0.8884642007041291
q0074,graphrag,multi_hop_specific,Doanh nghiệp cần báo cáo những gì bằng văn bản cho Bộ Lao động - Thương binh và Xã hội trong thời hạn 15 ngày kể từ ngày Bộ trưởng Bộ Lao động - Thương binh và Xã hội ra quyết định thu hồi Giấy phép?,0.0,0.0,1.0,0.9735203234267599,0.9999999999,0.5,0.77,"NGHỊ ĐỊNH Quy định chi tiết một số điều và biện pháp thi hành Luật Người lao động Việt Nam đi làm việc ở nước ngoài theo hợp đồng (112/2021/NĐ-CP) > Chương II. ĐIỀU KIỆN, HỒ SƠ CẤP GIẤY PHÉP HOẠT ĐỘNG DỊCH VỤ ĐƯA NGƯỜI LAO ĐỘNG VIỆT NAM ĐI LÀM VIỆC Ở NƯỚC NGOÀI THEO HỢP ĐỒNG > Điều 10. Thu hồi Giấy phép > Khoản 4:
4. Trong thời hạn 15 ngày kể từ ngày Bộ trưởng Bộ Lao động - Thương binh và Xã hội ra quyết định thu hồi Giấy phép, doanh nghiệp báo cáo Bộ Lao động - Thương binh và Xã hội bằng văn bản về các hợp đồng cung ứng lao động còn hiệu lực; danh sách người lao động đang làm việc ở nước ngoài; danh sách người lao động đã tuyển chọn, đang tham gia bồi dưỡng kỹ năng nghề, ngoại ngữ, giáo dục định hướng; tiền ký quỹ, các khoản đã thu từ người lao động và việc đóng góp vào Quỹ Hỗ trợ việc làm ngoài nước.

NGHỊ ĐỊNH Quy định chi tiết một số điều và biện pháp thi hành Luật Người lao động Việt Nam đi làm việc ở nước ngoài theo hợp đồng (112/2021/NĐ-CP) > Chương II. ĐIỀU KIỆN, HỒ SƠ CẤP GIẤY PHÉP HOẠT ĐỘNG DỊCH VỤ ĐƯA NGƯỜI LAO ĐỘNG VIỆT NAM ĐI LÀM VIỆC Ở NƯỚC NGOÀI THEO HỢP ĐỒNG > Điều 11. Hồ sơ, thủ tục đổi Giấy phép theo quy định tại điểm b khoản 1 Điều 74 của Luật Người lao động Việt Nam đi làm việc ở nước ngoài theo hợp đồng > Khoản 1:
1. Hồ sơ:
a) Văn bản đề nghị đổi Giấy phép theo Mẫu số 05 Phụ lục I ban hành kèm theo Nghị định này;
b) Báo cáo về việc đáp ứng điều kiện quy định tại các điểm a, b, d, đ và e khoản 1 Điều 10 của Luật Người lao động Việt Nam đi làm việc ở nước ngoài theo hợp đồng theo Mẫu số 06 Phụ lục I ban hành kèm theo Nghị định này;
c) Bản chính Giấy phép còn hiệu lực đã được cấp theo quy định của Luật Người lao động Việt Nam đi làm việc ở nước ngoài theo hợp đồng số 72/2006/QH11.","Trong thời hạn 15 ngày kể từ ngày Bộ trưởng Bộ Lao động - Thương binh và Xã hội ra quyết định thu hồi Giấy phép, doanh nghiệp cần báo cáo bằng văn bản cho Bộ Lao động - Thương binh và Xã hội về các nội dung sau:
* Các hợp đồng cung ứng lao động còn hiệu lực [C1].
* Danh sách người lao động đang làm việc ở nước ngoài [C1].
* Danh sách người lao động đã tuyển chọn, đang tham gia bồi dưỡng kỹ năng nghề, ngoại ngữ, giáo dục định hướng [C1].
* Tiền ký quỹ, các khoản đã thu từ người lao động và việc đóng góp vào Quỹ Hỗ trợ việc làm ngoài nước [C1].",161.99304700012362,970.0149615000555,"[""chunk:nghi-ddinh-112-2021-ndd-cp:khoan-nghi-ddinh-112-2021-ndd-cp-10-4:clause:20878"", ""chunk:nghi-ddinh-112-2021-ndd-cp:khoan-nghi-ddinh-112-2021-ndd-cp-11-1:clause:20880""]","[""chunk:nghi-ddinh-112-2021-ndd-cp:dieu-nghi-ddinh-112-2021-ndd-cp-10:article:20874"", ""chunk:nghi-ddinh-112-2021-ndd-cp:dieu-nghi-ddinh-112-2021-ndd-cp-7:article:20855"", ""chunk:nghi-ddinh-145-2020-ndd-cp:khoan-nghi-ddinh-145-2020-ndd-cp-27-4:clause:24435"", ""chunk:luat-69-2020-qh14:khoan-luat-69-2020-qh14-27-1:clause:15982""]",,0.8487040646653519
q0075,graphrag,multi_hop_specific,"Tiêu chuẩn để bổ nhiệm Chấp hành viên sơ cấp, trung cấp và cao cấp trong quân đội được thực hiện theo quy định nào?",0.5,0.25,1.0,0.9925278122912697,0.9166666666361111,0.5,0.36,"Luật Thi Hành Án Dân Sự (26/2008/QH12-82197) > Chương II. HỆ THỐNG TỔ CHỨC THI HÀNH ÁN DÂN SỰ VÀ CHẤP HÀNH VIÊN > Điều 17. Chấp hành viên:
Điều 17. Chấp hành viên
1. Chấp hành viên là người được Nhà nước giao nhiệm vụ thi hành các bản án, quyết định theo quy định tại Điều 2 của Luật này. Chấp hành viên có ba ngạch là Chấp hành viên sơ cấp, Chấp hành viên trung cấp và Chấp hành viên cao cấp.
2. Chấp hành viên do Bộ trưởng Bộ Tư pháp bổ nhiệm.
3. Chính phủ quy định trình tự, thủ tục thi tuyển, bổ nhiệm Chấp hành viên.

Luật Thi Hành Án Dân Sự (26/2008/QH12-82197) > Chương II. HỆ THỐNG TỔ CHỨC THI HÀNH ÁN DÂN SỰ VÀ CHẤP HÀNH VIÊN > Điều 18. Tiêu chuẩn bổ nhiệm Chấp hành viên > Khoản 5:
5. Người có đủ tiêu chuẩn quy định tại khoản 2 Điều này, là sỹ quan quân đội tại ngũ thì được bổ nhiệm làm Chấp hành viên trong quân đội.
Tiêu chuẩn để được bổ nhiệm Chấp hành viên sơ cấp, Chấp hành viên trung cấp và Chấp hành viên cao cấp trong quân đội được thực hiện theo quy định tại các khoản 2, 3 và 4 Điều này.","Tiêu chuẩn để bổ nhiệm Chấp hành viên sơ cấp, trung cấp và cao cấp trong quân đội được thực hiện theo quy định tại các khoản 2, 3 và 4 Điều 18 của Luật Thi hành án dân sự [C1], [C2].

Cụ thể:
*   **Chấp hành viên sơ cấp trong quân đội:** Người có đủ tiêu chuẩn quy định tại khoản 1 Điều 18 và có đủ các điều kiện sau: có thời gian làm công tác pháp luật từ 03 năm trở lên; đã được đào tạo nghiệp vụ thi hành án dân sự; trúng tuyển kỳ thi tuyển Chấp hành viên sơ cấp [C2].
*   **Chấp hành viên trung cấp trong quân đội:** Người có đủ tiêu chuẩn quy định tại khoản 1 Điều 18 và có đủ các điều kiện sau: có thời gian làm Chấp hành viên sơ cấp từ 05 năm trở lên; trúng tuyển kỳ thi tuyển Chấp hành viên trung cấp [C2], [C3].
*   **Chấp hành viên cao cấp trong quân đội:** Người có đủ tiêu chuẩn quy định tại khoản 1 Điều 18 và có đủ các điều kiện sau: có thời gian làm Chấp hành viên trung cấp từ 05 năm trở lên; trúng tuyển kỳ thi tuyển Chấp hành viên cao cấp [C2].

Ngoài ra, người được bổ nhiệm làm Chấp hành viên trong quân đội phải là sĩ quan quân đội tại ngũ [C1], [C4].",175.93373199997586,21092.8822435003,"[""chunk:26-2008-qh12-82197:dieu-26-2008-qh12-82197-17:article:241"", ""chunk:26-2008-qh12-82197:khoan-26-2008-qh12-82197-18-5:clause:257""]","[""chunk:26-2008-qh12-82197:khoan-26-2008-qh12-82197-18-5:clause:257"", ""chunk:26-2008-qh12-82197:dieu-26-2008-qh12-82197-18:article:245"", ""chunk:26-2008-qh12-82197:khoan-26-2008-qh12-82197-18-3:clause:251"", ""chunk:luat-64-2014-qh13:dieu-luat-64-2014-qh13-10:article:15158""]",,0.7538388957854761
q0076,graphrag,multi_hop_abstract,"Luật Việc làm số 38/2013/QH13 đã được sửa đổi, bổ sung một số điều theo Luật số 41/2024/QH15 hết hiệu lực kể từ ngày Luật Việc Làm (74/2025/QH15) có hiệu lực thi hành, trừ trường hợp quy định tại các khoản nào của Điều 55 Luật Việc Làm (74/2025/QH15)?",1.0,0.5,1.0,0.9281251432105195,0.9999999999666667,1.0,0.5,"Luật Việc Làm (74/2025/QH15) > Chương VIII. ĐIỀU KHOẢN THI HÀNH > Điều 54. Hiệu lực thi hành:
Điều 54. Hiệu lực thi hành
1. Luật này có hiệu lực thi hành từ ngày 01 tháng 01 năm 2026.
2. Luật Việc làm số 38/2013/QH13 đã được sửa đổi, bổ sung một số điều theo Luật số 41/2024/QH15 hết hiệu lực kể từ ngày Luật này có hiệu lực thi hành, trừ trường hợp quy định tại các khoản 1, 2 và 3 Điều 55 của Luật này.

Luật Việc Làm (74/2025/QH15) > Chương VIII. ĐIỀU KHOẢN THI HÀNH > Điều 55. Quy định chuyển tiếp:
Điều 55. Quy định chuyển tiếp
1. Chuyển nguồn Quỹ quốc gia về việc làm thành nguồn ngân sách trung ương cấp cho Ngân hàng Chính sách xã hội để làm nguồn vốn cho vay giải quyết việc làm theo quy định của Chính phủ.
2. Khách hàng vay vốn từ Quỹ quốc gia về việc làm và các nguồn tín dụng ưu đãi khác theo quy định của Luật Việc làm số 38/2013/QH13 đã được sửa đổi, bổ sung một số điều theo Luật số 41/2024/QH15 đã ký kết hợp đồng tín dụng với Ngân hàng Chính sách xã hội trước ngày Luật này có hiệu lực thi hành thì tiếp tục thực hiện đến khi hoàn thành hợp đồng đã ký kết.
3. Tổ chức đánh giá kỹ năng nghề đã được cấp giấy chứng nhận hoạt động đánh giá kỹ năng nghề quốc gia trước ngày Luật này có hiệu lực thi hành thì tiếp tục hoạt động theo giấy chứng nhận đã được cấp.
4. Người lao động và người sử dụng lao động đã nộp hồ sơ đề nghị hưởng chế độ bảo hiểm thất nghiệp trước ngày Luật này có hiệu lực thi hành nhưng chưa có quyết định hưởng chế độ bảo hiểm thất nghiệp thì thực hiện theo quy định tại Luật này.
Luật này được Quốc hội nước Cộng hòa xã hội chủ nghĩa Việt Nam khóa XV, Kỳ họp thứ 9 thông qua ngày 16 tháng 6 năm 2025.
CHỦ TỊCH QUỐC HỘI Trần Thanh Mẫn","Luật Việc làm số 38/2013/QH13 đã được sửa đổi, bổ sung một số điều theo Luật số 41/2024/QH15 hết hiệu lực kể từ ngày Luật Việc Làm (74/2025/QH15) có hiệu lực thi hành, trừ trường hợp quy định tại các khoản 1, 2 và 3 Điều 55 của Luật Việc Làm (74/2025/QH15) [C2], [C3].",145.13092299966956,21092.8822435003,"[""chunk:luat-74-2025-qh15:dieu-luat-74-2025-qh15-54:article:17302"", ""chunk:luat-74-2025-qh15:dieu-luat-74-2025-qh15-55:article:17305""]","[""chunk:luat-74-2025-qh15:dieu-luat-74-2025-qh15-55:article:17305"", ""chunk:luat-74-2025-qh15:khoan-luat-74-2025-qh15-54-2:clause:17304"", ""chunk:luat-74-2025-qh15:dieu-luat-74-2025-qh15-54:article:17302"", ""chunk:luat-74-2025-qh15:khoan-luat-74-2025-qh15-55-2:clause:17307""]",,0.8856250286354372
q0077,graphrag,multi_hop_abstract,Mức lương hưu hằng tháng tối đa của người lao động được tính bằng bao nhiêu phần trăm mức bình quân thu nhập tháng đóng bảo hiểm xã hội quy định tại Điều 79 của Luật này?,0.0,0.0,1.0,0.9392716280122886,0.0,0.0,0.33,"Luật Bảo Hiểm Xã Hội (58/2014/QH13) > Chương IV. BẢO HIỂM XÃ HỘI TỰ NGUYỆN > Mục 1. CHẾ ĐỘ HƯU TRÍ > Điều 74. Mức lương hưu hằng tháng > Khoản 1:
1. Từ ngày Luật này có hiệu lực thi hành cho đến trước ngày 01 tháng 01 năm 2018 mức lương hưu hằng tháng của người lao động đủ điều kiện quy định tại Điều 73 của Luật này được tính bằng 45% mức bình quân thu nhập tháng đóng bảo hiểm xã hội quy định tại Điều 79 của Luật này tương ứng với 15 năm đóng bảo hiểm xã hội; sau đó cứ thêm mỗi năm thì tính thêm 2% đối với nam và 3% đối với nữ; mức tối đa bằng 75%.

Luật Bảo Hiểm Xã Hội (58/2014/QH13) > Chương IV. BẢO HIỂM XÃ HỘI TỰ NGUYỆN > Mục 1. CHẾ ĐỘ HƯU TRÍ > Điều 79. Mức bình quân thu nhập tháng đóng bảo hiểm xã hội:
Điều 79. Mức bình quân thu nhập tháng đóng bảo hiểm xã hội
1. Mức bình quân thu nhập tháng đóng bảo hiểm xã hội được tính bằng bình quân các mức thu nhập tháng đóng bảo hiểm xã hội của toàn bộ thời gian đóng.
2. Thu nhập tháng đã đóng bảo hiểm xã hội để làm căn cứ tính mức bình quân thu nhập tháng đóng bảo hiểm xã hội của người lao động được điều chỉnh trên cơ sở chỉ số giá tiêu dùng của từng thời kỳ theo quy định của Chính phủ.",Mức lương hưu hằng tháng tối đa của người lao động được tính bằng 75% mức bình quân thu nhập tháng đóng bảo hiểm xã hội [C4].,153.81833799983724,50924.17554399981,"[""chunk:luat-58-2014-qh13:khoan-luat-58-2014-qh13-74-1:clause:14444"", ""chunk:luat-58-2014-qh13:dieu-luat-58-2014-qh13-79:article:14470""]","[""chunk:luat-41-2024-qh15:dieu-luat-41-2024-qh15-104:article:11348"", ""chunk:luat-58-2014-qh13:dieu-luat-58-2014-qh13-56:article:14333"", ""chunk:luat-41-2024-qh15:dieu-luat-41-2024-qh15-66:article:11090"", ""chunk:luat-41-2024-qh15:dieu-luat-41-2024-qh15-99:article:11317""]",,0.45385432560245775
q0078,graphrag,multi_hop_abstract,"Theo Nghị quyết 326/2016/UBTVQH14, nghĩa vụ chịu án phí dân sự sơ thẩm trong vụ án hình sự được thực hiện theo quy định tại Điều 26 và Điều 27 của Nghị quyết này?",0.0,0.0,1.0,0.9175246600614361,0.3333333333,1.0,0.12,"Nghị Quyết Quy Định Về Mức Thu, Miễn, Giảm, Thu, Nộp, Quản Lý Và Sử Dụng Án Phí Và Lệ Phí Tòa Án Nước Cộng Hòa Xã Hội Chủ Nghĩa Việt Nam (326/2016/UBTVQH14) > Chương II. ÁN PHÍ TRONG VỤ ÁN HÌNH SỰ > Điều 23. Nghĩa vụ chịu án phí trong vụ án hình sự:
Điều 23. Nghĩa vụ chịu án phí trong vụ án hình sự 1. Nghĩa vụ chịu án phí sơ thẩm trong vụ án hình sự: a) Người bị kết án phải chịu án phí hình sự sơ thẩm; b) Bị hại đã yêu cầu khởi tố phải chịu án phí hình sự sơ thẩm trong trường hợp vụ án được khởi tố theo yêu cầu của bị hại, mà sau đó Tòa án tuyên bố bị cáo không có tội hoặc vụ án bị đình chỉ do người đã yêu cầu khởi tố rút yêu cầu theo quy định của Bộ luật tố tụng hình sự; c) Nghĩa vụ chịu án phí dân sự sơ thẩm trong vụ án hình sự được thực hiện theo quy định tại Điều 26 và Điều 27 của Nghị quyết này; d) Trường hợp bị hại khai báo tài sản bị xâm hại và có yêu cầu bị cáo bồi thường thiệt hại về tài sản nhưng thực tế chứng minh tài sản bị cáo xâm phạm có giá trị thấp hơn hoặc cao hơn giá trị tài sản khai báo thì bị cáo phải chịu án phí dân sự sơ thẩm được tính đối với phần tài sản chứng minh được bị xâm phạm; đ) Bị hại yêu cầu bồi thường thiệt hại về tài sản theo quy định của pháp luật không yêu cầu một số tiền hoặc tài sản có thể xác định được bằng một số tiền cụ thể thì không phải chịu án phí nếu yêu cầu của họ không được Tòa án chấp nhận; e) Bị hại có yêu cầu bồi thường thiệt hại về những khoản không phù hợp với pháp luật thì Tòa án phải giải thích cho họ việc họ phải chịu án phí nêu yêu cầu bồi thường thiệt hại đó không được Tòa án chấp nhận. Trường hợp họ vẫn yêu cầu Tòa án giải quyết thì họ phải chịu án phí nếu yêu cầu của họ không được Tòa án chấp nhận; f) Trước khi mở phiên tòa, đương sự, bị cáo thỏa thuận được với nhau về việc bồi thường thiệt

Nghị Quyết Quy Định Về Mức Thu, Miễn, Giảm, Thu, Nộp, Quản Lý Và Sử Dụng Án Phí Và Lệ Phí Tòa Án Nước Cộng Hòa Xã Hội Chủ Nghĩa Việt Nam (326/2016/UBTVQH14) > Chương III. ÁN PHÍ TRONG VỤ ÁN DÂN SỰ > Điều 29. Nghĩa vụ chịu án phí dân sự phúc thẩm:
Điều 29. Nghĩa vụ chịu án phí dân sự phúc thẩm 1. Đương sự kháng cáo phải chịu án phí dân sự phúc thẩm, nếu Tòa án cấp phúc thẩm giữ nguyên bản án, quyết định sơ thẩm bị kháng cáo, trừ trường hợp được miễn hoặc không phải chịu án phí phúc thẩm. 2. Trường hợp Tòa án cấp phúc thẩm sửa bản án, quyết định sơ thẩm bị kháng cáo thì đương sự kháng cáo liên quan đến phần bản án, quyết định phải sửa không phải chịu án phí dân sự phúc thẩm; Tòa án cấp phúc thẩm phải xác định lại nghĩa vụ chịu án phí dân sự sơ thẩm theo quy định tại Điều 147 của Bộ luật tố tụng dân sự và Điều 26, Điều 27 của Nghị quyết này. 3. Trường hợp Tòa án cấp phúc thẩm hủy bản án, quyết định sơ thẩm bị kháng cáo để xét xử sơ thẩm lại thì đương sự kháng cáo không phải chịu án phí dân sự phúc thẩm; nghĩa vụ chịu án phí được xác định lại khi giải quyết vụ án theo thủ tục sơ thẩm. 4. Đương sự rút kháng cáo trước khi mở phiên tòa phúc thẩm phải chịu 50% mức án phí dân sự phúc thẩm. Đương sự rút kháng cáo tại phiên tòa phúc thẩm phải chịu toàn bộ án phí dân sự phúc thẩm. 5. Trường hợp các đương sự thỏa thuận được với nhau về việc giải quyết vụ án tại phiên tòa phúc thẩm thì đương sự kháng cáo phải chịu toàn bộ án phí dân sự phúc thẩm, về án phí dân sự sơ thẩm, nếu các đương sự tự thỏa thuận được với nhau thì các đương sự chịu án phí dân sự sơ thẩm theo thỏa thuận; nếu không thỏa thuận được thì Tòa án xác định lại án phí dân sự sơ thẩm theo nội dung thỏa thuận về việc giải quyết vụ án tại phiên tòa phúc thẩm. 6. Trường hợp nguyên đơn rút đơn khởi kiện trước khi mở phiên tòa phúc thẩm hoặc tại phiên tòa phúc thẩm và","Theo Nghị quyết 326/2016/UBTVQH14, nghĩa vụ chịu án phí dân sự sơ thẩm trong vụ án hình sự được thực hiện theo quy định tại Điều 26 và Điều 27 của Nghị quyết này [C3].",169.73637199998848,50924.17554399981,"[""chunk:nghi-quyet-326-2016-ubtvqh14:dieu-nghi-quyet-326-2016-ubtvqh14-23:article:30368"", ""chunk:nghi-quyet-326-2016-ubtvqh14:dieu-nghi-quyet-326-2016-ubtvqh14-29:article:30450""]","[""chunk:nghi-quyet-326-2016-ubtvqh14:dieu-nghi-quyet-326-2016-ubtvqh14-26:article:30405"", ""chunk:nghi-quyet-326-2016-ubtvqh14:dieu-nghi-quyet-326-2016-ubtvqh14-27:article:30418"", ""chunk:nghi-quyet-326-2016-ubtvqh14:diem-nghi-quyet-326-2016-ubtvqh14-23-1-c:point:30375"", ""chunk:nghi-quyet-326-2016-ubtvqh14:khoan-nghi-quyet-326-2016-ubtvqh14-32-7:clause:30476""]",,0.6741715986722873
q0079,graphrag,multi_hop_abstract,"Trường hợp người khởi kiện rút đơn khởi kiện trước khi mở phiên tòa hoặc tại phiên tòa phúc thẩm và được đương sự đồng ý thì chi phí xem xét, thẩm định tại chỗ được xác định như thế nào?",0.5,0.25,0.625,0.0,0.0,0.36363636363636365,0.5,"Luật Tố Tụng Hành Chính (93/2015/QH13) > Chương XXII. ÁN PHÍ, LỆ PHÍ VÀ CÁC CHI PHÍ TỐ TỤNG KHÁC > Mục 2. CÁC CHI PHÍ TỐ TỤNG KHÁC > Điều 358. Nghĩa vụ chịu chi phí xem xét, thẩm định tại chỗ:
Điều 358. Nghĩa vụ chịu chi phí xem xét, thẩm định tại chỗ
Trường hợp các bên đương sự không có thỏa thuận khác hoặc pháp luật không có quy định khác thì nghĩa vụ chịu chi phí xem xét, thẩm định tại chỗ được xác định như sau:
1. Đương sự phải chịu chi phí xem xét, thẩm định tại chỗ nếu yêu cầu của họ không được Tòa án chấp nhận;
2. Trường hợp đình chỉ giải quyết vụ án quy định tại điểm c khoản 1 Điều 143, khoản 1 Điều 234 của Luật này thì đương sự phải chịu chi phí xem xét, thẩm định tại chỗ.
Trường hợp đình chỉ giải quyết việc xét xử phúc thẩm quy định tại điểm a khoản 2 Điều 225, điểm c khoản 1 Điều 229 của Luật này thì người kháng cáo theo thủ tục phúc thẩm phải chịu chi phí xem xét, thẩm định tại chỗ;
3. Đối với các trường hợp đình chỉ giải quyết vụ án khác theo quy định của Luật này thì người yêu cầu xem xét, thẩm định phải chịu chi phí xem xét, thẩm định tại chỗ.

Luật Tố Tụng Hành Chính (93/2015/QH13) > Chương XIII. THỦ TỤC PHÚC THẨM > Mục 2. THỦ TỤC BẮT ĐẦU PHIÊN TÒA PHÚC THẨM > Điều 234. Người khởi kiện rút đơn khởi kiện trước khi mở phiên tòa hoặc tại phiên tòa phúc thẩm > Khoản 1:
1. Trước khi mở phiên tòa hoặc tại phiên tòa phúc thẩm mà người khởi kiện rút đơn khởi kiện thì Hội đồng xét xử phúc thẩm phải hỏi người bị kiện có đồng ý hay không và tùy từng trường hợp mà giải quyết như sau:
a) Người bị kiện không đồng ý thì không chấp nhận việc rút đơn khởi kiện của người khởi kiện;
b) Đương sự đồng ý thì chấp nhận việc rút đơn khởi kiện của người khởi kiện. Hội đồng xét xử phúc thẩm ra quyết định hủy bản án sơ thẩm và đình chỉ giải quyết vụ án. Trường hợp này, đương sự vẫn phải chịu án phí sơ thẩm theo quyết định của Tòa án cấp sơ thẩm và phải chịu một nửa án phí phúc thẩm theo quy định của pháp luật.","Ngữ cảnh được cung cấp không đề cập đến việc xác định chi phí xem xét, thẩm định tại chỗ trong trường hợp người khởi kiện rút đơn khởi kiện trước khi mở phiên tòa hoặc tại phiên tòa phúc thẩm và được đương sự đồng ý.

Tuy nhiên, ngữ cảnh có quy định về án phí trong trường hợp này:
*   Nếu người khởi kiện rút đơn khởi kiện trước khi mở phiên tòa hoặc tại phiên tòa phúc thẩm và được đương sự đồng ý, Hội đồng xét xử phúc thẩm sẽ chấp nhận việc rút đơn khởi kiện, hủy bản án sơ thẩm và đình chỉ giải quyết vụ án. [C1b], [C2b]
*   Trong trường hợp này, đương sự vẫn phải chịu án phí sơ thẩm theo quyết định của Tòa án cấp sơ thẩm và phải chịu một nửa án phí phúc thẩm theo quy định của pháp luật. [C1b], [C2b]",150.53621299966835,1257.8447864998452,"[""chunk:luat-93-2015-qh13:dieu-luat-93-2015-qh13-358:article:20722"", ""chunk:luat-93-2015-qh13:khoan-luat-93-2015-qh13-234-1:clause:20119""]","[""chunk:luat-93-2015-qh13:khoan-luat-93-2015-qh13-234-1:clause:20119"", ""chunk:bo-luat-92-2015-qh13:diem-bo-luat-92-2015-qh13-299-1-b:point:4796"", ""chunk:luat-93-2015-qh13:diem-luat-93-2015-qh13-143-1-c:point:19691"", ""chunk:luat-93-2015-qh13:diem-luat-93-2015-qh13-225-2-a:point:20062""]",,0.29772727272727273
q0080,graphrag,multi_hop_abstract,"Trường hợp lao động nữ mang thai từ đủ 22 tuần tuổi trở lên mà bị sảy thai, phá thai, thai chết trong tử cung, thai chết trong khi chuyển dạ thì hồ sơ đề nghị hưởng chế độ thai sản gồm những giấy tờ gì?",1.0,0.5,0.9333333333333333,0.9923552375135536,0.49999999995,0.0,0.12,"LUẬT Bảo hiểm xã hội (41/2024/QH15) > Chương V. BẢO HIỂM XÃ HỘI BẮT BUỘC > Mục 2. CHẾ ĐỘ THAI SẢN > Điều 61. Hồ sơ đề nghị hưởng chế độ thai sản:
Điều 61. Hồ sơ đề nghị hưởng chế độ thai sản 1. Hồ sơ đề nghị hưởng chế độ thai sản đối với lao động nữ sinh con hoặc lao động nữ mang thai hộ sinh con hoặc lao động nữ nhờ mang thai hộ là bản sao giấy khai sinh hoặc trích lục khai sinh hoặc bản sao giấy chứng sinh của con và giấy tờ khác trong các trường hợp sau đây: a) Giấy tờ chứng minh quá trình điều trị vô sinh của lao động nữ trong trường hợp quy định tại khoản 5 Điều 50 của Luật này; b) Bản sao giấy chứng tử hoặc trích lục khai tử của lao động nữ sinh con, lao động nữ nhờ mang thai hộ trong trường hợp chết sau khi sinh con; c) Bản chính hoặc bản sao văn bản xác nhận của cơ sở khám bệnh, chữa bệnh về tình trạng người mẹ sau khi sinh con mà không còn đủ sức khỏe để chăm sóc con hoặc lao động nữ nhờ mang thai hộ sau khi nhận con mà không còn đủ sức khỏe để chăm sóc con; d) Bản chính hoặc bản sao giấy xác nhận của cơ sở khám bệnh, chữa bệnh về việc lao động nữ phải nghỉ việc để dưỡng thai trong trường hợp quy định tại khoản 3 Điều 50 của Luật này; đ) Bản sao bản thỏa thuận về mang thai hộ vì mục đích nhân đạo theo quy định tại Điều 96 của Luật Hôn nhân và gia đình và bản sao văn bản xác nhận thời điểm giao nhận con giữa bên mang thai hộ và bên nhờ mang thai hộ trong trường hợp lao động nữ mang thai hộ sinh con hoặc lao động nữ nhờ mang thai hộ nhận con. 2. Hồ sơ đề nghị hưởng chế độ thai sản đối với lao động nữ sinh con và lao động nữ mang thai hộ sinh con trong trường hợp con chết ngay sau khi sinh mà chưa được cấp giấy chứng sinh, lao động nữ mang thai từ 22 tuần tuổi trở lên đủ điều kiện

LUẬT Bảo hiểm xã hội (41/2024/QH15) > Chương V. BẢO HIỂM XÃ HỘI BẮT BUỘC > Mục 2. CHẾ ĐỘ THAI SẢN > Điều 52. Thời gian nghỉ việc hưởng chế độ thai sản khi sảy thai, phá thai, thai chết trong tử cung, thai chết trong khi chuyển dạ, thai ngoài tử cung > Khoản 2:
2. Trường hợp lao động nữ mang thai từ đủ 22 tuần tuổi trở lên đủ điều kiện quy định tại khoản 2 hoặc khoản 3 hoặc khoản 5 Điều 50 của Luật này mà bị sảy thai, phá thai, thai chết trong tử cung, thai chết trong khi chuyển dạ thì lao động nữ và người chồng được nghỉ việc hưởng chế độ thai sản như trường hợp lao động nữ sinh con.","Trường hợp lao động nữ mang thai từ đủ 22 tuần tuổi trở lên mà bị sảy thai, phá thai, thai chết trong tử cung, thai chết trong khi chuyển dạ, hồ sơ đề nghị hưởng chế độ thai sản bao gồm:

*   Bản sao giấy khai sinh hoặc trích lục khai sinh hoặc bản sao giấy chứng sinh của con [C2].
*   Nếu con chết ngay sau khi sinh mà chưa được cấp giấy chứng sinh, hoặc thai chết trong tử cung, thai chết trong khi chuyển dạ, thì hồ sơ là một trong các giấy tờ sau đây [C4]:
    *   Bản chính hoặc bản sao bản tóm tắt hồ sơ bệnh án có thể hiện thông tin con chết [C4].
    *   Bản chính hoặc bản sao giấy ra viện của lao động nữ sinh con có thể hiện thông tin con chết [C4].
    *   Bản sao giấy báo tử của con [C4].
    *   Văn bản xác nhận của Ủy ban nhân dân cấp xã đối với trường hợp con chết trong vòng 24 giờ sau khi sinh [C4].

Ngoài ra, theo [C3], trường hợp này lao động nữ và người chồng được nghỉ việc hưởng chế độ thai sản như trường hợp lao động nữ sinh con.

Ngữ cảnh không cung cấp đầy đủ thông tin về các giấy tờ khác có thể cần thiết trong trường hợp này, vì [C2] bị cắt cụt ở cuối.",118.34387899989451,1257.8447864998452,"[""chunk:luat-41-2024-qh15:dieu-luat-41-2024-qh15-61:article:11032"", ""chunk:luat-41-2024-qh15:khoan-luat-41-2024-qh15-52-2:clause:10978""]","[""chunk:luat-41-2024-qh15:dieu-luat-41-2024-qh15-52:article:10972"", ""chunk:luat-41-2024-qh15:dieu-luat-41-2024-qh15-61:article:11032"", ""chunk:luat-41-2024-qh15:khoan-luat-41-2024-qh15-52-2:clause:10978"", ""chunk:luat-41-2024-qh15:dieu-luat-41-2024-qh15-96:article:11305""]",,0.5091377141593775
q0081,graphrag,multi_hop_abstract,"Người làm việc theo hợp đồng lao động có thời hạn từ đủ 01 tháng đến dưới 03 tháng khi nghỉ việc có đủ 20 năm đóng bảo hiểm xã hội trở lên được hưởng lương hưu với mức thấp hơn so với người đủ điều kiện hưởng lương hưu quy định tại điểm a và điểm b khoản 1 Điều 54 của Luật Bảo hiểm xã hội nếu nam đủ 50 tuổi, nữ đủ 45 tuổi và bị suy giảm khả năng lao động từ 81% trở lên đúng không?",0.5,0.25,0.16666666666666666,0.942338892259096,0.0,1.0,0.33,"Luật Bảo Hiểm Xã Hội (58/2014/QH13) > Chương III. BẢO HIỂM XÃ HỘI BẮT BUỘC > Mục 4. CHẾ ĐỘ HƯU TRÍ > Điều 55. Điều kiện hưởng lương hưu khi suy giảm khả năng lao động > Khoản 1:
1. Người lao động quy định tại các điểm a, b, c, d, g, h và i khoản 1 Điều 2 của Luật này khi nghỉ việc có đủ 20 năm đóng bảo hiểm xã hội trở lên được hưởng lương hưu với mức thấp hơn so với người đủ điều kiện hưởng lương hưu quy định tại điểm a và điểm b khoản 1 Điều 54 của Luật này nếu thuộc một trong các trường hợp sau đây:
a) Từ ngày 01 tháng 01 năm 2016, nam đủ 51 tuổi, nữ đủ 46 tuổi và bị suy giảm khả năng lao động từ 61% trở lên thì đủ điều kiện hưởng lương hưu khi suy giảm khả năng lao động. Sau đó mỗi năm tăng thêm một tuổi cho đến năm 2020 trở đi, nam đủ 55 tuổi và nữ đủ 50 tuổi thì mới đủ điều kiện hưởng lương hưu khi suy giảm khả năng lao động từ 61% trở lên;
b) Nam đủ 50 tuổi, nữ đủ 45 tuổi và bị suy giảm khả năng lao động từ 81% trở lên;
c) Bị suy giảm khả năng lao động từ 61% trở lên và có đủ 15 năm trở lên làm nghề hoặc công việc đặc biệt nặng nhọc, độc hại, nguy hiểm thuộc danh mục do Bộ Lao động - Thương binh và Xã hội, Bộ Y tế ban hành.

Luật Bảo Hiểm Xã Hội (58/2014/QH13) > Chương I. NHỮNG QUY ĐỊNH CHUNG > Điều 2. Đối tượng áp dụng > Khoản 1:
1. Người lao động là công dân Việt thuộc đối tượng tham gia bảo hiểm xã hội bắt buộc, bao gồm:
a) Người làm việc theo hợp đồng lao động không xác định thời hạn, hợp đồng lao động xác định thời hạn, hợp đồng lao động theo mùa vụ hoặc theo một công việc nhất định có thời hạn từ đủ 03 tháng đến dưới 12 tháng, kể cả hợp đồng lao động được ký kết giữa người sử dụng lao động với người đại diện theo pháp luật của người dưới 15 tuổi theo quy định của pháp luật về lao động;
b) Người làm việc theo hợp đồng lao động có thời hạn từ đủ 01 tháng đến dưới 03 tháng;
c) Cán bộ, công chức, viên chức;
d) Công nhân quốc phòng, công nhân công an, người làm công tác khác trong tổ chức cơ yếu;
đ) Sĩ quan, quân nhân chuyên nghiệp quân đội nhân dân; sĩ quan, hạ sĩ quan nghiệp vụ, sĩ quan, hạ sĩ quan chuyên môn kỹ thuật công an nhân dân; người làm công tác cơ yếu hưởng lương như đối với quân nhân;
e) Hạ sĩ quan, chiến sĩ quân đội nhân dân; hạ sĩ quan, chiến sĩ công an nhân dân phục vụ có thời hạn; học viên quân đội, công an, cơ yếu đang theo học được hưởng sinh hoạt phí;
g) Người đi làm việc ở nước ngoài theo hợp đồng quy định tại Luật người lao động Việt đi làm việc ở nước ngoài theo hợp đồng;
h) Người quản lý doanh nghiệp, người quản lý điều hành hợp tác xã có hưởng tiền lương;
i) Người hoạt động không chuyên trách ở xã, phường, thị trấn.","Đúng.

Người làm việc theo hợp đồng lao động có thời hạn từ đủ 01 tháng đến dưới 03 tháng (thuộc đối tượng quy định tại điểm b khoản 1 Điều 2 của Luật Bảo hiểm xã hội [C4]) khi nghỉ việc có đủ 20 năm đóng bảo hiểm xã hội trở lên được hưởng lương hưu với mức thấp hơn so với người đủ điều kiện hưởng lương hưu quy định tại điểm a và điểm b khoản 1 Điều 54 của Luật Bảo hiểm xã hội nếu nam đủ 50 tuổi, nữ đủ 45 tuổi và bị suy giảm khả năng lao động từ 81% trở lên [C2].",185.71607300009418,883.9655649999258,"[""chunk:luat-58-2014-qh13:khoan-luat-58-2014-qh13-55-1:clause:14326"", ""chunk:luat-58-2014-qh13:khoan-luat-58-2014-qh13-2-1:clause:13992""]","[""chunk:luat-58-2014-qh13:dieu-luat-58-2014-qh13-56:article:14333"", ""chunk:luat-58-2014-qh13:dieu-luat-58-2014-qh13-55:article:14325"", ""chunk:luat-58-2014-qh13:dieu-luat-58-2014-qh13-54:article:14312"", ""chunk:luat-58-2014-qh13:khoan-luat-58-2014-qh13-2-1:clause:13992""]",,0.4878011117851525
q0082,graphrag,multi_hop_abstract,"Người lao động làm nghề, công việc nặng nhọc, độc hại, nguy hiểm thuộc danh mục do Bộ Lao động - Thương binh và Xã hội ban hành được hưởng lương hưu khi đủ tuổi theo quy định tại khoản 3 Điều 169 của Bộ luật Lao động và có đủ bao nhiêu năm làm nghề?",0.5,0.25,1.0,0.9510334379439018,0.49999999995,0.5,0.0,"Bộ Luật Lao Động (45/2019/QH14) > Chương XVII. ĐIỀU KHOẢN THI HÀNH > Điều 219. Sửa đổi, bổ sung một số điều của các luật có liên quan đến lao động:
Điều 219. Sửa đổi, bổ sung một số điều của các luật có liên quan đến lao động 1. Sửa đổi, bổ sung một số điều của Luật Bảo hiểm xã hội số 58/2014/QH13 đã được sửa đổi, bổ sung theo Luật số 84/2015/QH13 và Luật số 35/2018/QH14: a) Sửa đổi, bổ sung Điều 54 như sau: “Điều 54. Điều kiện hưởng lương hưu 1. Người lao động quy định tại các điểm a, b, c, d, g, h và i khoản 1 Điều 2 của Luật này, trừ trường hợp quy định tại khoản 3 Điều này, khi nghỉ việc có đủ 20 năm đóng bảo hiểm xã hội trở lên thì được hưởng lương hưu nếu thuộc một trong các trường hợp sau đây: a) Đủ tuổi theo quy định tại khoản 2 Điều 169 của Bộ luật Lao động; b) Đủ tuổi theo quy định tại khoản 3 Điều 169 của Bộ luật Lao động và có đủ 15 năm làm nghề, công việc nặng nhọc, độc hại, nguy hiểm hoặc đặc biệt nặng nhọc, độc hại, nguy hiểm thuộc danh mục do Bộ Lao động - Thương binh và Xã hội ban hành hoặc có đủ 15 năm làm việc ở vùng có điều kiện kinh tế - xã hội đặc biệt khó khăn bao gồm cả thời gian làm việc ở nơi có phụ cấp khu vực hệ số 0,7 trở lên trước ngày 01 tháng 01 năm 2021; c) Người lao động có tuổi thấp hơn tối đa 10 tuổi so với tuổi nghỉ hưu của người lao động quy định tại khoản 2 Điều 169 của Bộ luật Lao động và có đủ 15 năm làm công việc khai thác than trong hầm lò; d) Người bị nhiễm HIV do tai nạn rủi ro nghề nghiệp trong khi thực hiện nhiệm vụ được giao. 2. Người lao động quy định tại điểm đ và điểm e khoản 1 Điều 2 của Luật này nghỉ việc có đủ 20 năm đóng bảo hiểm xã hội trở lên được hưởng lương hưu khi thuộc một trong các trường hợp sau đây: a) Có tuổi thấp

Bộ Luật Lao Động (45/2019/QH14) > Chương V. ĐỐI THOẠI TẠI NƠI LÀM VIỆC, THƯƠNG LƯỢNG TẬP THỂ, > Mục 2. THƯƠNG LƯỢNG TẬP THỂ > Điều 73. Thương lượng tập thể có nhiều doanh nghiệp tham gia thông qua Hội đồng thương lượng tập thể > Khoản 1:
1. Trên cơ sở đồng thuận, các bên thương lượng tập thể có nhiều doanh nghiệp tham gia có thể yêu cầu Ủy ban nhân dân cấp tỉnh nơi đặt trụ sở chính của các doanh nghiệp tham gia thương lượng hoặc nơi do các bên lựa chọn trong trường hợp các doanh nghiệp tham gia thương lượng có trụ sở chính tại nhiều tỉnh, thành phố trực thuộc Trung ương thành lập Hội đồng thương lượng tập thể để tiến hành thương lượng tập thể.","Người lao động làm nghề, công việc nặng nhọc, độc hại, nguy hiểm thuộc danh mục do Bộ Lao động - Thương binh và Xã hội ban hành được hưởng lương hưu khi đủ tuổi theo quy định tại khoản 3 Điều 169 của Bộ luật Lao động và có đủ **15 năm** làm nghề, công việc nặng nhọc, độc hại, nguy hiểm hoặc đặc biệt nặng nhọc, độc hại, nguy hiểm [C2].",152.37657100033175,883.9655649999258,"[""chunk:bo-luat-45-2019-qh14:dieu-bo-luat-45-2019-qh14-219:article:3171"", ""chunk:bo-luat-45-2019-qh14:khoan-bo-luat-45-2019-qh14-73-1:clause:2443""]","[""chunk:bo-luat-45-2019-qh14:khoan-bo-luat-45-2019-qh14-169-2:clause:2887"", ""chunk:bo-luat-45-2019-qh14:dieu-bo-luat-45-2019-qh14-219:article:3171"", ""chunk:bo-luat-45-2019-qh14:khoan-bo-luat-45-2019-qh14-169-3:clause:2888"", ""chunk:luat-41-2024-qh15:dieu-luat-41-2024-qh15-65:article:11082""]",,0.5902066875787804
q0083,graphrag,multi_hop_abstract,"Doanh nghiệp đã được cấp Giấy phép hoạt động dịch vụ đưa người lao động Việt Nam đi làm việc ở nước ngoài trước ngày Nghị định 112/2021/NĐ-CP có hiệu lực phải rà soát, bổ sung, điều chỉnh để đáp ứng các điều kiện về cơ sở vật chất để tổ chức giáo dục định hướng cho người lao động, bao gồm phòng học có diện tích tối thiểu bao nhiêu mét vuông trên học viên và phòng nội trú có diện tích tối thiểu bao nhiêu mét vuông trên học viên?",0.5,0.25,0.5,0.9756345848477507,0.249999999975,0.5,0.3,"NGHỊ ĐỊNH Quy định chi tiết một số điều và biện pháp thi hành Luật Người lao động Việt Nam đi làm việc ở nước ngoài theo hợp đồng (112/2021/NĐ-CP) > Chương VIII. ĐIỀU KHOẢN THI HÀNH > Điều 46. Quy định chuyển tiếp > Khoản 1:
1. Doanh nghiệp đã được cấp Giấy phép hoạt động dịch vụ đưa người lao động Việt Nam đi làm việc ở nước ngoài trước ngày Nghị định này có hiệu lực có trách nhiệm rà soát, bổ sung, điều chỉnh để đáp ứng các điều kiện quy định tại điểm a, b, d, đ và e khoản 1 Điều 10 của Luật Người lao động Việt Nam đi làm việc ở nước ngoài theo hợp đồng và quy định tại Điều 4, Điều 5 và Điều 6 Nghị định này, báo cáo theo Mẫu số 06 Phụ lục I và xác nhận việc ký quỹ theo Mẫu số 03 Phụ lục I ban hành kèm theo Nghị định này, gửi Bộ Lao động - Thương binh và Xã hội trước ngày 01 tháng 01 năm 2023.

NGHỊ ĐỊNH Quy định chi tiết một số điều và biện pháp thi hành Luật Người lao động Việt Nam đi làm việc ở nước ngoài theo hợp đồng (112/2021/NĐ-CP) > Chương II. ĐIỀU KIỆN, HỒ SƠ CẤP GIẤY PHÉP HOẠT ĐỘNG DỊCH VỤ ĐƯA NGƯỜI LAO ĐỘNG VIỆT NAM ĐI LÀM VIỆC Ở NƯỚC NGOÀI THEO HỢP ĐỒNG > Điều 5. Điều kiện về cơ sở vật chất để tổ chức giáo dục định hướng cho người lao động:
Điều 5. Điều kiện về cơ sở vật chất để tổ chức giáo dục định hướng cho người lao động
1. Cơ sở vật chất để tổ chức giáo dục định hướng phải đảm bảo điều kiện an toàn, vệ sinh và đáp ứng các tiêu chuẩn sau:
a) Có phòng học và phòng nội trú cho ít nhất 100 học viên tại một thời điểm; có nơi sơ cứu, cấp cứu với trang thiết bị, phương tiện sơ cứu, cấp cứu;
b) Phòng học có diện tích tối thiểu 1,4 m2/học viên, có trang thiết bị cơ bản phục vụ học tập;
c) Phòng nội trú có diện tích tối thiểu 3,5 m2/học viên, có trang thiết bị cơ bản đảm bảo phục vụ sinh hoạt nội trú; bố trí không quá 12 học viên/phòng; khu vực nội trú bố trí tách biệt cho học viên nam và nữ, có đủ buồng tắm và nhà vệ sinh.
2. Trường hợp doanh nghiệp thuê cơ sở vật chất để tổ chức giáo dục định hướng thì thời hạn thuê phải còn ít nhất 02 năm tại thời điểm doanh nghiệp nộp hồ sơ đề nghị cấp Giấy phép.
3. Chi nhánh được doanh nghiệp dịch vụ giao tổ chức giáo dục định hướng phải có cơ sở vật chất đảm bảo điều kiện an toàn, vệ sinh, có phòng học và phòng nội trú đáp ứng quy định tại điểm b và điểm c khoản 1 Điều này và thời hạn thuê (nếu chi nhánh thuê cơ sở vật chất) phải tối thiểu là 02 năm.
4. Doanh nghiệp dịch vụ phải duy trì quyền sử dụng hợp pháp cơ sở vật chất để tổ chức giáo dục định hướng trong suốt thời gian hoạt động dịch vụ đưa người lao động Việt Nam đi làm việc ở nước ngoài theo hợp đồng.","Doanh nghiệp đã được cấp Giấy phép hoạt động dịch vụ đưa người lao động Việt Nam đi làm việc ở nước ngoài trước ngày Nghị định 112/2021/NĐ-CP có hiệu lực phải rà soát, bổ sung, điều chỉnh để đáp ứng các điều kiện về cơ sở vật chất để tổ chức giáo dục định hướng cho người lao động như sau:
*   Phòng học có diện tích tối thiểu 1,4 m2/học viên [C4].
*   Phòng nội trú có diện tích tối thiểu 3,5 m2/học viên [C4].",145.3574130000561,1073.377757000344,"[""chunk:nghi-ddinh-112-2021-ndd-cp:khoan-nghi-ddinh-112-2021-ndd-cp-46-1:clause:21095"", ""chunk:nghi-ddinh-112-2021-ndd-cp:dieu-nghi-ddinh-112-2021-ndd-cp-5:article:20844""]","[""chunk:nghi-ddinh-112-2021-ndd-cp:dieu-nghi-ddinh-112-2021-ndd-cp-4:article:20818"", ""chunk:nghi-ddinh-372-2025-ndd-cp:khoan-nghi-ddinh-372-2025-ndd-cp-1-1:clause:29231"", ""chunk:luat-69-2020-qh14:diem-luat-69-2020-qh14-26-2-b:point:15969"", ""chunk:nghi-ddinh-112-2021-ndd-cp:dieu-nghi-ddinh-112-2021-ndd-cp-5:article:20844""]",,0.50512691696455
q0084,graphrag,multi_hop_abstract,"Người thực hiện trợ giúp pháp lý có được tiếp tục thực hiện trợ giúp pháp lý khi họ nhận, đòi hỏi bất kỳ một khoản tiền, lợi ích vật chất hoặc lợi ích khác từ người được trợ giúp pháp lý và đã chấp hành xong hình thức xử lý vi phạm không?",1.0,0.5,1.0,0.9999999999999999,0.6388888888675925,1.0,0.29,"Luật Trợ Giúp Pháp Lý (11/2017/QH14) > Chương IV. NGƯỜI THỰC HIỆN TRỢ GIÚP PHÁP LÝ, QUYỀN, NGHĨA VỤ CỦA NGƯỜI THỰC HIỆN TRỢ GIÚP PHÁP LÝ > Điều 25. Các trường hợp không được tiếp tục thực hiện hoặc phải từ chối thực hiện trợ giúp pháp lý:
Điều 25. Các trường hợp không được tiếp tục thực hiện hoặc phải từ chối thực hiện trợ giúp pháp lý
1. Người thực hiện trợ giúp pháp lý không được tiếp tục thực hiện trợ giúp pháp lý khi thuộc một trong các trường hợp sau đây:
a) Thực hiện hành vi bị nghiêm cấm quy định tại khoản 1 Điều 6 của Luật này, trừ trường hợp đã chấp hành xong hình thức xử lý vi phạm và được thực hiện trợ giúp pháp lý theo quy định của Luật này;
b) Bị thu hồi thẻ trợ giúp viên pháp lý, thẻ cộng tác viên trợ giúp pháp lý, Chứng chỉ hành nghề luật sư, thẻ tư vấn viên pháp luật;
c) Các trường hợp không được tham gia tố tụng theo quy định của pháp luật về tố tụng.
2. Người thực hiện trợ giúp pháp lý phải từ chối thực hiện vụ việc trợ giúp pháp lý khi thuộc một trong các trường hợp sau đây:
a) Đã hoặc đang thực hiện trợ giúp pháp lý cho người được trợ giúp pháp lý là các bên có quyền lợi đối lập nhau trong cùng một vụ việc, trừ trường hợp các bên có thỏa thuận khác đối với vụ việc tư vấn pháp luật, đại diện ngoài tố tụng trong lĩnh vực dân sự;
b) Có căn cứ cho rằng người thực hiện trợ giúp pháp lý có thể không khách quan trong thực hiện trợ giúp pháp lý;
c) Có lý do cho thấy không thể thực hiện vụ việc trợ giúp pháp lý một cách hiệu quả, ảnh hưởng đến quyền và lợi ích hợp pháp của người được trợ giúp pháp lý.
3. Tổ chức thực hiện trợ giúp pháp lý phải thông báo bằng văn bản và nêu rõ lý do cho người được trợ giúp pháp lý và cử người khác thực hiện trợ giúp pháp lý trong trường hợp quy định tại khoản 1 và khoản 2 Điều này.

Luật Trợ Giúp Pháp Lý (11/2017/QH14) > Chương I. NHỮNG QUY ĐỊNH CHUNG > Điều 6. Các hành vi bị nghiêm cấm trong hoạt động trợ giúp pháp lý > Khoản 1:
1. Nghiêm cấm tổ chức thực hiện trợ giúp pháp lý và người thực hiện trợ giúp pháp lý có hành vi sau đây:
a) Xâm phạm danh dự, nhân phẩm, quyền và lợi ích hợp pháp của người được trợ giúp pháp lý; phân biệt đối xử người được trợ giúp pháp lý;
b) Nhận, đòi hỏi bất kỳ một khoản tiền, lợi ích vật chất hoặc lợi ích khác từ người được trợ giúp pháp lý; sách nhiễu người được trợ giúp pháp lý;
c) Tiết lộ thông tin về vụ việc trợ giúp pháp lý, về người được trợ giúp pháp lý, trừ trường hợp người được trợ giúp pháp lý đồng ý bằng văn bản hoặc luật có quy định khác;
d) Từ chối hoặc không tiếp tục thực hiện trợ giúp pháp lý, trừ trường hợp quy định tại Luật này và quy định của pháp luật về tố tụng;
đ) Lợi dụng hoạt động trợ giúp pháp lý để trục lợi, xâm phạm quốc phòng, an ninh quốc gia, gây mất trật tự, an toàn xã hội, ảnh hưởng xấu đến đạo đức xã hội;
e) Xúi giục, kích động người được trợ giúp pháp lý cung cấp thông tin, tài liệu sai sự thật, khiếu nại, tố cáo, khởi kiện trái pháp luật.","Người thực hiện trợ giúp pháp lý **có thể được tiếp tục** thực hiện trợ giúp pháp lý khi họ nhận, đòi hỏi bất kỳ một khoản tiền, lợi ích vật chất hoặc lợi ích khác từ người được trợ giúp pháp lý và đã chấp hành xong hình thức xử lý vi phạm.

Lý do:
Hành vi nhận, đòi hỏi bất kỳ một khoản tiền, lợi ích vật chất hoặc lợi ích khác từ người được trợ giúp pháp lý là một trong các hành vi bị nghiêm cấm trong hoạt động trợ giúp pháp lý [C1b].
Tuy nhiên, người thực hiện trợ giúp pháp lý không được tiếp tục thực hiện trợ giúp pháp lý khi thực hiện hành vi bị nghiêm cấm quy định tại khoản 1 Điều 6 của Luật này, **trừ trường hợp đã chấp hành xong hình thức xử lý vi phạm và được thực hiện trợ giúp pháp lý theo quy định của Luật này** [C2], [C3], [C4].",165.24363400003494,1073.377757000344,"[""chunk:luat-11-2017-qh14:dieu-luat-11-2017-qh14-25:article:6714"", ""chunk:luat-11-2017-qh14:khoan-luat-11-2017-qh14-6-1:clause:6532""]","[""chunk:luat-11-2017-qh14:khoan-luat-11-2017-qh14-6-1:clause:6532"", ""chunk:luat-11-2017-qh14:dieu-luat-11-2017-qh14-25:article:6714"", ""chunk:luat-11-2017-qh14:khoan-luat-11-2017-qh14-25-1:clause:6715"", ""chunk:luat-11-2017-qh14:diem-luat-11-2017-qh14-25-1-a:point:6716""]",,0.7857777777735185
q0085,graphrag,multi_hop_abstract,"Trợ cấp thai sản một ngày đối với trường hợp lao động nữ mang thai hộ khi sảy thai, phá thai hoặc có thai chết trong tử cung, thai chết trong khi chuyển dạ, thai ngoài tử cung được tính như thế nào?",1.0,0.5,0.6666666666666666,0.9914080423761605,0.0,1.0,0.27,"LUẬT Bảo hiểm xã hội (41/2024/QH15) > Chương V. BẢO HIỂM XÃ HỘI BẮT BUỘC > Mục 2. CHẾ ĐỘ THAI SẢN > Điều 59. Trợ cấp thai sản:
Điều 59. Trợ cấp thai sản
1. Trợ cấp thai sản một tháng của người lao động quy định tại các điều 51, 52, 53, 54, 55, 56 và 57 của Luật này bằng 100% mức bình quân tiền lương làm căn cứ đóng bảo hiểm xã hội bắt buộc của 06 tháng gần nhất trước khi nghỉ việc hưởng chế độ thai sản.
Đối với người lao động đóng bảo hiểm xã hội bắt buộc chưa đủ 06 tháng thì trợ cấp thai sản của người lao động quy định tại Điều 51, Điều 52, các khoản 2, 5, 6 và 7 Điều 53, các khoản 1, 2 và 4 Điều 54, khoản 2 Điều 55 và Điều 57 của Luật này là mức bình quân tiền lương làm căn cứ đóng bảo hiểm xã hội bắt buộc của các tháng đã đóng.
2. Trợ cấp thai sản một ngày đối với trường hợp quy định tại Điều 51 và khoản 2 Điều 53 của Luật này được tính bằng trợ cấp thai sản một tháng chia cho 24 ngày.
3. Trợ cấp thai sản khi sinh con, nhận con khi nhờ mang thai hộ hoặc nhận nuôi con nuôi dưới 06 tháng tuổi được tính theo mức trợ cấp thai sản quy định tại khoản 1 Điều này, trường hợp có ngày lẻ hoặc trường hợp quy định tại Điều 52 và Điều 57 của Luật này thì mức trợ cấp mỗi ngày được tính bằng mức trợ cấp thai sản một tháng chia cho 30 ngày.
4. Trợ cấp thai sản của lao động nữ mang thai hộ, lao động nữ nhờ mang thai hộ được thực hiện theo quy định tại các khoản 1, 2 và 3 Điều này và được tính trên cơ sở mức bình quân tiền lương làm căn cứ đóng bảo hiểm xã hội bắt buộc theo quy định tại Điều này trước khi nghỉ việc hưởng chế độ thai sản của lao động nữ mang thai hộ, lao động nữ nhờ mang thai hộ.
5. Bộ trưởng Bộ Lao động - Thương binh và Xã hội quy định việc tính, việc xác định điều kiện đối với từng trường hợp hưởng chế độ thai sản.

LUẬT Bảo hiểm xã hội (41/2024/QH15) > Chương V. BẢO HIỂM XÃ HỘI BẮT BUỘC > Mục 2. CHẾ ĐỘ THAI SẢN > Điều 54. Chế độ thai sản của lao động nữ mang thai hộ:
Điều 54. Chế độ thai sản của lao động nữ mang thai hộ
1. Lao động nữ mang thai hộ được nghỉ việc hưởng chế độ thai sản khi khám thai theo quy định tại Điều 51 của Luật này.
2. Lao động nữ mang thai hộ khi sảy thai, phá thai hoặc có thai chết trong tử cung, thai chết trong khi chuyển dạ, thai ngoài tử cung được nghỉ việc hưởng chế độ thai sản theo quy định tại Điều 52 của Luật này.
3. Lao động nữ mang thai hộ khi sinh con mà có đủ điều kiện quy định tại khoản 2 hoặc khoản 3 Điều 50 của Luật này được:
a) Nghỉ việc hưởng chế độ thai sản cho đến thời điểm giao đứa trẻ cho bên nhờ mang thai hộ nhưng không vượt quá thời gian quy định tại khoản 1 Điều 53 của Luật này.
Trong trường hợp kể từ ngày sinh đến thời điểm giao đứa trẻ mà thời gian hưởng chế độ thai sản chưa đủ 60 ngày thì lao động nữ mang thai hộ vẫn được hưởng chế độ thai sản cho đến khi đủ 60 ngày tính cả ngày nghỉ lễ, tết, ngày nghỉ hằng tuần. Thời điểm giao đứa trẻ cho bên nhờ mang thai hộ là thời điểm ghi trong văn bản xác nhận thời điểm giao đứa trẻ của bên nhờ mang thai hộ và bên mang thai hộ.
Trường hợp trước thời điểm giao nếu đứa trẻ chết mà thời gian hưởng chế độ thai sản chưa đủ 60 ngày thì lao động nữ mang thai hộ vẫn được hưởng chế độ thai sản cho đến khi đủ 60 ngày tính cả ngày nghỉ lễ, tết, ngày nghỉ hằng tuần;
b) Trong khoảng thời gian 30 ngày đầu kể từ ngày hết thời hạn hưởng chế độ thai sản quy định tại khoản 2 Điều này và điểm a khoản này mà sức khỏe chưa phục hồi thì lao động nữ mang thai hộ được nghỉ dưỡng sức, phục hồi sức khỏe theo quy định tại Điều 60 của Luật này, trừ trường hợp lao động nữ mang thai hộ chấm dứt hợp đồng lao động, hợp đồng làm việc hoặc thôi việc trước thời điểm sinh con.
4. Khi lao động nữ mang thai hộ sinh con thì người chồng đang tham gia bảo hiểm xã hội bắt buộc được nghỉ việc hưởng chế độ thai sản theo quy định tại khoản 2 và khoản 3 Điều 53 của Luật này.","Trợ cấp thai sản một ngày đối với trường hợp lao động nữ mang thai hộ khi sảy thai, phá thai hoặc có thai chết trong tử cung, thai chết trong khi chuyển dạ, thai ngoài tử cung được tính như sau:

Mức trợ cấp mỗi ngày được tính bằng **mức trợ cấp thai sản một tháng chia cho 30 ngày**. [C3]

Trong đó, trợ cấp thai sản một tháng của lao động nữ mang thai hộ bằng 100% mức bình quân tiền lương làm căn cứ đóng bảo hiểm xã hội bắt buộc của 06 tháng gần nhất trước khi nghỉ việc hưởng chế độ thai sản. [C3]

Nếu lao động nữ mang thai hộ đóng bảo hiểm xã hội bắt buộc chưa đủ 06 tháng thì trợ cấp thai sản một tháng là mức bình quân tiền lương làm căn cứ đóng bảo hiểm xã hội bắt buộc của các tháng đã đóng. [C3]",143.3430000001863,832.9978225001469,"[""chunk:luat-41-2024-qh15:dieu-luat-41-2024-qh15-59:article:11017"", ""chunk:luat-41-2024-qh15:dieu-luat-41-2024-qh15-54:article:10996""]","[""chunk:luat-41-2024-qh15:dieu-luat-41-2024-qh15-52:article:10972"", ""chunk:luat-41-2024-qh15:dieu-luat-41-2024-qh15-54:article:10996"", ""chunk:luat-41-2024-qh15:dieu-luat-41-2024-qh15-59:article:11017"", ""chunk:luat-58-2014-qh13:dieu-luat-58-2014-qh13-33:article:14222""]",,0.5856149418085654
q0086,graphrag,multi_hop_abstract,"Bộ Y tế có trách nhiệm hướng dẫn triển khai phòng vắt, trữ sữa mẹ trong trường hợp người sử dụng lao động sử dụng từ bao nhiêu lao động nữ trở lên thì phải lắp đặt phòng vắt, trữ sữa mẹ tại nơi làm việc?",1.0,0.5,0.6666666666666666,0.9294110344933356,0.999999999975,1.0,0.21,"NGHỊ ĐỊNH Quy định chi tiết và hướng dẫn thi hành một số điều của Bộ luật Lao động về điều kiện lao động và quan hệ lao động (145/2020/NĐ-CP) > Chương IX. LAO ĐỘNG NỮ VÀ BẢO ĐẢM BÌNH ĐẲNG GIỚI > Mục 4. TRÁCH NHIỆM TỔ CHỨC THỰC HIỆN CHÍNH SÁCH ĐỐI VỚI LAO ĐỘNG NỮ VÀ BÌNH ĐẲNG GIỚI > Điều 87. Tổ chức thực hiện chính sách đối với lao động nữ và bảo đảm bình đẳng giới:
Điều 87. Tổ chức thực hiện chính sách đối với lao động nữ và bảo đảm bình đẳng giới
1. Bộ Lao động - Thương binh và Xã hội chủ trì, phối hợp với các cơ quan liên quan tuyên truyền, phổ biến các chính sách đối với lao động nữ, bảo đảm bình đẳng giới và phòng, chống quấy rối tình dục tại nơi làm việc.
2. Bộ Tài chính chủ trì, phối hợp với các cơ quan liên quan hướng dẫn thực hiện quy định tại khoản 2 Điều 83 Nghị định này.
3. Bộ Giáo dục và Đào tạo chủ trì, phối hợp với các cơ quan liên quan hướng dẫn thực hiện quy định tại Điều 81 Nghị định này.
4. Bộ Y tế có trách nhiệm:
a) Hướng dẫn tiêu chuẩn về buồng tắm, buồng vệ sinh quy định tại khoản 1 Điều 79 Nghị định này;
b) Ban hành danh mục khám chuyên khoa phụ sản cho lao động nữ quy định tại khoản 1 Điều 80 Nghị định này;
c) Hướng dẫn triển khai phòng vắt, trữ sữa mẹ quy định tại khoản 5 Điều 80 Nghị định này.
5. Ủy ban nhân dân cấp tỉnh có trách nhiệm:
a) Tuyên truyền, phổ biến, kiểm tra, thanh tra việc thực hiện các chính sách đối với lao động nữ, bảo đảm bình đẳng giới và phòng, chống quấy rối tình dục tại nơi làm việc quy định tại Chương này;
b) Rà soát, xác định nơi có nhiều lao động và tổ chức thực hiện quy định tại Điều 81 Nghị định này.
6. Đề nghị Mặt trận Tổ quốc Việt Nam và các tổ chức thành viên của Mặt trận trong phạm vi nhiệm vụ, quyền hạn của mình giám sát việc thực hiện quy định tại Chương này.

NGHỊ ĐỊNH Quy định chi tiết và hướng dẫn thi hành một số điều của Bộ luật Lao động về điều kiện lao động và quan hệ lao động (145/2020/NĐ-CP) > Chương IX. LAO ĐỘNG NỮ VÀ BẢO ĐẢM BÌNH ĐẲNG GIỚI > Mục 2. BẢO ĐẢM BÌNH ĐẲNG GIỚI VÀ NHỮNG QUY ĐỊNH RIÊNG ĐỐI VỚI LAO ĐỘNG NỮ > Điều 80. Chăm sóc sức khỏe đối với lao động nữ > Khoản 5:
5. Khuyến khích người sử dụng lao động lắp đặt phòng vắt, trữ sữa mẹ phù hợp với điều kiện thực tế tại nơi làm việc, nhu cầu của lao động nữ và khả năng của người sử dụng lao động. Trường hợp người sử dụng lao động sử dụng từ 1.000 người lao động nữ trở lên thì phải lắp đặt phòng vắt, trữ sữa mẹ tại nơi làm việc.","Bộ Y tế có trách nhiệm hướng dẫn triển khai phòng vắt, trữ sữa mẹ trong trường hợp người sử dụng lao động sử dụng từ 1.000 lao động nữ trở lên thì phải lắp đặt phòng vắt, trữ sữa mẹ tại nơi làm việc [C2], [C3].",150.1440330002879,832.9978225001469,"[""chunk:nghi-ddinh-145-2020-ndd-cp:dieu-nghi-ddinh-145-2020-ndd-cp-87:article:24881"", ""chunk:nghi-ddinh-145-2020-ndd-cp:khoan-nghi-ddinh-145-2020-ndd-cp-80-5:clause:24828""]","[""chunk:nghi-ddinh-145-2020-ndd-cp:dieu-nghi-ddinh-145-2020-ndd-cp-87:article:24881"", ""chunk:nghi-ddinh-145-2020-ndd-cp:khoan-nghi-ddinh-145-2020-ndd-cp-80-5:clause:24828"", ""chunk:nghi-ddinh-145-2020-ndd-cp:khoan-nghi-ddinh-145-2020-ndd-cp-87-4:clause:24885"", ""chunk:nghi-ddinh-145-2020-ndd-cp:khoan-nghi-ddinh-145-2020-ndd-cp-79-1:clause:24812""]",,0.7612155402270004
q0087,graphrag,multi_hop_abstract,"Khi người sử dụng lao động cần tham khảo ý kiến về quy chế thưởng theo Điều 104 của Bộ luật Lao động, các thành viên đại diện tham gia đối thoại của bên người lao động có trách nhiệm gì?",0.5,0.25,1.0,0.9925206840940123,0.9999999999666667,1.0,0.27,"NGHỊ ĐỊNH Quy định chi tiết và hướng dẫn thi hành một số điều của Bộ luật Lao động về điều kiện lao động và quan hệ lao động (145/2020/NĐ-CP) > Chương V. ĐỐI THOẠI TẠI NƠI LÀM VIỆC > Mục 1. TỔ CHỨC ĐỐI THOẠI TẠI NƠI LÀM VIỆC > Điều 41. Tổ chức đối thoại khi có vụ việc > Khoản 1:
1. Đối với vụ việc người sử dụng lao động phải tham khảo, trao đổi ý kiến với tổ chức đại diện người lao động tại cơ sở về quy chế đánh giá mức độ hoàn thành công việc theo quy định tại điểm a khoản 1 Điều 36; cho thôi việc đối với người lao động theo quy định tại Điều 42; phương án sử dụng lao động theo quy định tại Điều 44; thang lương, bảng lương và định mức lao động theo quy định tại Điều 93; quy chế thưởng theo quy định tại Điều 104 và nội quy lao động theo quy định tại Điều 118 của Bộ luật Lao động được thực hiện như sau: a) Người sử dụng lao động có trách nhiệm gửi văn bản kèm theo nội dung cần tham khảo, trao đổi ý kiến đến các thành viên đại diện tham gia đối thoại của bên người lao động; b) Các thành viên đại diện tham gia đối thoại của bên người lao động có trách nhiệm tổ chức lấy ý kiến người lao động do mình đại diện và tổng hợp thành văn bản của từng tổ chức đại diện người lao động tại cơ sở, nhóm đại diện đối thoại của người lao động để gửi tới người sử dụng lao động; trường hợp nội dung đối thoại liên quan đến quyền, lợi ích của lao động nữ thì cần bảo đảm lấy ý kiến của họ; c) Căn cứ ý kiến của các tổ chức đại diện người lao động tại cơ sở, nhóm đại diện đối thoại của người lao động, người sử dụng lao động tổ chức đối thoại để thảo luận, trao đổi ý kiến, tham vấn, chia sẻ thông tin về những nội dung người sử dụng lao động đưa ra; d) Số lượng, thành phần tham gia, thời gian, địa điểm tổ chức đối thoại do hai bên xác định theo quy chế dân chủ ở cơ sở tại nơi làm việc; đ) Diễn biến đối thoại phải được ghi thành biên bản và có chữ ký của đại diện các bên tham

NGHỊ ĐỊNH Quy định chi tiết và hướng dẫn thi hành một số điều của Bộ luật Lao động về điều kiện lao động và quan hệ lao động (145/2020/NĐ-CP) > Chương V. ĐỐI THOẠI TẠI NƠI LÀM VIỆC > Mục 2. THỰC HIỆN QUY CHẾ DÂN CHỦ Ở CƠ SỞ TẠI NƠI LÀM VIỆC > Điều 44. Nội dung, hình thức người lao động được tham gia ý kiến:
Điều 44. Nội dung, hình thức người lao động được tham gia ý kiến
1. Người lao động được tham gia ý kiến về những nội dung sau:
a) Xây dựng, sửa đổi, bổ sung nội quy, quy chế và các văn bản quy định khác của người sử dụng lao động liên quan đến quyền, nghĩa vụ và lợi ích của người lao động;
b) Xây dựng, sửa đổi, bổ sung thang lương, bảng lương, định mức lao động; đề xuất nội dung thương lượng tập thể;
c) Đề xuất, thực hiện giải pháp tiết kiệm chi phí, nâng cao năng suất lao động, cải thiện điều kiện làm việc, bảo vệ môi trường, phòng chống cháy nổ;
d) Nội dung khác liên quan đến quyền, nghĩa vụ và lợi ích của người lao động theo quy định của pháp luật.
2. Những nội dung quy định tại khoản 1 Điều này mà pháp luật quy định cụ thể hình thức người lao động tham gia ý kiến thì thực hiện theo quy định đó; trường hợp pháp luật không quy định cụ thể hình thức thì người lao động căn cứ vào đặc điểm sản xuất, kinh doanh, tổ chức lao động, nội dung người lao động được tham gia ý kiến và quy chế dân chủ ở cơ sở tại nơi làm việc để lựa chọn hình thức sau đây:
a) Tham gia ý kiến trực tiếp hoặc thông qua tổ chức đại diện người lao động tại cơ sở, nhóm đại diện đối thoại của người lao động tại hội nghị người lao động, đối thoại tại nơi làm việc;
b) Gửi góp ý, kiến nghị trực tiếp;
c) Hình thức khác mà pháp luật không cấm.","Khi người sử dụng lao động cần tham khảo ý kiến về quy chế thưởng theo Điều 104 của Bộ luật Lao động, các thành viên đại diện tham gia đối thoại của bên người lao động có trách nhiệm sau:

*   Tổ chức lấy ý kiến người lao động do mình đại diện. [C2b]
*   Tổng hợp ý kiến thành văn bản của từng tổ chức đại diện người lao động tại cơ sở, nhóm đại diện đối thoại của người lao động để gửi tới người sử dụng lao động. [C2b]
*   Nếu nội dung đối thoại liên quan đến quyền, lợi ích của lao động nữ thì cần bảo đảm lấy ý kiến của họ. [C2b]",181.2217579999924,1193.2753705000323,"[""chunk:nghi-ddinh-145-2020-ndd-cp:khoan-nghi-ddinh-145-2020-ndd-cp-41-1:clause:24546"", ""chunk:nghi-ddinh-145-2020-ndd-cp:dieu-nghi-ddinh-145-2020-ndd-cp-44:article:24575""]","[""chunk:bo-luat-45-2019-qh14:dieu-bo-luat-45-2019-qh14-104:article:2564"", ""chunk:nghi-ddinh-145-2020-ndd-cp:khoan-nghi-ddinh-145-2020-ndd-cp-41-1:clause:24546"", ""chunk:nghi-ddinh-145-2020-ndd-cp:dieu-nghi-ddinh-145-2020-ndd-cp-41:article:24544"", ""chunk:bo-luat-45-2019-qh14:dieu-bo-luat-45-2019-qh14-93:article:2518""]",,0.8525041368121358
q0088,graphrag,multi_hop_abstract,"Theo Khoản 4 Điều 4 của Nghị định 68/2025/NĐ-CP, mục số (4) cần ghi những thông tin gì?",0.0,0.0,0.5,0.9900416453757565,0.3333333333,0.5,0.0,"NGHỊ ĐỊNH Sửa đổi, bổ sung một số điều của Nghị định số 118/2021/NĐ-CP ngày 23 tháng 12 năm 2021 của Chính phủ quy định chi tiết một số điều (68/2025/NĐ-CP) > Điều 4. Trách nhiệm tổ chức thực hiện > Khoản 4:
4. Địa điểm xảy ra vi phạm: 4. Gửi cho (22) ................................... để biết và phối hợp thực hiện. Nơi nhận: - Như Điều 4; - Lưu: Hồ sơ. | CHỨC VỤ CỦA NGƯỜI KÝ(23) (Ký, đóng dấu (nếu có); ghi rõ họ và tên) <In ở mặt sau>(***) Quyết định đã giao trực tiếp cho <cá nhân/người đại diện của tổ chức>(**) bị xử phạt vào hồi.... giờ.... phút, ngày ..../..../….. NGƯỜI NHẬN QUYẾT ĐỊNH (Ký, ghi rõ họ và tên) * Mẫu này được sử dụng để ra quyết định xử phạt vi phạm hành chính theo thủ tục không lập biên bản. (*) Áp dụng đối với trường hợp chuyển hồ sơ vụ vi phạm để xử phạt hành chính. (**) Lưu ý lựa chọn và ghi thông tin cho phù hợp với thực tế của vụ việc. (***) Áp dụng đối với trường hợp quyết định được giao trực tiếp cho cá nhân/người đại diện của tổ chức bị xử phạt. (1) Ghi tên cơ quan của người có thẩm quyền ra quyết định xử phạt vi phạm hành chính theo hướng dẫn về thể thức của Chính phủ. (2) Ghi địa danh theo hướng dẫn về thể thức của Chính phủ. (3) Ghi chức danh và tên cơ quan của người ra quyết định. (4) Ghi đầy đủ tên loại văn bản; số, ký hiệu văn bản; ngày, tháng, năm, ban hành văn bản; tên cơ quan ban hành và tên gọi văn bản (tên của nghị định quy định xử phạt vi phạm hành chính trong lĩnh vực cụ thể). (5) Ghi cụ thể theo từng trường hợp: - Nếu quyết định xử phạt vi phạm hành chính có áp dụng hình thức xử phạt trục xuất thì ghi tên nghị định của Chính phủ quy định hình thức xử phạt trục xuất, biện pháp tạm giữ người, áp giải người vi phạm theo thủ tục hành chính và quản lý người nước ngoài vi phạm pháp luật Việt Nam trong thời gian làm thủ tục trục xuất. - Nếu chuyển hồ sơ vụ vi phạm để xử phạt vi phạm hành chính theo

NGHỊ ĐỊNH Sửa đổi, bổ sung một số điều của Nghị định số 118/2021/NĐ-CP ngày 23 tháng 12 năm 2021 của Chính phủ quy định chi tiết một số điều (68/2025/NĐ-CP) > Điều 1. Sửa đổi, bổ sung một số điều của Nghị định số 118/2021/NĐ-CP ngày 23 tháng 12 năm 2021 của Chính phủ quy định chi tiết một số điều và biện pháp thi hành Luật Xử lý vi phạm hành chính:
Điều 1. Sửa đổi, bổ sung một số điều của Nghị định số 118/2021/NĐ-CP ngày 23 tháng 12 năm 2021 của Chính phủ quy định chi tiết một số điều và biện pháp thi hành Luật Xử lý vi phạm hành chính 1. Sửa đổi, bổ sung một số khoản của Điều 4 như sau: a) Sửa đổi, bổ sung khoản 2 Điều 4 như sau: “2. Việc quy định hành vi vi phạm hành chính được thực hiện như sau: a) Hành vi vi phạm hành chính, hình thức xử phạt, mức xử phạt, biện pháp khắc phục hậu quả phải được quy định tại nghị định xử phạt vi phạm hành chính trong lĩnh vực quản lý nhà nước tương ứng, phù hợp với tính chất vi phạm của hành vi đó; b) Trường hợp hành vi vi phạm hành chính đã được quy định ở lĩnh vực này nhưng có liên quan đến lĩnh vực khác, thì quy định dẫn chiếu hành vi vi phạm, hình thức xử phạt, mức xử phạt, biện pháp khắc phục hậu quả đã quy định, đồng thời quy định thẩm quyền xử phạt đối với hành vi đó. Nếu do tính chất đặc thù liên quan đến lĩnh vực, địa điểm vi phạm, hậu quả của hành vi và các yếu tố, điều kiện khách quan khác thì có thể quy định hành vi vi phạm, hình thức xử phạt, mức xử phạt, biện pháp khắc phục hậu quả gắn với tính chất đặc thù của hành vi đó.”. b) Bổ sung khoản 5a vào sau khoản 5 Điều 4 như sau: “5a. Đối với hành vi vi phạm hành chính có quy định áp dụng hình thức xử phạt tịch thu tang vật, phương tiện vi phạm hành chính, thì nghị định quy định về xử phạt vi phạm hành chính trong lĩnh vực quản lý nhà nước quy định biện pháp khắc phục hậu quả buộc nộp lại số tiền bằng với giá trị tang vật, phương tiện vi phạm hành chính đã bị tiêu thụ, tẩu tán, tiêu hủy trái quy định của pháp luật, bảo đảm phù","Theo Khoản 4 Điều 4 của Nghị định 68/2025/NĐ-CP, mục số (4) cần ghi thông tin về đối tượng được gửi quyết định để biết và phối hợp thực hiện [C4].",136.32349499994234,1193.2753705000323,"[""chunk:nghi-ddinh-68-2025-ndd-cp:khoan-nghi-ddinh-68-2025-ndd-cp-4-4:clause:30041"", ""chunk:nghi-ddinh-68-2025-ndd-cp:dieu-nghi-ddinh-68-2025-ndd-cp-1:article:29858""]","[""chunk:nghi-ddinh-118-2021-ndd-cp:dieu-nghi-ddinh-118-2021-ndd-cp-3:article:21128"", ""chunk:luat-15-2012-qh13:dieu-luat-15-2012-qh13-63:article:8429"", ""chunk:luat-15-2012-qh13:dieu-luat-15-2012-qh13-57:article:8392"", ""chunk:nghi-ddinh-68-2025-ndd-cp:dieu-nghi-ddinh-68-2025-ndd-cp-3:article:29992""]",,0.46467499573515136
q0089,graphrag,multi_hop_abstract,"Trong các trường hợp được hưởng bảo hiểm xã hội một lần, người lao động đủ tuổi nghỉ hưu theo quy định tại khoản 2 Điều 169 của Bộ luật Lao động nhưng có thời gian đóng bảo hiểm xã hội chưa đủ 15 năm và không tiếp tục tham gia bảo hiểm xã hội có thể lựa chọn hưởng trợ cấp hằng tháng theo quy định tại Điều 23 của Luật Bảo hiểm xã hội không?",0.5,0.25,1.0,0.9444439256574277,0.9999999999666667,1.0,0.33,"LUẬT Bảo hiểm xã hội (41/2024/QH15) > Chương VI. BẢO HIỂM XÃ HỘI TỰ NGUYỆN > Mục 2. CHẾ ĐỘ HƯU TRÍ > Điều 102. Hưởng bảo hiểm xã hội một lần > Khoản 1:
1. Đối tượng quy định tại khoản 4 Điều 2 của Luật này mà có yêu cầu thì được hưởng bảo hiểm xã hội một lần nếu thuộc một trong các trường hợp sau đây:
a) Đủ tuổi nghỉ hưu theo quy định tại khoản 2 Điều 169 của Bộ luật Lao động nhưng có thời gian đóng bảo hiểm xã hội chưa đủ 15 năm mà không tiếp tục tham gia bảo hiểm xã hội.
Trường hợp người lao động không hưởng bảo hiểm xã hội một lần thì có thể lựa chọn hưởng trợ cấp hằng tháng theo quy định tại Điều 23 của Luật này;
b) Ra nước ngoài để định cư;
c) Người đang mắc một trong những bệnh ung thư, bại liệt, xơ gan mất bù, lao nặng, AIDS;
d) Người có mức suy giảm khả năng lao động từ 81% trở lên; người khuyết tật đặc biệt nặng;
đ) Người lao động có thời gian đóng bảo hiểm xã hội trước ngày Luật này có hiệu lực thi hành, sau 12 tháng không tiếp tục đóng bảo hiểm xã hội mà chưa đủ 20 năm đóng bảo hiểm xã hội.

LUẬT Bảo hiểm xã hội (41/2024/QH15) > Chương III. TRỢ CẤP HƯU TRÍ XÃ HỘI > Điều 23. Chế độ đối với người lao động không đủ điều kiện hưởng lương hưu và chưa đủ tuổi hưởng trợ cấp hưu trí xã hội:
Điều 23. Chế độ đối với người lao động không đủ điều kiện hưởng lương hưu và chưa đủ tuổi hưởng trợ cấp hưu trí xã hội 1. Công dân Việt Nam đủ tuổi nghỉ hưu có thời gian đóng bảo hiểm xã hội nhưng không đủ điều kiện hưởng lương hưu theo quy định của pháp luật và chưa đủ điều kiện hưởng trợ cấp hưu trí xã hội theo quy định tại Điều 21 của Luật này, nếu không hưởng bảo hiểm xã hội một lần và không bảo lưu mà có yêu cầu thì được hưởng trợ cấp hằng tháng từ chính khoản đóng của mình theo quy định tại khoản 2 Điều này. 2. Thời gian hưởng, mức hưởng trợ cấp hằng tháng được xác định căn cứ vào thời gian đóng, căn cứ đóng bảo hiểm xã hội của người lao động. 3. Mức trợ cấp hằng tháng thấp nhất bằng mức trợ cấp hưu trí xã hội hằng tháng quy định tại khoản 1 Điều 22 của Luật này. Trường hợp tổng số tiền tính theo thời gian đóng, căn cứ đóng bảo hiểm xã hội của người lao động cao hơn số tiền tính mức trợ cấp hằng tháng bằng mức trợ cấp hưu trí xã hội tại thời điểm giải quyết hưởng cho khoảng thời gian từ khi đủ tuổi nghỉ hưu đến khi đủ tuổi hưởng trợ cấp hưu trí xã hội thì người lao động được tính để hưởng trợ cấp hằng tháng với mức cao hơn. Trường hợp tổng số tiền tính theo thời gian đóng, căn cứ đóng bảo hiểm xã hội không đủ để người lao động hưởng trợ cấp hằng tháng cho đến khi đủ tuổi hưởng trợ cấp hưu trí xã hội, nếu người lao động có nguyện vọng thì được đóng một lần cho phần còn thiếu để hưởng cho đến khi đủ tuổi hưởng trợ cấp hưu trí xã hội. 4. Mức trợ cấp hằng tháng quy định tại khoản 3 Điều này được áp dụng việc điều chỉnh theo quy định tại Điều 67 của Luật này. 5. Trường hợp người đang","Có. Người lao động đủ tuổi nghỉ hưu mà chưa đủ 15 năm đóng bảo hiểm xã hội, nếu không hưởng bảo hiểm xã hội một lần thì có thể lựa chọn hưởng trợ cấp hằng tháng theo quy định tại Điều 23 của Luật Bảo hiểm xã hội [C2], [C3].",198.3035509997535,889.9666829997841,"[""chunk:luat-41-2024-qh15:khoan-luat-41-2024-qh15-102-1:clause:11333"", ""chunk:luat-41-2024-qh15:dieu-luat-41-2024-qh15-23:article:10746""]","[""chunk:luat-41-2024-qh15:dieu-luat-41-2024-qh15-23:article:10746"", ""chunk:luat-41-2024-qh15:dieu-luat-41-2024-qh15-70:article:11110"", ""chunk:luat-41-2024-qh15:khoan-luat-41-2024-qh15-70-1:clause:11113"", ""chunk:luat-41-2024-qh15:khoan-luat-41-2024-qh15-72-1:clause:11137""]",,0.8548887851248189
q0090,graphrag,multi_hop_abstract,"Trường hợp người kháng cáo không làm lại đơn kháng cáo hoặc không sửa đổi, bổ sung đơn kháng cáo mặc dù đã có yêu cầu của Tòa án theo quy định tại khoản 3 Điều 207 của Luật Tố tụng hành chính thì Tòa án có trả lại đơn kháng cáo không?",1.0,0.5,0.8,0.8799496951610015,0.49999999995,1.0,0.24,"Luật Tố Tụng Hành Chính (93/2015/QH13) > Chương XIII. THỦ TỤC PHÚC THẨM > Mục 1. QUY ĐỊNH CHUNG VỀ THỦ TỤC PHÚC THẨM > Điều 207. Kiểm tra đơn kháng cáo:
Điều 207. Kiểm tra đơn kháng cáo
1. Sau khi nhận được đơn kháng cáo, Tòa án cấp sơ thẩm phải kiểm tra tính hợp lệ của đơn kháng cáo theo quy định tại Điều 205 của Luật này.
2. Trường hợp đơn kháng cáo quá hạn thì Tòa án cấp sơ thẩm yêu cầu người kháng cáo trình bày rõ lý do và xuất trình tài liệu, chứng cứ (nếu có) để chứng minh cho lý do nộp đơn kháng cáo quá hạn là chính đáng.
3. Trường hợp đơn kháng cáo chưa đúng quy định tại Điều 205 của Luật này thì Tòa án cấp sơ thẩm yêu cầu người kháng cáo làm lại đơn kháng cáo hoặc sửa đổi, bổ sung trong thời hạn 05 ngày làm việc kể từ ngày nhận được yêu cầu của Tòa án.
4. Tòa án trả lại đơn kháng cáo trong các trường hợp sau đây:
a) Người kháng cáo không có quyền kháng cáo;
b) Người kháng cáo không làm lại đơn kháng cáo hoặc không sửa đổi, bổ sung đơn kháng cáo mặc dù đã có yêu cầu của Tòa án theo quy định tại khoản 3 Điều này;
c) Trường hợp quy định tại khoản 2 Điều 209 của Luật này.

Luật Tố Tụng Hành Chính (93/2015/QH13) > Chương XIII. THỦ TỤC PHÚC THẨM > Mục 1. QUY ĐỊNH CHUNG VỀ THỦ TỤC PHÚC THẨM > Điều 205. Đơn kháng cáo:
Điều 205. Đơn kháng cáo 1. Khi thực hiện quyền kháng cáo, người kháng cáo phải làm đơn kháng cáo. Đơn kháng cáo phải có các nội dung chính sau đây: a) Ngày, tháng, năm làm đơn kháng cáo; b) Tên, địa chỉ; số điện thoại, fax, địa chỉ thư điện tử (nếu có) của người kháng cáo; c) Kháng cáo toàn bộ hoặc một phần của bản án, quyết định của Tòa án cấp sơ thẩm chưa có hiệu lực pháp luật; d) Lý do của việc kháng cáo và yêu cầu của người kháng cáo; đ) Chữ ký hoặc điểm chỉ của người kháng cáo. 2. Người kháng cáo là cá nhân có năng lực hành vi tố tụng hành chính đầy đủ có thể tự mình làm đơn kháng cáo. Tại mục tên, địa chỉ của người kháng cáo trong đơn phải ghi họ, tên, địa chỉ của đương sự có kháng cáo; đồng thời ở phần cuối đơn kháng cáo, đương sự đó phải ký tên hoặc điểm chỉ. 3. Người kháng cáo quy định tại khoản 2 Điều này nếu không tự mình kháng cáo thì có thể ủy quyền cho người khác đại diện cho mình kháng cáo. Tại mục tên, địa chỉ của người kháng cáo trong đơn phải ghi họ, tên, địa chỉ của người đại diện theo ủy quyền có kháng cáo; họ, tên, địa chỉ của đương sự ủy quyền kháng cáo và văn bản ủy quyền; đồng thời ở phần cuối đơn kháng cáo, người đại diện theo ủy quyền phải ký tên hoặc điểm chỉ. 4. Người đại diện theo pháp luật của đương sự là cơ quan, tổ chức có thể tự mình làm đơn kháng cáo. Tại mục tên, địa chỉ của người kháng cáo trong đơn phải ghi tên, địa chỉ của đương sự là cơ quan, tổ chức; họ, tên, chức vụ của người đại diện theo pháp luật của đương sự là cơ quan, tổ chức; đồng thời ở phần cuối đơn kháng cáo, người đại diện theo pháp luật phải ký tên và đóng dấu của cơ quan, tổ chức đó, trường","Có, Tòa án sẽ trả lại đơn kháng cáo trong trường hợp người kháng cáo không làm lại đơn kháng cáo hoặc không sửa đổi, bổ sung đơn kháng cáo mặc dù đã có yêu cầu của Tòa án theo quy định tại khoản 3 Điều 207 của Luật Tố tụng hành chính [C2].",156.15927199996804,889.9666829997841,"[""chunk:luat-93-2015-qh13:dieu-luat-93-2015-qh13-207:article:19991"", ""chunk:luat-93-2015-qh13:dieu-luat-93-2015-qh13-205:article:19972""]","[""chunk:luat-93-2015-qh13:dieu-luat-93-2015-qh13-205:article:19972"", ""chunk:luat-93-2015-qh13:dieu-luat-93-2015-qh13-207:article:19991"", ""chunk:bo-luat-92-2015-qh13:dieu-bo-luat-92-2015-qh13-274:article:4686"", ""chunk:luat-93-2015-qh13:khoan-luat-93-2015-qh13-207-3:clause:19994""]",,0.6839899390222003
q0091,graphrag,multi_hop_abstract,"Đối tượng bị áp dụng biện pháp đưa vào cơ sở giáo dục bắt buộc là người thực hiện hành vi xâm phạm tài sản của tổ chức trong nước hoặc nước ngoài; tài sản, sức khoẻ, danh dự, nhân phẩm của công dân, của người nước ngoài; vi phạm trật tự, an toàn xã hội 02 lần trở lên trong 06 tháng nhưng chưa đến mức truy cứu trách nhiệm hình sự, đã bị áp dụng biện pháp giáo dục tại xã, phường, thị trấn hoặc chưa bị áp dụng biện pháp này nhưng không có nơi cư trú ổn định có thời hiệu xử phạt vi phạm hành chính là bao lâu?",0.5,0.25,0.5,0.0,0.0,0.5,0.14,"Luật Xử Lý Vi Phạm Hành Chính (15/2012/QH13) > Điều 6. Thời hiệu xử lý vi phạm hành chính:
Điều 6. Thời hiệu xử lý vi phạm hành chính 1. Thời hiệu xử phạt vi phạm hành chính được quy định như sau: a) Thời hiệu xử phạt vi phạm hành chính là 01 năm, trừ các trường hợp sau: Vi phạm hành chính về kế toán; thủ tục thuế; phí, lệ phí; kinh doanh bảo hiểm; quản lý giá; chứng khoán; sở hữu trí tuệ; xây dựng; bảo vệ nguồn lợi thuỷ sản, hải sản; quản lý rừng, lâm sản; điều tra, quy hoạch, thăm dò, khai thác, sử dụng nguồn tài nguyên nước; thăm dò, khai thác dầu khí và các loại khoáng sản khác; bảo vệ môi trường; năng lượng nguyên tử; quản lý, phát triển nhà và công sở; đất đai; đê điều; báo chí; xuất bản; sản xuất, xuất khẩu, nhập khẩu, kinh doanh hàng hóa; sản xuất, buôn bán hàng cấm, hàng giả; quản lý lao động ngoài nước thì thời hiệu xử phạt vi phạm hành chính là 02 năm. Vi phạm hành chính là hành vi trốn thuế, gian lận thuế, nộp chậm tiền thuế, khai thiếu nghĩa vụ thuế thì thời hiệu xử phạt vi phạm hành chính theo quy định của pháp luật về thuế; b) Thời điểm để tính thời hiệu xử phạt vi phạm hành chính quy định tại điểm a khoản 1 Điều này được quy định như sau: Đối với vi phạm hành chính đã kết thúc thì thời hiệu được tính từ thời điểm chấm dứt hành vi vi phạm. Đối với vi phạm hành chính đang được thực hiện thì thời hiệu được tính từ thời điểm phát hiện hành vi vi phạm; c) Trường hợp xử phạt vi phạm hành chính đối với cá nhân do cơ quan tiến hành tố tụng chuyển đến thì thời hiệu được áp dụng theo quy định tại điểm a và điểm b khoản này. Thời gian cơ quan tiến hành tố tụng thụ lý, xem xét được tính vào thời hiệu xử phạt vi phạm hành chính. d) Trong thời hạn được quy định tại điểm a và điểm b khoản này mà cá nhân,

Luật Xử Lý Vi Phạm Hành Chính (15/2012/QH13) > Chương I. CÁC HÌNH THỨC XỬ PHẠT > Điều 94. Đối tượng áp dụng biện pháp đưa vào cơ sở giáo dục bắt buộc > Khoản 1:
1. Đối tượng bị áp dụng biện pháp đưa vào cơ sở giáo dục bắt buộc là người thực hiện hành vi xâm phạm tài sản của tổ chức trong nước hoặc nước ngoài; tài sản, sức khoẻ, danh dự, nhân phẩm của công dân, của người nước ngoài; vi phạm trật tự, an toàn xã hội 02 lần trở lên trong 06 tháng nhưng chưa đến mức truy cứu trách nhiệm hình sự, đã bị áp dụng biện pháp giáo dục tại xã, phường, thị trấn hoặc chưa bị áp dụng biện pháp này nhưng không có nơi cư trú ổn định.","Ngữ cảnh được cung cấp không đề cập đến thời hiệu xử phạt vi phạm hành chính đối với đối tượng bị áp dụng biện pháp đưa vào cơ sở giáo dục bắt buộc. Do đó, không thể trả lời câu hỏi này dựa trên ngữ cảnh đã cho.",159.13873799991052,981.8266244997176,"[""chunk:luat-15-2012-qh13:dieu-luat-15-2012-qh13-6:article:7903"", ""chunk:luat-15-2012-qh13:khoan-luat-15-2012-qh13-94-1:clause:8607""]","[""chunk:90-vbhn-vpqh-699548:dieu-90-vbhn-vpqh-699548-94:article:1672"", ""chunk:luat-15-2012-qh13:dieu-luat-15-2012-qh13-94:article:8606"", ""chunk:90-vbhn-vpqh-699548:khoan-90-vbhn-vpqh-699548-90-6:clause:1656"", ""chunk:luat-15-2012-qh13:khoan-luat-15-2012-qh13-94-1:clause:8607""]",,0.22800000000000004
q0092,graphrag,multi_hop_abstract,Đối tượng nào được điều chỉnh thu nhập tháng đã đóng bảo hiểm xã hội theo Khoản 2 Điều 4 Nghị định số 134/2015/NĐ-CP?,1.0,0.5,1.0,0.9606679016805795,0.6388888888675925,1.0,0.31,"Thông Tư Quy Định Mức Điều Chỉnh Tiền Lương Và Thu Nhập Tháng Đã Đóng Bảo Hiểm Xã Hội (35/2018/TT-BLĐTBXH) > Điều 3. Điều chỉnh thu nhập tháng đã đóng bảo hiểm xã hội:
Điều 3. Điều chỉnh thu nhập tháng đã đóng bảo hiểm xã hội
1. Thu nhập tháng đã đóng bảo hiểm xã hội đối với đối tượng quy định tại Khoản 2 Điều 1 Thông tư này được điều chỉnh theo công thức sau:
Thu nhập tháng đóng bảo hiểm xã hội tự nguyện sau điều chỉnh của từng năm | = | Tổng thu nhập tháng đóng bảo hiểm xã hội của từng năm | x | Mức điều chỉnh thu nhập tháng đã đóng bảo hiểm xã hội của năm tương ứng
Trong đó, mức điều chỉnh thu nhập tháng đã đóng bảo hiểm xã hội của năm tương ứng được thực hiện theo Bảng 2 dưới đây:
Bảng 2:
Năm | 2008 | 2009 | 2010 | 2011 | 2012 | 2013
Mức điều chỉnh | 1,86 | 1,74 | 1,59 | 1,34 | 1,23 | 1,15
Năm | 2014 | 2015 | 2016 | 2017 | 2018 | 2019
Mức điều chỉnh | 1,11 | 1,10 | 1,07 | 1,04 | 1,00 | 1,00
2. Đối với người lao động vừa có thời gian đóng bảo hiểm xã hội bắt buộc vừa có thời gian đóng bảo hiểm xã hội tự nguyện thì thu nhập tháng đã đóng bảo hiểm xã hội tự nguyện được điều chỉnh theo quy định tại Khoản 1 Điều này, tiền lương tháng đã đóng bảo hiểm xã hội bắt buộc được điều chỉnh theo quy định tại Điều 10 Nghị định số 115/2015/NĐ-CP và Điều 2 Thông tư này. Mức bình quân tiền lương và thu nhập tháng đã đóng bảo hiểm xã hội làm căn cứ tính hưởng lương hưu, trợ cấp một lần khi nghỉ hưu, bảo hiểm xã hội một lần và trợ cấp tuất một lần được tính theo quy định tại Khoản 4 Điều 11 Nghị định số 115/2015/NĐ-CP và Khoản 4 Điều 5 Nghị định số 134/2015/NĐ-CP.

Thông Tư Quy Định Mức Điều Chỉnh Tiền Lương Và Thu Nhập Tháng Đã Đóng Bảo Hiểm Xã Hội (35/2018/TT-BLĐTBXH) > Điều 1. Đối tượng áp dụng > Khoản 2:
2. Đối tượng điều chỉnh thu nhập tháng đã đóng bảo hiểm xã hội theo quy định tại Khoản 2 Điều 4 Nghị định số 134/2015/NĐ-CP là người tham gia bảo hiểm xã hội tự nguyện hưởng lương hưu, trợ cấp một lần khi nghỉ hưu, bảo hiểm xã hội một lần hoặc bị chết mà thân nhân được hưởng trợ cấp tuất một lần trong thời gian từ ngày 01 tháng 01 năm 2019 đến ngày 31 tháng 12 năm 2019.","Đối tượng được điều chỉnh thu nhập tháng đã đóng bảo hiểm xã hội theo Khoản 2 Điều 4 Nghị định số 134/2015/NĐ-CP là người tham gia bảo hiểm xã hội tự nguyện hưởng lương hưu, trợ cấp một lần khi nghỉ hưu, bảo hiểm xã hội một lần hoặc bị chết mà thân nhân được hưởng trợ cấp tuất một lần trong thời gian từ ngày 01 tháng 01 năm 2019 đến ngày 31 tháng 12 năm 2019 [C3].",179.98542599980283,981.8266244997176,"[""chunk:thong-tu-35-2018-tt-blddtbxh:dieu-thong-tu-35-2018-tt-blddtbxh-3:article:31416"", ""chunk:thong-tu-35-2018-tt-blddtbxh:khoan-thong-tu-35-2018-tt-blddtbxh-1-2:clause:31411""]","[""chunk:thong-tu-35-2018-tt-blddtbxh:dieu-thong-tu-35-2018-tt-blddtbxh-2:article:31412"", ""chunk:thong-tu-35-2018-tt-blddtbxh:dieu-thong-tu-35-2018-tt-blddtbxh-3:article:31416"", ""chunk:thong-tu-35-2018-tt-blddtbxh:khoan-thong-tu-35-2018-tt-blddtbxh-1-2:clause:31411"", ""chunk:thong-tu-35-2018-tt-blddtbxh:khoan-thong-tu-35-2018-tt-blddtbxh-3-2:clause:31419""]",,0.7819113581096344
q0093,graphrag,multi_hop_abstract,"Khi nào thì người giải quyết tố cáo kịp thời quyết định áp dụng biện pháp bảo vệ theo thẩm quyền hoặc đề nghị, yêu cầu cơ quan có thẩm quyền áp dụng biện pháp bảo vệ cần thiết?",1.0,0.5,1.0,0.9433379817995564,0.9999999999666667,1.0,0.62,"Luật Tố Cáo (25/2018/QH14) > Chương VI. BẢO VỆ NGƯỜI TỐ CÁO > Mục 2. TRÌNH TỰ, THỦ TỤC BẢO VỆ > Điều 51. Xem xét, quyết định bảo vệ người tố cáo:
Điều 51. Xem xét, quyết định bảo vệ người tố cáo
1. Khi nhận được đề nghị áp dụng biện pháp bảo vệ và xét thấy đề nghị bảo vệ là có căn cứ, có tính xác thực hoặc trong quá trình giải quyết tố cáo, người giải quyết tố cáo thấy có căn cứ quy định tại khoản 3 Điều 47 của Luật này thì người giải quyết tố cáo kịp thời quyết định áp dụng biện pháp bảo vệ theo thẩm quyền hoặc đề nghị, yêu cầu cơ quan có thẩm quyền áp dụng biện pháp bảo vệ cần thiết.
2. Khi nhận được yêu cầu hoặc đề nghị của người giải quyết tố cáo, cơ quan có thẩm quyền xem xét, quyết định việc áp dụng biện pháp bảo vệ.
3. Trường hợp đề nghị của người tố cáo không có căn cứ hoặc xét thấy không cần thiết áp dụng biện pháp bảo vệ, cơ quan có thẩm quyền áp dụng biện pháp bảo vệ phải thông báo bằng văn bản và nêu rõ lý do cho người tố cáo hoặc gửi thông báo cho người giải quyết tố cáo để giải thích rõ lý do cho người tố cáo.

Luật Tố Cáo (25/2018/QH14) > Chương VI. BẢO VỆ NGƯỜI TỐ CÁO > Mục 1. QUY ĐỊNH CHUNG > Điều 47. Người được bảo vệ, phạm vi bảo vệ > Khoản 3:
3. Khi có căn cứ về việc vị trí công tác, việc làm, tính mạng, sức khỏe, tài sản, danh dự, nhân phẩm của người quy định tại khoản 1 Điều này đang bị xâm hại hoặc có nguy cơ bị xâm hại ngay tức khắc hay họ bị trù dập, phân biệt đối xử do việc tố cáo, người giải quyết tố cáo, cơ quan khác có thẩm quyền tự quyết định hoặc theo đề nghị của người tố cáo quyết định việc áp dụng biện pháp bảo vệ cần thiết.","Người giải quyết tố cáo kịp thời quyết định áp dụng biện pháp bảo vệ theo thẩm quyền hoặc đề nghị, yêu cầu cơ quan có thẩm quyền áp dụng biện pháp bảo vệ cần thiết khi:
* Nhận được đề nghị áp dụng biện pháp bảo vệ và xét thấy đề nghị bảo vệ là có căn cứ, có tính xác thực [C2].
* Trong quá trình giải quyết tố cáo, người giải quyết tố cáo thấy có căn cứ về việc vị trí công tác, việc làm, tính mạng, sức khỏe, tài sản, danh dự, nhân phẩm của người được bảo vệ đang bị xâm hại hoặc có nguy cơ bị xâm hại ngay tức khắc hay họ bị trù dập, phân biệt đối xử do việc tố cáo [C1], [C2].",175.2164890003769,1009.3636809997406,"[""chunk:luat-25-2018-qh14:dieu-luat-25-2018-qh14-51:article:10069"", ""chunk:luat-25-2018-qh14:khoan-luat-25-2018-qh14-47-3:clause:10042""]","[""chunk:luat-25-2018-qh14:khoan-luat-25-2018-qh14-47-3:clause:10042"", ""chunk:luat-25-2018-qh14:khoan-luat-25-2018-qh14-51-1:clause:10070"", ""chunk:luat-25-2018-qh14:dieu-luat-25-2018-qh14-51:article:10069"", ""chunk:luat-25-2018-qh14:dieu-luat-25-2018-qh14-50:article:10061""]",,0.9126675963532446
q0094,graphrag,multi_hop_abstract,"Việc xác định thời gian công tác liên tục, thời gian công tác thực tế để tính hưởng bảo hiểm xã hội của người lao động có thời gian công tác gián đoạn hoặc đã nghỉ việc trước ngày 01 tháng 01 năm 1995 được thực hiện theo các văn bản quy định trước đây về tính thời gian công tác trước ngày 01 tháng 01 năm 1995 để hưởng bảo hiểm xã hội, trừ các quy định tại Điều 2 của Nghị định số 158/2025/NĐ-CP?",0.0,0.0,1.0,0.0,0.0,0.5,0.0,"NGHỊ ĐỊNH Quy định chi tiết và hướng dẫn thi hành một số điều của Luật Bảo hiểm xã hội về bảo hiểm xã hội bắt buộc (158/2025/NĐ-CP) > Chương VI. QUY ĐỊNH CHUYỂN TIẾP > Điều 34. Tính thời gian công tác trước ngày 01 tháng 01 năm 1995 để hưởng bảo hiểm xã hội > Khoản 1 > Điểm b:
b) Người lao động có thời gian công tác gián đoạn hoặc đã nghỉ việc trước ngày 01 tháng 01 năm 1995 thì việc xác định thời gian công tác liên tục, thời gian công tác thực tế để tính hưởng bảo hiểm xã hội được thực hiện theo các văn bản quy định trước đây về tính thời gian công tác trước ngày 01 tháng 01 năm 1995 để hưởng bảo hiểm xã hội, trừ quy định tại Điều 3 của Nghị định số 66/CP ngày 30 tháng 9 năm 1993 của Chính phủ quy định tạm thời chế độ bảo hiểm xã hội đối với lực lượng vũ trang; Điều 3 của Nghị định số 43/CP ngày 22 tháng 6 năm 1993 của Chính phủ quy định tạm thời chế độ bảo hiểm xã hội; Điều 54 của Điều lệ bảo hiểm xã hội ban hành kèm theo Nghị định số 12/CP ngày 26 tháng 01 năm 1995 của Chính phủ; Điều 49 Điều lệ Bảo hiểm xã hội đối với sỹ quan, quân nhân chuyên nghiệp, hạ sỹ quan, binh sỹ Quân đội nhân dân và Công an nhân dân ban hành kèm theo Nghị định số 45/CP ngày 15 tháng 7 năm 1995 của Chính phủ; khoản4Điều 139 của Luật Bảo hiểm xã hội năm 2006; khoản 6 Điều 123 của Luật Bảo hiểm xã hội năm 2014; Điều 23 của Nghị định số 115/2015/NĐ-CP ngày 11 tháng 11 năm 2015 của Chính phủ quy định chi tiết một số điều của Luật Bảo hiểm xã hội về bảo hiểm xã hội bắt buộc; các khoản 7, 8 và 9 Điều 38 của Nghị định số 33/2023/NĐ-CP ngày 10 tháng 6 năm 2023 của Chính phủ quy định về cán bộ, công chức cấp xã và người hoạt động không chuyên trách ở cấp xã, ở thôn, tổ dân phố; khoản 2 và khoản 3 Điều 16 của Nghị định số 92/2009/NĐ-CP ngày 22 tháng 10 năm 2009 của Chính phủ về chức danh, số lượng, một số chế độ, chính sách đối với cán bộ, công chức ở xã, phường, thị trấn và những người

NGHỊ ĐỊNH Quy định chi tiết và hướng dẫn thi hành một số điều của Luật Bảo hiểm xã hội về bảo hiểm xã hội bắt buộc (158/2025/NĐ-CP) > Chương I. NHỮNG QUY ĐỊNH CHUNG > Điều 2. Đối tượng áp dụng:
Điều 2. Đối tượng áp dụng
1. Người lao động quy định tại các điểm a, b, c, g, h, i, k, l, m và n khoản 1 và khoản 2 Điều 2 của Luật Bảo hiểm xã hội.
2. Người thụ hưởng chế độ bảo hiểm xã hội theo quy định của Luật Bảo hiểm xã hội.
3. Người sử dụng lao động quy định tại khoản 3 Điều 2 của Luật Bảo hiểm xã hội.
4. Cơ quan, tổ chức, cá nhân khác có liên quan đến bảo hiểm xã hội bắt buộc.","Ngữ cảnh được cung cấp không chứa thông tin về việc xác định thời gian công tác liên tục, thời gian công tác thực tế để tính hưởng bảo hiểm xã hội của người lao động có thời gian công tác gián đoạn hoặc đã nghỉ việc trước ngày 01 tháng 01 năm 1995. Do đó, không thể trả lời câu hỏi dựa trên ngữ cảnh này.",179.4118409998191,1009.3636809997406,"[""chunk:nghi-ddinh-158-2025-ndd-cp:diem-nghi-ddinh-158-2025-ndd-cp-34-1-b:point:25919"", ""chunk:nghi-ddinh-158-2025-ndd-cp:dieu-nghi-ddinh-158-2025-ndd-cp-2:article:25617""]","[""chunk:nghi-ddinh-158-2025-ndd-cp:dieu-nghi-ddinh-158-2025-ndd-cp-3:article:25622"", ""chunk:bo-luat-45-2019-qh14:dieu-bo-luat-45-2019-qh14-54:article:2327"", ""chunk:bo-luat-45-2019-qh14:dieu-bo-luat-45-2019-qh14-49:article:2299"", ""chunk:luat-41-2024-qh15:dieu-luat-41-2024-qh15-139:article:11570""]",,0.3
q0095,graphrag,multi_hop_abstract,Hồ sơ đề nghị hưởng trợ cấp mai táng đối với trường hợp chỉ hưởng trợ cấp mai táng theo quy định tại Điều 112 Luật Bảo hiểm xã hội 2024 bao gồm những giấy tờ gì?,1.0,0.5,1.0,0.9999999999999996,0.8333333332916666,1.0,0.62,"LUẬT Bảo hiểm xã hội (41/2024/QH15) > Chương VI. BẢO HIỂM XÃ HỘI TỰ NGUYỆN > Mục 3. CHẾ ĐỘ TỬ TUẤT > Điều 112. Hồ sơ đề nghị và giải quyết hưởng chế độ tử tuất:
Điều 112. Hồ sơ đề nghị và giải quyết hưởng chế độ tử tuất
1. Hồ sơ đề nghị hưởng chế độ tử tuất được quy định như sau:
a) Hồ sơ đề nghị hưởng chế độ tử tuất đối với thân nhân của người đang tham gia bảo hiểm xã hội hoặc đang bảo lưu thời gian đóng bảo hiểm xã hội được thực hiện theo quy định tại các điểm a, b và c khoản 1 Điều 90 của Luật này;
b) Hồ sơ đề nghị hưởng chế độ tử tuất đối với thân nhân của người đang hưởng hoặc đang tạm dừng hưởng lương hưu thực hiện theo quy định tại điểm a và điểm b khoản 2 Điều 90 của Luật này;
c) Hồ sơ đối với trường hợp chỉ hưởng trợ cấp mai táng thực hiện theo quy định tại khoản 3 Điều 90 của Luật này.
2. Việc giải quyết hưởng chế độ tử tuất thực hiện như sau:
a) Trong thời hạn 90 ngày kể từ ngày người đang bảo lưu thời gian đóng bảo hiểm xã hội, người tham gia bảo hiểm xã hội tự nguyện, người đang hưởng lương hưu hoặc đang tạm dừng hưởng lương hưu chết thì thân nhân nộp hồ sơ cho cơ quan bảo hiểm xã hội;
b) Trong thời hạn 10 ngày làm việc kể từ ngày nhận đủ hồ sơ theo quy định, cơ quan bảo hiểm xã hội có trách nhiệm giải quyết; trường hợp không giải quyết thì phải trả lời bằng văn bản và nêu rõ lý do.

LUẬT Bảo hiểm xã hội (41/2024/QH15) > Chương V. BẢO HIỂM XÃ HỘI BẮT BUỘC > Mục 4. CHẾ ĐỘ TỬ TUẤT > Điều 90. Hồ sơ đề nghị hưởng chế độ tử tuất > Khoản 3:
3. Hồ sơ đề nghị hưởng trợ cấp mai táng đối với trường hợp chỉ hưởng trợ cấp mai táng bao gồm:
a) Sổ bảo hiểm xã hội, trừ trường hợp người đang hưởng lương hưu, trợ cấp hằng tháng;
b) Bản sao giấy chứng tử hoặc trích lục khai tử hoặc bản sao giấy báo tử hoặc bản sao quyết định của Tòa án tuyên bố là đã chết;
c) Tờ khai của tổ chức, cá nhân lo mai táng.","Hồ sơ đề nghị hưởng trợ cấp mai táng đối với trường hợp chỉ hưởng trợ cấp mai táng theo quy định tại Điều 112 Luật Bảo hiểm xã hội 2024 bao gồm các giấy tờ sau:
* Sổ bảo hiểm xã hội, trừ trường hợp người đang hưởng lương hưu, trợ cấp hằng tháng [C1].
* Bản sao giấy chứng tử hoặc trích lục khai tử hoặc bản sao giấy báo tử hoặc bản sao quyết định của Tòa án tuyên bố là đã chết [C1].
* Tờ khai của tổ chức, cá nhân lo mai táng [C1].

Việc này được quy định tại khoản 3 Điều 90 của Luật Bảo hiểm xã hội 2024, và Điều 112 dẫn chiếu đến quy định này cho trường hợp chỉ hưởng trợ cấp mai táng [C2], [C3].",182.99060200024542,8161.794585500047,"[""chunk:luat-41-2024-qh15:dieu-luat-41-2024-qh15-112:article:11391"", ""chunk:luat-41-2024-qh15:khoan-luat-41-2024-qh15-90-3:clause:11275""]","[""chunk:luat-41-2024-qh15:khoan-luat-41-2024-qh15-90-3:clause:11275"", ""chunk:luat-41-2024-qh15:khoan-luat-41-2024-qh15-112-1:clause:11392"", ""chunk:luat-41-2024-qh15:dieu-luat-41-2024-qh15-112:article:11391"", ""chunk:luat-41-2024-qh15:dieu-luat-41-2024-qh15-90:article:11263""]",,0.8906666666583332
q0096,graphrag,multi_hop_abstract,"Việc bảo vệ dữ liệu cá nhân đối với các thông tin sức khỏe và trong hoạt động kinh doanh bảo hiểm có cần sự đồng ý của chủ thể dữ liệu cá nhân trong quá trình thu thập, xử lý dữ liệu cá nhân không?",1.0,0.5,1.0,0.9429362076622414,0.5833333333041666,1.0,0.57,"Luật Bảo Vệ Dữ Liệu Cá Nhân (91/2025/QH15) > Chương II. BẢO VỆ DỮ LIỆU CÁ NHÂN > Mục 2. BẢO VỆ DỮ LIỆU CÁ NHÂN TRONG MỘT SỐ HOẠT ĐỘNG > Điều 26. Bảo vệ dữ liệu cá nhân đối với thông tin sức khỏe và trong hoạt động kinh doanh bảo hiểm > Khoản 1:
1. Việc bảo vệ dữ liệu cá nhân đối với các thông tin sức khỏe và trong hoạt động kinh doanh bảo hiểm được quy định như sau:
a) Phải có sự đồng ý của chủ thể dữ liệu cá nhân trong quá trình thu thập, xử lý dữ liệu cá nhân, trừ trường hợp quy định tại khoản 1 Điều 19 của Luật này;
b) Áp dụng đầy đủ quy định về bảo vệ dữ liệu cá nhân, quy định khác của pháp luật có liên quan.

Luật Bảo Vệ Dữ Liệu Cá Nhân (91/2025/QH15) > Chương II. BẢO VỆ DỮ LIỆU CÁ NHÂN > Mục 1. BẢO VỆ DỮ LIỆU CÁ NHÂN > Điều 19. Xử lý dữ liệu cá nhân trong trường hợp không cần sự đồng ý của chủ thể dữ liệu cá nhân > Khoản 1:
1. Các trường hợp xử lý dữ liệu cá nhân không cần sự đồng ý của chủ thể dữ liệu cá nhân bao gồm:
a) Để bảo vệ tính mạng, sức khỏe, danh dự, nhân phẩm, quyền, lợi ích hợp pháp của chủ thể dữ liệu cá nhân hoặc người khác trong trường hợp cấp bách; bảo vệ quyền hoặc lợi ích chính đáng của mình, của người khác hoặc lợi ích của Nhà nước, của cơ quan tổ chức một cách cần thiết trước hành vi xâm phạm lợi ích nói trên. Bên kiểm soát dữ liệu cá nhân, bên xử lý dữ liệu cá nhân, bên kiểm soát và xử lý dữ liệu cá nhân, bên thứ ba có trách nhiệm chứng minh trường hợp này;
b) Để giải quyết tình trạng khẩn cấp; nguy cơ đe dọa an ninh quốc gia nhưng chưa đến mức ban bố tình trạng khẩn cấp; phòng, chống bạo loạn, khủng bố, phòng, chống tội phạm và vi phạm pháp luật;
c) Phục vụ hoạt động của cơ quan nhà nước, hoạt động quản lý nhà nước theo quy định của pháp luật;
d) Thực hiện thỏa thuận của chủ thể dữ liệu cá nhân với cơ quan, tổ chức, cá nhân có liên quan theo quy định của pháp luật;
đ) Trường hợp khác theo quy định của pháp luật.","Việc bảo vệ dữ liệu cá nhân đối với các thông tin sức khỏe và trong hoạt động kinh doanh bảo hiểm **phải có sự đồng ý của chủ thể dữ liệu cá nhân** trong quá trình thu thập, xử lý dữ liệu cá nhân [C2], [C3].

Tuy nhiên, có những trường hợp ngoại lệ **không cần sự đồng ý** của chủ thể dữ liệu cá nhân, bao gồm:
*   Để bảo vệ tính mạng, sức khỏe, danh dự, nhân phẩm, quyền, lợi ích hợp pháp của chủ thể dữ liệu cá nhân hoặc người khác trong trường hợp cấp bách; bảo vệ quyền hoặc lợi ích chính đáng của mình, của người khác hoặc lợi ích của Nhà nước, của cơ quan tổ chức một cách cần thiết trước hành vi xâm phạm lợi ích nói trên [C1a].
*   Để giải quyết tình trạng khẩn cấp; nguy cơ đe dọa an ninh quốc gia nhưng chưa đến mức ban bố tình trạng khẩn cấp; phòng, chống bạo loạn, khủng bố, phòng, chống tội phạm và vi phạm pháp luật [C1b].
*   Phục vụ hoạt động của cơ quan nhà nước, hoạt động quản lý nhà nước theo quy định của pháp luật [C1c].
*   Thực hiện thỏa thuận của chủ thể dữ liệu cá nhân với cơ quan, tổ chức, cá nhân có liên quan theo quy định của pháp luật [C1d].
*   Trường hợp khác theo quy định của pháp luật [C1đ].",173.1183630004125,8161.794585500047,"[""chunk:luat-91-2025-qh15:khoan-luat-91-2025-qh15-26-1:clause:18712"", ""chunk:luat-91-2025-qh15:khoan-luat-91-2025-qh15-19-1:clause:18638""]","[""chunk:luat-91-2025-qh15:khoan-luat-91-2025-qh15-19-1:clause:18638"", ""chunk:luat-91-2025-qh15:dieu-luat-91-2025-qh15-26:article:18711"", ""chunk:luat-91-2025-qh15:khoan-luat-91-2025-qh15-26-1:clause:18712"", ""chunk:luat-91-2025-qh15:khoan-luat-91-2025-qh15-26-2:clause:18715""]",,0.8192539081932816
q0097,graphrag,multi_hop_abstract,"Người lao động là công dân nước ngoài làm việc tại Việt Nam được hưởng bảo hiểm xã hội một lần khi chấm dứt hợp đồng lao động hoặc giấy phép lao động, chứng chỉ hành nghề, giấy phép hành nghề hết hiệu lực mà không được gia hạn?",0.5,0.25,1.0,0.9364681770553767,0.3333333333,1.0,0.4,"Nghị Định Quy Định Chi Tiết Luật Bảo Hiểm Xã Hội Và Luật An Toàn, Vệ Sinh Lao Động Về Bảo Hiểm Xã Hội Bắt Buộc Đối Với Người Lao Động Là Công Dân Nước Ngoài Làm Việc Tại Việt Nam (143/2018/NĐ-CP) > Chương II. CÁC CHẾ ĐỘ BẢO HIỂM XÃ HỘI BẮT BUỘC > Điều 9. Chế độ hưu trí > Khoản 6:
6. Các trường hợp hưởng bảo hiểm xã hội một lần
Người lao động quy định tại khoản 1 Điều 2 của Nghị định này mà có yêu cầu thì được hưởng bảo hiểm xã hội một lần nếu thuộc một trong các trường hợp sau đây:
a) Đủ tuổi hưởng lương hưu theo quy định tại khoản 1 Điều này mà chưa đủ 20 năm đóng bảo hiểm xã hội;
b) Người đang bị mắc một trong những bệnh nguy hiểm đến tính mạng như ung thư, bại liệt, xơ gan cổ chướng, phong, lao nặng, nhiễm HIV đã chuyển sang giai đoạn AIDS và những bệnh khác theo quy định của Bộ Y tế;
c) Người lao động đủ điều kiện hưởng lương hưu theo quy định tại khoản 1 Điều này nhưng không tiếp tục cư trú tại Việt Nam;
d) Người lao động khi chấm dứt hợp đồng lao động hoặc giấy phép lao động, chứng chỉ hành nghề, giấy phép hành nghề hết hiệu lực mà không được gia hạn.

Nghị Định Quy Định Chi Tiết Luật Bảo Hiểm Xã Hội Và Luật An Toàn, Vệ Sinh Lao Động Về Bảo Hiểm Xã Hội Bắt Buộc Đối Với Người Lao Động Là Công Dân Nước Ngoài Làm Việc Tại Việt Nam (143/2018/NĐ-CP) > Chương I. QUY ĐỊNH CHUNG > Điều 2. Đối tượng áp dụng > Khoản 1:
1. Người lao động là công dân nước ngoài làm việc tại Việt Nam thuộc đối tượng tham gia bảo hiểm xã hội bắt buộc khi có giấy phép lao động hoặc chứng chỉ hành nghề hoặc giấy phép hành nghề do cơ quan có thẩm quyền của Việt Nam cấp và có hợp đồng lao động không xác định thời hạn, hợp đồng lao động xác định thời hạn từ đủ 01 năm trở lên với người sử dụng lao động tại Việt Nam.","Có. Người lao động là công dân nước ngoài làm việc tại Việt Nam được hưởng bảo hiểm xã hội một lần khi chấm dứt hợp đồng lao động hoặc giấy phép lao động, chứng chỉ hành nghề, giấy phép hành nghề hết hiệu lực mà không được gia hạn [C3].",165.6367959999443,1526.1170039998433,"[""chunk:nghi-ddinh-143-2018-ndd-cp:khoan-nghi-ddinh-143-2018-ndd-cp-9-6:clause:24102"", ""chunk:nghi-ddinh-143-2018-ndd-cp:khoan-nghi-ddinh-143-2018-ndd-cp-2-1:clause:24041""]","[""chunk:nghi-ddinh-158-2025-ndd-cp:dieu-nghi-ddinh-158-2025-ndd-cp-18:article:25764"", ""chunk:luat-41-2024-qh15:dieu-luat-41-2024-qh15-115:article:11405"", ""chunk:nghi-ddinh-143-2018-ndd-cp:khoan-nghi-ddinh-143-2018-ndd-cp-9-6:clause:24102"", ""chunk:luat-41-2024-qh15:dieu-luat-41-2024-qh15-75:article:11154""]",,0.7339603020710753
q0098,graphrag,multi_hop_abstract,Chủ tịch Ủy ban nhân dân cấp xã có quyền phạt tiền tối đa bao nhiêu đối với lĩnh vực hôn nhân và gia đình?,0.5,0.25,0.75,0.9999999999999996,0.0,1.0,0.33,"Luật Xử Lý Vi Phạm Hành Chính (15/2012/QH13) > Chương II. THẨM QUYỀN XỬ PHẠT VI PHẠM HÀNH CHÍNH > Điều 38. Thẩm quyền của Chủ tịch Ủy ban nhân dân > Khoản 1:
1. Chủ tịch Uỷ ban nhân dân cấp xã có quyền:
a) Phạt cảnh cáo;
b) Phạt tiền đến 10% mức tiền phạt tối đa đối với lĩnh vực tương ứng quy định tại Điều 24 của Luật này nhưng không quá 5.000.000 đồng;
c) Tịch thu tang vật, phương tiện vi phạm hành chính có giá trị không vượt quá mức xử phạt tiền được quy định tại điểm b khoản này;
d) Áp dụng biện pháp khắc phục hậu quả quy định tại các điểm a, b, c và đ khoản 1 Điều 28 của Luật này.

Luật Xử Lý Vi Phạm Hành Chính (15/2012/QH13) > Chương I. CÁC HÌNH THỨC XỬ PHẠT > Mục 1. CÁC HÌNH THỨC XỬ PHẠT > Điều 24. Mức phạt tiền tối đa trong các lĩnh vực:
Điều 24. Mức phạt tiền tối đa trong các lĩnh vực 1. Mức phạt tiền tối đa trong các lĩnh vực quản lý nhà nước đối với cá nhân được quy định như sau: a) Phạt tiền đến 30.000.000 đồng: hôn nhân và gia đình; bình đẳng giới; bạo lực gia đình; lưu trữ; tôn giáo; thi đua khen thưởng; hành chính tư pháp; dân số; vệ sinh môi trường; thống kê; b) Phạt tiền đến 40.000.000 đồng: an ninh trật tự, an toàn xã hội; phòng, chống tệ nạn xã hội; thi hành án dân sự; phá sản doanh nghiệp, hợp tác xã; giao thông đường bộ; giao dịch điện tử; bưu chính; c) Phạt tiền đến 50.000.000 đồng: phòng cháy, chữa cháy; cơ yếu; quản lý và bảo vệ biên giới quốc gia; bổ trợ tư pháp; y tế dự phòng; phòng, chống HIV/AIDS; giáo dục; văn hóa; thể thao; du lịch; quản lý khoa học, công nghệ; chuyển giao công nghệ; bảo vệ, chăm sóc trẻ em; bảo trợ, cứu trợ xã hội; phòng chống thiên tai; bảo vệ và kiểm dịch thực vật; quản lý và bảo tồn nguồn gen; sản xuất, kinh doanh giống vật nuôi, cây trồng; thú y; kế toán; kiểm toán độc lập; phí, lệ phí; quản lý tài sản công; hóa đơn; dự trữ quốc gia; điện lực; hóa chất; khí tượng thủy văn; đo đạc bản đồ; đăng ký kinh doanh; d) Phạt tiền đến 75.000.000 đồng: quốc phòng, an ninh quốc gia; lao động; dạy nghề; giao thông đường sắt; giao thông đường thủy nội địa; bảo hiểm y tế; bảo hiểm xã hội; đ) Phạt tiền đến 100.000.000 đồng: quản lý công trình thuỷ lợi; đê điều; khám bệnh, chữa bệnh; mỹ phẩm; dược, trang thiết bị y tế; sản xuất, kinh doanh thức ăn chăn nuôi, phân bón; quảng cáo; đặt cược và trò chơi có thưởng; quản lý lao động ngoài nước; giao thông hàng hải; giao thông hàng không dân dụng; quản lý và bảo vệ công trình giao thông; công nghệ thông tin; viễn thông; tần số vô tuyến điện; báo chí; xuất bản;","Chủ tịch Ủy ban nhân dân cấp xã có quyền phạt tiền tối đa 5.000.000 đồng đối với lĩnh vực hôn nhân và gia đình [C2].

Giải thích:
*   Theo Điều 24 của Luật Xử lý vi phạm hành chính, mức phạt tiền tối đa trong lĩnh vực hôn nhân và gia đình đối với cá nhân là 30.000.000 đồng [C1].
*   Theo điểm b khoản 1 Điều 38 của Luật Xử lý vi phạm hành chính, Chủ tịch Ủy ban nhân dân cấp xã có quyền phạt tiền đến 10% mức tiền phạt tối đa đối với lĩnh vực tương ứng nhưng không quá 5.000.000 đồng [C2].
*   10% của 30.000.000 đồng là 3.000.000 đồng.
*   Vì 3.000.000 đồng không vượt quá 5.000.000 đồng, nên mức phạt tiền tối đa mà Chủ tịch Ủy ban nhân dân cấp xã có thể áp dụng là 3.000.000 đồng. Tuy nhiên, quy định nêu rõ ""không quá 5.000.000 đồng"", tức là mức phạt tối đa mà Chủ tịch Ủy ban nhân dân cấp xã có thể áp dụng là 5.000.000 đồng, miễn là không vượt quá 10% mức phạt tối đa của lĩnh vực đó. Trong trường hợp này, 10% của 30.000.000 đồng là 3.000.000 đồng, nên mức phạt tối đa là 3.000.000 đồng. Nhưng câu hỏi là ""phạt tiền tối đa bao nhiêu"", và quy định là ""không quá 5.000.000 đồng"", nên mức tối đa mà Chủ tịch Ủy ban nhân dân cấp xã có thể phạt là 5.000.000 đồng.

Lưu ý: Các ngữ cảnh [C3] và [C4] liên quan đến lĩnh vực lao động, bảo hiểm xã hội, người lao động Việt Nam đi làm việc ở nước ngoài theo hợp đồng, không áp dụng cho lĩnh vực hôn nhân và gia đình.",170.6936389996372,1526.1170039998433,"[""chunk:luat-15-2012-qh13:khoan-luat-15-2012-qh13-38-1:clause:8085"", ""chunk:luat-15-2012-qh13:dieu-luat-15-2012-qh13-24:article:8030""]","[""chunk:luat-15-2012-qh13:dieu-luat-15-2012-qh13-24:article:8030"", ""chunk:luat-15-2012-qh13:dieu-luat-15-2012-qh13-38:article:8084"", ""chunk:nghi-ddinh-283-2026-ndd-cp:dieu-nghi-ddinh-283-2026-ndd-cp-55:article:27842"", ""chunk:nghi-ddinh-12-2022-ndd-cp:dieu-nghi-ddinh-12-2022-ndd-cp-48:article:23062""]",,0.6159999999999999
q0099,graphrag,multi_hop_abstract,"Cán bộ, công chức không được làm những việc nào liên quan đến đạo đức công vụ ngoài những việc không được làm quy định tại Luật phòng, chống tham nhũng và Luật thực hành tiết kiệm, chống lãng phí?",1.0,0.5,,0.9621437775052516,0.0,1.0,0.72,"Luật Cán Bộ, Công Chức Của Quốc Hội Khóa Xii, Kỳ Họp Thứ Tư (22/2008/QH12) > Chương II. NGHĨA VỤ, QUYỀN CỦA CÁN BỘ, CÔNG CHỨC > Mục 4. NHỮNG VIỆC CÁN BỘ, CÔNG CHỨC KHÔNG ĐƯỢC LÀM > Điều 20. Những việc khác cán bộ, công chức không được làm:
Điều 20. Những việc khác cán bộ, công chức không được làm
Ngoài những việc không được làm quy định tại Điều 18 và Điều 19 của Luật này, cán bộ, công chức còn không được làm những việc liên quan đến sản xuất, kinh doanh, công tác nhân sự quy định tại Luật phòng, chống tham nhũng, Luật thực hành tiết kiệm, chống lãng phí và những việc khác theo quy định của pháp luật và của cơ quan có thẩm quyền.

Luật Cán Bộ, Công Chức Của Quốc Hội Khóa Xii, Kỳ Họp Thứ Tư (22/2008/QH12) > Chương II. NGHĨA VỤ, QUYỀN CỦA CÁN BỘ, CÔNG CHỨC > Mục 4. NHỮNG VIỆC CÁN BỘ, CÔNG CHỨC KHÔNG ĐƯỢC LÀM > Điều 18. Những việc cán bộ, công chức không được làm liên quan đến đạo đức công vụ:
Điều 18. Những việc cán bộ, công chức không được làm liên quan đến đạo đức công vụ
1. Trốn tránh trách nhiệm, thoái thác nhiệm vụ được giao; gây bè phái, mất đoàn kết; tự ý bỏ việc hoặc tham gia đình công.
2. Sử dụng tài sản của Nhà nước và của nhân dân trái pháp luật.
3. Lợi dụng, lạm dụng nhiệm vụ, quyền hạn; sử dụng thông tin liên quan đến công vụ để vụ lợi.
4. Phân biệt đối xử dân tộc, nam nữ, thành phần xã hội, tín ngưỡng, tôn giáo dưới mọi hình thức.","Ngoài những việc không được làm quy định tại Luật phòng, chống tham nhũng và Luật thực hành tiết kiệm, chống lãng phí, cán bộ, công chức không được làm những việc liên quan đến đạo đức công vụ sau đây:

*   Trốn tránh trách nhiệm, thoái thác nhiệm vụ được giao; gây bè phái, mất đoàn kết; tự ý bỏ việc hoặc tham gia đình công [C3].
*   Sử dụng tài sản của Nhà nước và của nhân dân trái pháp luật [C3].
*   Lợi dụng, lạm dụng nhiệm vụ, quyền hạn; sử dụng thông tin liên quan đến công vụ để vụ lợi [C3].
*   Phân biệt đối xử dân tộc, nam nữ, thành phần xã hội, tín ngưỡng, tôn giáo dưới mọi hình thức [C3].

Hoặc theo quy định mới hơn:

*   Trốn tránh, thoái thác, né tránh, đùn đẩy trong việc thực hiện chức trách, nhiệm vụ được giao; gây bè phái, mất đoàn kết; tự ý nghỉ việc, bỏ việc; tham gia đình công; đăng tải, phát tán, phát ngôn thông tin sai lệch làm ảnh hưởng đến hình ảnh, uy tín của đất nước, địa phương, cơ quan, tổ chức, đơn vị nơi công tác [C4].
*   Có hành vi tham ô, tham nhũng, tiêu cực, lãng phí, trục lợi, nhũng nhiễu và các hành vi khác vi phạm pháp luật đối với người dân, doanh nghiệp, cơ quan, tổ chức, cá nhân khác có liên quan trong quá trình thực hiện nhiệm vụ [C4].
*   Sử dụng tài sản công của Nhà nước và tài sản của Nhân dân trái pháp luật [C4].
*   Lợi dụng, lạm dụng nhiệm vụ, quyền hạn, sử dụng thông tin liên quan đến công vụ để trục lợi [C4].
*   Có hành vi phân biệt đối xử dân tộc, giới tính, độ tuổi, khuyết tật, tôn giáo, tín ngưỡng, thành phần xã hội dưới mọi hình thức trong thi hành công vụ [C4].",164.67299599980834,1279.0579379998235,"[""chunk:luat-22-2008-qh12:dieu-luat-22-2008-qh12-20:article:8986"", ""chunk:luat-22-2008-qh12:dieu-luat-22-2008-qh12-18:article:8977""]","[""chunk:luat-22-2008-qh12:dieu-luat-22-2008-qh12-20:article:8986"", ""chunk:luat-80-2025-qh15:khoan-luat-80-2025-qh15-14-6:clause:17407"", ""chunk:luat-22-2008-qh12:dieu-luat-22-2008-qh12-18:article:8977"", ""chunk:luat-80-2025-qh15:dieu-luat-80-2025-qh15-14:article:17401""]","RuntimeError: Judge không trả được JSON hợp lệ: 1 validation error for NLIStatementOutput
statements
  Field required [type=missing, input_value={'statement': 'Cán bộ,...nhiệm.', 'verdict': 1}, input_type=dict]
    For further information visit https://errors.pydantic.dev/2.12/v/missing",0.6705359443763128
q0100,graphrag,multi_hop_abstract,Người sử dụng lao động có phải xác định nhu cầu sử dụng người lao động nước ngoài không nếu người lao động nước ngoài đó là người quản lý doanh nghiệp theo quy định tại khoản 24 Điều 4 Luật Doanh nghiệp?,0.5,0.25,1.0,0.0,0.3333333333,1.0,0.12,"NGHỊ ĐỊNH Quy định về người lao động nước ngoài làm việc tại Việt Nam và tuyển dụng, quản lý người lao động Việt Nam làm việc cho tổ chức, cá nhân nước ngoài tại Việt Nam (152/2020/NĐ-CP) > Chương I. NHỮNG QUY ĐỊNH CHUNG > Điều 3. Giải thích từ ngữ:
Điều 3. Giải thích từ ngữ 1. Người lao động nước ngoài di chuyển trong nội bộ doanh nghiệp là nhà quản lý, giám đốc điều hành, chuyên gia và lao động kỹ thuật của một doanh nghiệp nước ngoài đã thành lập hiện diện thương mại trên lãnh thổ Việt Nam, di chuyển tạm thời trong nội bộ doanh nghiệp sang hiện diện thương mại trên lãnh thổ Việt Nam và đã được doanh nghiệp nước ngoài tuyển dụng trước đó ít nhất 12 tháng liên tục. 2. Tình nguyện viên là người lao động nước ngoài làm việc tại Việt Nam theo hình thức tự nguyện và không hưởng lương để thực hiện điều ước quốc tế mà nước Cộng hòa xã hội chủ nghĩa Việt Nam là thành viên và có xác nhận của cơ quan đại diện ngoại giao nước ngoài hoặc tổ chức quốc tế tại Việt Nam. 3. Chuyên gia là người lao động nước ngoài thuộc một trong các trường hợp sau đây: a) Có bằng đại học trở lên hoặc tương đương và có ít nhất 3 năm kinh nghiệm làm việc trong chuyên ngành được đào tạo phù hợp với vị trí công việc mà người lao động nước ngoài dự kiến làm việc tại Việt Nam; b) Có ít nhất 5 năm kinh nghiệm và có chứng chỉ hành nghề phù hợp với vị trí công việc mà người lao động nước ngoài dự kiến làm việc tại Việt Nam; c) Trường hợp đặc biệt do Thủ tướng Chính phủ quyết định theo đề nghị của Bộ Lao động - Thương binh và Xã hội. 4. Nhà quản lý là người quản lý doanh nghiệp theo quy định tại khoản 24 Điều 4 Luật Doanh nghiệp hoặc là người đứng đầu, cấp phó của người đứng đầu của cơ quan, tổ chức. 5. Giám đốc điều hành là người đứng đầu và trực tiếp điều hành đơn vị trực thuộc cơ quan, tổ chức, doanh nghiệp. 6. Lao động kỹ thuật là người lao động nước ngoài thuộc một trong các trường hợp sau đây: a) Được đào tạo chuyên

NGHỊ ĐỊNH Quy định về người lao động nước ngoài làm việc tại Việt Nam và tuyển dụng, quản lý người lao động Việt Nam làm việc cho tổ chức, cá nhân nước ngoài tại Việt Nam (152/2020/NĐ-CP) > Chương II. CHẤP THUẬN NHU CẦU SỬ DỤNG NGƯỜI LAO ĐỘNG NƯỚC NGOÀI; NGƯỜI LAO ĐỘNG NƯỚC NGOÀI KHÔNG THUỘC DIỆN CẤP GIẤY PHÉP LAO ĐỘNG; CẤP, CẤP LẠI, GIA HẠN VÀ THU HỒI GIẤY PHÉP LAO ĐỘNG > Mục 1. CHẤP THUẬN NHU CẦU SỬ DỤNG NGƯỜI LAO ĐỘNG NƯỚC NGOÀI > Điều 4. Sử dụng người lao động nước ngoài:
Điều 4. Sử dụng người lao động nước ngoài 1. Xác định nhu cầu sử dụng người lao động nước ngoài a) Trước ít nhất 30 ngày kể từ ngày dự kiến sử dụng người lao động nước ngoài, người sử dụng lao động (trừ nhà thầu) có trách nhiệm xác định nhu cầu sử dụng người lao động nước ngoài đối với từng vị trí công việc mà người lao động Việt Nam chưa đáp ứng được và báo cáo giải trình với Bộ Lao động - Thương binh và Xã hội hoặc Ủy ban nhân dân tỉnh, thành phố trực thuộc trung ương (sau đây viết tắt là Ủy ban nhân dân cấp tỉnh) nơi người lao động nước ngoài dự kiến làm việc theo Mẫu số 01/PLI Phụ lục I ban hành kèm theo Nghị định này. Trong quá trình thực hiện nếu thay đổi nhu cầu sử dụng người lao động nước ngoài thì người sử dụng lao động phải báo cáo Bộ Lao động - Thương binh và Xã hội hoặc Ủy ban nhân dân cấp tỉnh theo mẫu số 02/PLI Phụ lục I ban hành kèm theo Nghị định này trước ít nhất 30 ngày kể từ ngày dự kiến sử dụng người lao động nước ngoài. b) Trường hợp người lao động nước ngoài quy định tại các khoản 3, 4 và 5 Điều 154 của Bộ luật Lao động và các khoản 1, 2, 8, 9, 10, 11, 12 và 13 Điều 7 Nghị định này thì người sử dụng lao động không phải thực hiện xác định nhu cầu sử dụng người lao động nước ngoài. 2. Bộ Lao động - Thương binh và Xã hội hoặc Ủy ban nhân dân cấp tỉnh có văn bản chấp thuận hoặc không chấp thuận về việc sử dụng người lao động nước ngoài đối với từng vị trí công việc theo Mẫu số 03/PLI Phụ lục I ban hành kèm theo Nghị định này trong thời hạn 10 ngày làm việc kể từ ngày nhận được báo cáo giải trình hoặc báo cáo giải trình thay đổi nhu cầu sử dụng người lao","Dựa trên ngữ cảnh được cung cấp, không có thông tin cụ thể nào quy định việc người sử dụng lao động có phải xác định nhu cầu sử dụng người lao động nước ngoài hay không nếu người lao động nước ngoài đó là người quản lý doanh nghiệp theo quy định tại khoản 24 Điều 4 Luật Doanh nghiệp.

Tuy nhiên, ngữ cảnh có đề cập đến các trường hợp người sử dụng lao động không phải thực hiện xác định nhu cầu sử dụng người lao động nước ngoài tại [C2], nhưng không liệt kê ""người quản lý doanh nghiệp theo quy định tại khoản 24 Điều 4 Luật Doanh nghiệp"" là một trong các trường hợp đó.

Do đó, với ngữ cảnh hiện có, không thể kết luận chính xác về trường hợp này.",176.48044499992466,1279.0579379998235,"[""chunk:nghi-ddinh-152-2020-ndd-cp:dieu-nghi-ddinh-152-2020-ndd-cp-3:article:25275"", ""chunk:nghi-ddinh-152-2020-ndd-cp:dieu-nghi-ddinh-152-2020-ndd-cp-4:article:25293""]","[""chunk:nghi-ddinh-70-2023-ndd-cp:dieu-nghi-ddinh-70-2023-ndd-cp-1:article:30114"", ""chunk:nghi-ddinh-152-2020-ndd-cp:dieu-nghi-ddinh-152-2020-ndd-cp-4:article:25293"", ""chunk:nghi-ddinh-152-2020-ndd-cp:dieu-nghi-ddinh-152-2020-ndd-cp-30:article:25488"", ""chunk:nghi-ddinh-70-2023-ndd-cp:khoan-nghi-ddinh-70-2023-ndd-cp-1-1:clause:30127""]",,0.49066666666
